{
"type": "FeatureCollection",
"name": "pop",
"crs": { "type": "name", "properties": { "name": "urn:ogc:def:crs:OGC:1.3:CRS84" } },
"features": [
{ "type": "Feature", "properties": { "fid": 1, "iso3_code": "HUN", "map_code": "HUN", "gaul0_code": 308, "gaul0_name": "Hungary", "gaul1_code": 3494, "gaul1_name": "Bacs Kiskun", "gaul2_code": 135913, "gaul2_name": "Bacsalmasi Jaras", "continent": "Europe", "disp_en": "Bacsalmasi Jaras, Bacs Kiskun, Hungary", "pop_class_median": 1.0, "pol_class_max": 3.0, "bivariate": 31, "sum_sum": 9562163.8030721173 }, "geometry": { "type": "MultiPolygon", "coordinates": [ [ [ [ 18.049752974220553, 45.773673060563397 ], [ 18.049487966496486, 45.773721837093262 ], [ 18.047892499939053, 45.774015499016116 ], [ 18.046554500290028, 45.774261498669318 ], [ 18.045574426318694, 45.774222649755529 ], [ 18.043287500717611, 45.774131998992743 ], [ 18.039011893484201, 45.774535516700837 ], [ 18.037952500207837, 45.774635498829184 ], [ 18.034384312286363, 45.775320910831397 ], [ 18.034160000683642, 45.775363999149363 ], [ 18.027055877226985, 45.777293779684214 ], [ 18.026566639738803, 45.777426677898973 ], [ 18.026300727296871, 45.777498909647022 ], [ 18.026241500644858, 45.777514999417747 ], [ 18.025977796038603, 45.777619706584233 ], [ 18.020294399067438, 45.779876387985098 ], [ 18.019630500647111, 45.780139999061703 ], [ 18.018904441087216, 45.780584462902766 ], [ 18.014383500598058, 45.783351998795808 ], [ 18.01269961359634, 45.78471035369995 ], [ 18.012676500120563, 45.784728999343884 ], [ 18.010134000683649, 45.787529999010417 ], [ 18.008019070423927, 45.78913781056167 ], [ 18.006988106516076, 45.789921570624074 ], [ 18.002954500549833, 45.792987998897104 ], [ 18.000557073450352, 45.794116121062245 ], [ 18.000263000537132, 45.794254498846158 ], [ 18.000032389183446, 45.794312151684551 ], [ 17.996770622766121, 45.7951275939634 ], [ 17.996067000391918, 45.795303498657574 ], [ 17.992020999969213, 45.795531999302511 ], [ 17.989971722916778, 45.795207299977108 ], [ 17.989443969263959, 45.795123680113875 ], [ 17.988868500281058, 45.79503249875097 ], [ 17.988291683214584, 45.794821846051434 ], [ 17.985641500754809, 45.793853999262751 ], [ 17.981782999985626, 45.791816498832532 ], [ 17.980663366521242, 45.791360660366365 ], [ 17.978945435683499, 45.79066123602729 ], [ 17.97754850076268, 45.790092499369507 ], [ 17.975668965350565, 45.789617624054245 ], [ 17.973123499949622, 45.788974499073959 ], [ 17.970103138549177, 45.788852701191274 ], [ 17.969255000517933, 45.78881849907458 ], [ 17.968601177202572, 45.788937501864211 ], [ 17.965917479707969, 45.789425966834926 ], [ 17.965496999886682, 45.789502499141122 ], [ 17.964561499913373, 45.789672998909907 ], [ 17.955525000478417, 45.792457498714668 ], [ 17.954621168332437, 45.792613623719888 ], [ 17.953493000301762, 45.792808498713327 ], [ 17.949070000480276, 45.7923734993376 ], [ 17.94821492597822, 45.792125498692883 ], [ 17.945216999964657, 45.791255999065243 ], [ 17.941550981992236, 45.790191994964744 ], [ 17.940839500442678, 45.789985498931685 ], [ 17.938384670516314, 45.788801102588877 ], [ 17.934861999981479, 45.787101499034975 ], [ 17.933423739414138, 45.786700000304904 ], [ 17.932991572003459, 45.786579358051029 ], [ 17.931213499903265, 45.786082998831375 ], [ 17.928858000096682, 45.785960998601354 ], [ 17.927700000654568, 45.785903998670733 ], [ 17.927247644363263, 45.78598716077903 ], [ 17.922285000052852, 45.786899498712955 ], [ 17.916476398566999, 45.789110675317602 ], [ 17.915528273011546, 45.789471601133584 ], [ 17.912089182769591, 45.790780768517664 ], [ 17.911642000278221, 45.790950999389224 ], [ 17.911090625931649, 45.791073498743003 ], [ 17.906148500552888, 45.792171499015581 ], [ 17.901208918456973, 45.791507423429039 ], [ 17.900785500550569, 45.791450499041332 ], [ 17.900604351010031, 45.791386701135536 ], [ 17.896843000404317, 45.790061998862313 ], [ 17.892137731271418, 45.787650390353349 ], [ 17.889394064284829, 45.786244168133976 ], [ 17.886899509504815, 45.784965623564744 ], [ 17.884053120155556, 45.783614232111233 ], [ 17.883026547637201, 45.783126842729757 ], [ 17.881572500370567, 45.78243649884547 ], [ 17.87668400066616, 45.779762498740411 ], [ 17.876343186388908, 45.779532859553967 ], [ 17.875588096713329, 45.779024085193555 ], [ 17.872007499946335, 45.776611499121486 ], [ 17.870443500667079, 45.774558998898726 ], [ 17.869817500577312, 45.772762498790428 ], [ 17.869906734008623, 45.771366725793825 ], [ 17.869932510377225, 45.770963539036075 ], [ 17.869978000784215, 45.770251999030677 ], [ 17.869644000670235, 45.768783498759603 ], [ 17.86910000076449, 45.768203165343778 ], [ 17.869095500556966, 45.768198363863519 ], [ 17.868843000604159, 45.767928998924276 ], [ 17.867309500033514, 45.76712399867364 ], [ 17.866981888703265, 45.767059555054516 ], [ 17.866913353168684, 45.767046073317715 ], [ 17.866679131936394, 45.767000000150006 ], [ 17.865972500430587, 45.766860999135929 ], [ 17.862106500214963, 45.767318498649956 ], [ 17.859926000384689, 45.768069999131342 ], [ 17.859107292667602, 45.768596354338399 ], [ 17.856502499890553, 45.77027099900755 ], [ 17.856291500052862, 45.770569999306019 ], [ 17.855513760951283, 45.771672478202333 ], [ 17.855436500194401, 45.771781999439895 ], [ 17.854495711308118, 45.773197848901759 ], [ 17.854360218549289, 45.773401760283036 ], [ 17.852815500734778, 45.775726498778965 ], [ 17.852924494070237, 45.776140404556202 ], [ 17.853749892743394, 45.77927487373654 ], [ 17.853934740296097, 45.779976839559652 ], [ 17.853946500730501, 45.780021498993108 ], [ 17.853244676100985, 45.781562077228216 ], [ 17.852610249363693, 45.782954708892817 ], [ 17.852537000482243, 45.783115498681411 ], [ 17.852447558408244, 45.783144515307299 ], [ 17.851262515452731, 45.783528962891467 ], [ 17.849519580764081, 45.784094400836125 ], [ 17.848892000565399, 45.78429799925334 ], [ 17.84431449991439, 45.784672499436397 ], [ 17.840042000737867, 45.785907498832103 ], [ 17.837399018250267, 45.787579348408201 ], [ 17.837364000448247, 45.787601498710274 ], [ 17.837297234779726, 45.787664961169185 ], [ 17.833130000349286, 45.791625999040775 ], [ 17.832285000052877, 45.793731499009652 ], [ 17.831976025373251, 45.798227251286733 ], [ 17.831948140994029, 45.798632914777272 ], [ 17.831784302503706, 45.801016473431559 ], [ 17.831667000331777, 45.802722999067214 ], [ 17.830784000081621, 45.805335999057263 ], [ 17.829509500663107, 45.807098499396375 ], [ 17.829141165332487, 45.807365909209409 ], [ 17.827655500600997, 45.808444499414293 ], [ 17.8269769998887, 45.808936998743604 ], [ 17.823541500639863, 45.810066498670096 ], [ 17.821922500622975, 45.810111998969603 ], [ 17.819746000077828, 45.809440498580273 ], [ 17.817188782336473, 45.808071025357663 ], [ 17.816896499973552, 45.807914499254821 ], [ 17.816252499952952, 45.806248498869138 ], [ 17.81615707199137, 45.806125727920005 ], [ 17.815286285433842, 45.805005432554765 ], [ 17.815204332913709, 45.804899999635268 ], [ 17.815029766410589, 45.80467541373946 ], [ 17.815027500119072, 45.804672499036656 ], [ 17.813176309539244, 45.804151731317404 ], [ 17.813151579082273, 45.804144774162182 ], [ 17.81213749994572, 45.803859499316502 ], [ 17.810259000552492, 45.80371499894818 ], [ 17.809510550571588, 45.803784621762929 ], [ 17.80872387130978, 45.803857802295852 ], [ 17.807722000469937, 45.8039509990395 ], [ 17.800742500566059, 45.805614499309797 ], [ 17.795048000564918, 45.808276998884423 ], [ 17.792899434761239, 45.809744695161612 ], [ 17.790810000281397, 45.811171999288433 ], [ 17.790792500373755, 45.811183998942511 ], [ 17.789173000333733, 45.813266498749954 ], [ 17.788916555954415, 45.813477578627442 ], [ 17.788065000499444, 45.814178499438242 ], [ 17.786632500089979, 45.815356998926461 ], [ 17.784232000006966, 45.816358999268573 ], [ 17.783279500148979, 45.81675649871363 ], [ 17.782004500707274, 45.816889498551632 ], [ 17.777976509208543, 45.817309228338388 ], [ 17.777710000516095, 45.817336999403096 ], [ 17.777465860661096, 45.817338123555601 ], [ 17.775357791329043, 45.817347836233751 ], [ 17.774345500044831, 45.8173524992186 ], [ 17.773747032699418, 45.817242868263804 ], [ 17.76983760062484, 45.816526715635575 ], [ 17.769659000662443, 45.816493999198883 ], [ 17.769522881076284, 45.816440182868291 ], [ 17.767869499977564, 45.815786498947773 ], [ 17.767802500485061, 45.81575999862514 ], [ 17.767471883620658, 45.815629176945095 ], [ 17.767299617583319, 45.815561012830528 ], [ 17.766573000443714, 45.815273498673207 ], [ 17.766249499914579, 45.814912499112609 ], [ 17.766206500629607, 45.814864498697773 ], [ 17.766051069001662, 45.814690862093641 ], [ 17.765237500010642, 45.813781999140076 ], [ 17.76503689903376, 45.813557915065758 ], [ 17.764481500221109, 45.812937498866631 ], [ 17.759403000747909, 45.814140998608252 ], [ 17.755572634369685, 45.815968330174485 ], [ 17.754988500419074, 45.816246998600263 ], [ 17.754963239362155, 45.816270381872812 ], [ 17.750139000714285, 45.820735998767418 ], [ 17.748566500144022, 45.822574999037158 ], [ 17.747944000215625, 45.823302999333976 ], [ 17.745546500270905, 45.827014498720246 ], [ 17.744439868305278, 45.827957739158308 ], [ 17.744100500138131, 45.828246998899999 ], [ 17.743068500211166, 45.828605499244418 ], [ 17.741397090403495, 45.828932779624097 ], [ 17.735956755899679, 45.829998058963326 ], [ 17.734808000588885, 45.830222999192131 ], [ 17.73392623690637, 45.830264701654755 ], [ 17.7286805750486, 45.830512793130993 ], [ 17.727545000201644, 45.83056649884503 ], [ 17.725285142395535, 45.830565427752447 ], [ 17.721529491692763, 45.830563648893417 ], [ 17.719317319538845, 45.83056260118326 ], [ 17.719101000211026, 45.83056249866047 ], [ 17.710990326742376, 45.831744876025368 ], [ 17.710646500635619, 45.831794998840223 ], [ 17.709984057318536, 45.831927268428785 ], [ 17.705698408254989, 45.832782976053693 ], [ 17.704650518207018, 45.832992206924928 ], [ 17.703712500131871, 45.833179498834909 ], [ 17.700767500120207, 45.836448499398841 ], [ 17.698688500473963, 45.837386998611237 ], [ 17.696099947654602, 45.83773706241567 ], [ 17.690386161692174, 45.838509766212781 ], [ 17.688257255068379, 45.838797667978156 ], [ 17.687996000215264, 45.83883299874401 ], [ 17.687276929286952, 45.838891611158999 ], [ 17.686830500427391, 45.838927998628208 ], [ 17.682857887381772, 45.837446197384224 ], [ 17.681318500748318, 45.836871999143625 ], [ 17.679602896456572, 45.836367938129911 ], [ 17.676407497308276, 45.835429099873124 ], [ 17.674736000266364, 45.834937998989631 ], [ 17.672799525177993, 45.834724661813823 ], [ 17.672380500459781, 45.834678498713799 ], [ 17.669214000126033, 45.835201499449681 ], [ 17.665966000530489, 45.836314998638329 ], [ 17.664788689046816, 45.836934984062395 ], [ 17.662175760103423, 45.838310981866471 ], [ 17.661155999949585, 45.8388479994357 ], [ 17.660442623528354, 45.839283132810408 ], [ 17.657091000449384, 45.841327498665294 ], [ 17.651317407772183, 45.848045053936119 ], [ 17.65104500042662, 45.84836199930686 ], [ 17.648639500113006, 45.854346999214783 ], [ 17.648683088453936, 45.855002095970121 ], [ 17.648734084510522, 45.855768530593252 ], [ 17.649136000526028, 45.861808998886261 ], [ 17.64803300002302, 45.866260499122802 ], [ 17.64666549991307, 45.868526499298582 ], [ 17.643183000295323, 45.872684498590786 ], [ 17.642480295229632, 45.873738295386033 ], [ 17.639837500700082, 45.877701498825274 ], [ 17.639302194540676, 45.878927031057742 ], [ 17.637785000477493, 45.882400498784023 ], [ 17.636839500042925, 45.884570999052414 ], [ 17.633617500747164, 45.890712498982737 ], [ 17.627834500262054, 45.898005998977794 ], [ 17.62357282442639, 45.902242580131031 ], [ 17.619310500179608, 45.906478999406318 ], [ 17.616255000468016, 45.908935499373854 ], [ 17.611570500278503, 45.911708998671486 ], [ 17.6078056009477, 45.912692973901642 ], [ 17.605119500464696, 45.913394999080083 ], [ 17.598409500398191, 45.916423999368192 ], [ 17.595665988994369, 45.91945558790519 ], [ 17.593652500462554, 45.921680498955993 ], [ 17.591812576589177, 45.922645558745728 ], [ 17.591442787954463, 45.922839517330033 ], [ 17.590104492428509, 45.923541467864538 ], [ 17.58754300020945, 45.924884999243488 ], [ 17.585368009626109, 45.926430890673146 ], [ 17.582095999930516, 45.92875649881347 ], [ 17.57644949135107, 45.932768617277986 ], [ 17.575578500647339, 45.933387499233788 ], [ 17.571203857372154, 45.935152910678369 ], [ 17.568857000050514, 45.936099999315559 ], [ 17.563141363283421, 45.937344972192705 ], [ 17.560871000496434, 45.937839498594087 ], [ 17.556463656972312, 45.938190067817516 ], [ 17.555980500699661, 45.93822849944587 ], [ 17.547956928369729, 45.936559192252957 ], [ 17.546776000712043, 45.936313499268749 ], [ 17.53483950064259, 45.934039998747039 ], [ 17.534711244728271, 45.934027100670335 ], [ 17.534441751185966, 45.933999999600474 ], [ 17.531599862943324, 45.9337142103426 ], [ 17.530668000727701, 45.933620499186816 ], [ 17.52915750031849, 45.933711998909814 ], [ 17.528804707071629, 45.933808861289947 ], [ 17.528515727918659, 45.933888202178878 ], [ 17.526699000258759, 45.934386998561195 ], [ 17.521405500763308, 45.936981998620467 ], [ 17.519665485274118, 45.937835023567516 ], [ 17.519407500355896, 45.937961498824279 ], [ 17.51331215363308, 45.939607623293341 ], [ 17.512909000150387, 45.939716498817404 ], [ 17.510651500366464, 45.939695498748335 ], [ 17.510498281970285, 45.939694074222245 ], [ 17.510381543673361, 45.939692987841113 ], [ 17.508793953378415, 45.939678220073858 ], [ 17.508394000582769, 45.939674498679267 ], [ 17.508326462396496, 45.939685524367576 ], [ 17.50314752124109, 45.940530943748115 ], [ 17.49836900052901, 45.941310998603853 ], [ 17.48773181846866, 45.941667994382556 ], [ 17.477094500610804, 45.942023999108358 ], [ 17.474363500575123, 45.94237149894559 ], [ 17.473720000577657, 45.942477499337201 ], [ 17.468908499927466, 45.943271499080481 ], [ 17.465355000632826, 45.944122498754382 ], [ 17.459991500607373, 45.945794999439727 ], [ 17.458436463971736, 45.946448719333034 ], [ 17.457177391523487, 45.946978019819881 ], [ 17.456421000528849, 45.947295999410983 ], [ 17.450258530207066, 45.949431709405928 ], [ 17.449255000118171, 45.94977949882491 ], [ 17.447906649272454, 45.949879685998837 ], [ 17.44154149064741, 45.950352638563402 ], [ 17.441341500310045, 45.950367498960929 ], [ 17.441134644548356, 45.950357788980909 ], [ 17.436857000350415, 45.950156999146202 ], [ 17.433092000295744, 45.949481998595502 ], [ 17.432936220630154, 45.949413096137505 ], [ 17.431402000601963, 45.948734499197826 ], [ 17.430815646225142, 45.948287894071086 ], [ 17.428382161707475, 45.94643439403211 ], [ 17.42832649996808, 45.946391999091588 ], [ 17.428135921036016, 45.945841528563733 ], [ 17.427836224662201, 45.944975885228928 ], [ 17.427641000731683, 45.944411998614896 ], [ 17.427568500086352, 45.942348498784384 ], [ 17.431145623671625, 45.939127577775537 ], [ 17.431586069341733, 45.93873099024313 ], [ 17.432254625350708, 45.938129008347119 ], [ 17.434673500381848, 45.9359509987396 ], [ 17.434680325336842, 45.935943209711525 ], [ 17.435112458573201, 45.935450055675688 ], [ 17.437534500117067, 45.932685999259604 ], [ 17.437528500739745, 45.930923498920492 ], [ 17.435831000700205, 45.928836998928489 ], [ 17.435764490439055, 45.928823951564254 ], [ 17.431240500348963, 45.927936498770521 ], [ 17.43008150445786, 45.927836543621652 ], [ 17.428568224244202, 45.927706034006292 ], [ 17.425331171196717, 45.927426861060894 ], [ 17.425071606169809, 45.927404475136484 ], [ 17.424782000189225, 45.927379499164601 ], [ 17.412260500121988, 45.930160498808164 ], [ 17.412042830012695, 45.930390448260709 ], [ 17.409628000132273, 45.932941499350704 ], [ 17.410770500658089, 45.934223999138339 ], [ 17.411695040593713, 45.935261826672104 ], [ 17.412088500284142, 45.935703499017393 ], [ 17.412079314608832, 45.935757863934384 ], [ 17.411504690988863, 45.939158731190673 ], [ 17.411426500332766, 45.939621498933207 ], [ 17.411130040618957, 45.939791523859924 ], [ 17.410807909757409, 45.939976273386378 ], [ 17.410783930234288, 45.93999002491978 ], [ 17.410733713889783, 45.940018824809044 ], [ 17.410709000519944, 45.940032999023742 ], [ 17.409822753717265, 45.939523326240646 ], [ 17.408934500526811, 45.939012498727891 ], [ 17.408746448689783, 45.938904291399979 ], [ 17.408003000738006, 45.938476499191211 ], [ 17.403646000362812, 45.935594999409886 ], [ 17.402407758011634, 45.934775853722783 ], [ 17.402021000069169, 45.934519999298516 ], [ 17.401967020961422, 45.934486420412043 ], [ 17.397226500202919, 45.931537499356239 ], [ 17.397164327371911, 45.931513571993946 ], [ 17.396195578563095, 45.931140750845032 ], [ 17.396020563298407, 45.931073397019759 ], [ 17.395074999911344, 45.930709498944339 ], [ 17.39213750024544, 45.930915998574562 ], [ 17.389497499909794, 45.931586998940929 ], [ 17.388615886414129, 45.932159647649655 ], [ 17.387735500493022, 45.932731498659734 ], [ 17.38716927833957, 45.933662775416792 ], [ 17.385458946773099, 45.936475788227199 ], [ 17.384933500780562, 45.937339998941923 ], [ 17.384935308417823, 45.937342610573012 ], [ 17.384937968612348, 45.937346455174804 ], [ 17.38631700072915, 45.939338999395488 ], [ 17.386493792154909, 45.939594567835115 ], [ 17.387525500701429, 45.94108599901972 ], [ 17.387543290190763, 45.941188715087208 ], [ 17.387577070525367, 45.941383760951965 ], [ 17.387611489378912, 45.941582495835632 ], [ 17.387733043545097, 45.94228434924338 ], [ 17.387817500677272, 45.942771999428317 ], [ 17.387417000194546, 45.94485849942032 ], [ 17.386835932932115, 45.945424234141228 ], [ 17.386584703721155, 45.945668835348613 ], [ 17.386047415455948, 45.946191945801729 ], [ 17.385920000407793, 45.946315999184208 ], [ 17.384357115388696, 45.947008165994134 ], [ 17.383508500716857, 45.947383998972555 ], [ 17.38340960047276, 45.947411470563054 ], [ 17.383176980033568, 45.947476087751284 ], [ 17.382712669953776, 45.947605063123206 ], [ 17.380583500728164, 45.948196498669574 ], [ 17.376421000329003, 45.948127499084876 ], [ 17.373317500202631, 45.947665499363382 ], [ 17.363577000678163, 45.943053998942901 ], [ 17.359046084908982, 45.941771629557138 ], [ 17.35608300043026, 45.940932999158747 ], [ 17.353233500325928, 45.940799499297441 ], [ 17.351891664169102, 45.94102446830459 ], [ 17.351888500354107, 45.941024998904709 ], [ 17.350191660416897, 45.941632847977644 ], [ 17.350165888545007, 45.941642080417694 ], [ 17.346813722275613, 45.942842907374313 ], [ 17.3464785791233, 45.942962963270247 ], [ 17.346437999913746, 45.942977499012443 ], [ 17.344818000750138, 45.943557998802703 ], [ 17.343790000108584, 45.944427499329777 ], [ 17.341936000046474, 45.947700499178666 ], [ 17.339712500031965, 45.953964999385278 ], [ 17.339208000149199, 45.955386999310747 ], [ 17.340674000304944, 45.957200499303724 ], [ 17.342122884563594, 45.958992747417369 ], [ 17.342875497506384, 45.959923716606227 ], [ 17.343075000411091, 45.96017049866964 ], [ 17.343703727245213, 45.96038959690253 ], [ 17.344220447116015, 45.960569661860518 ], [ 17.345276000287299, 45.96093749896653 ], [ 17.345689834118673, 45.960889093856736 ], [ 17.345738783318382, 45.9608833687725 ], [ 17.347998999953916, 45.960618998667883 ], [ 17.349429768269317, 45.959831822980391 ], [ 17.349548500362971, 45.959766498924864 ], [ 17.349569316071268, 45.959684930415222 ], [ 17.349726500477743, 45.95906899913507 ], [ 17.350038000453424, 45.957847998586374 ], [ 17.349079000295717, 45.956332998868902 ], [ 17.349600000040027, 45.954124498646877 ], [ 17.349828500684737, 45.953985780919083 ], [ 17.350047601615586, 45.953852769389812 ], [ 17.351026500172964, 45.953258499180436 ], [ 17.35344200004829, 45.952720498652241 ], [ 17.354089504726971, 45.952747115886666 ], [ 17.354233795553398, 45.952753046915689 ], [ 17.355303000433196, 45.952796998582699 ], [ 17.356092499969009, 45.953628999179102 ], [ 17.356188436946809, 45.953893255069715 ], [ 17.356211179902061, 45.953955900044946 ], [ 17.356321314477157, 45.954259261156153 ], [ 17.356559735543499, 45.954915982986279 ], [ 17.357210837510138, 45.956709422701806 ], [ 17.357228471416931, 45.956757995984788 ], [ 17.357239000679385, 45.956786999120823 ], [ 17.357436990025178, 45.9569110875766 ], [ 17.357670586228721, 45.957057492709282 ], [ 17.359710500439235, 45.958335998607595 ], [ 17.365375766178772, 45.958657269717378 ], [ 17.365899999885187, 45.958686998606254 ], [ 17.372953500503797, 45.957088498635471 ], [ 17.373633178428577, 45.957029807979382 ], [ 17.382345774438022, 45.956277461235914 ], [ 17.383735000369995, 45.956157498869629 ], [ 17.385200500502833, 45.956290998730765 ], [ 17.385534696669026, 45.956397858874254 ], [ 17.387824348115259, 45.957129981663456 ], [ 17.388195000099188, 45.95724849881924 ], [ 17.388435250386578, 45.957459161411293 ], [ 17.390562000436091, 45.959323999203377 ], [ 17.391128500479965, 45.961692998733099 ], [ 17.390859500665499, 45.962962998843352 ], [ 17.38935450050991, 45.96442049860724 ], [ 17.387320468764756, 45.965347426242829 ], [ 17.386425000313693, 45.965755499017177 ], [ 17.385883637220161, 45.965694322634988 ], [ 17.38384358811112, 45.965463791320985 ], [ 17.383821511553663, 45.965461294803106 ], [ 17.383049000211315, 45.965373999410701 ], [ 17.380413000060003, 45.963355998980319 ], [ 17.378790000758102, 45.962482499168061 ], [ 17.376137611361798, 45.961603089011476 ], [ 17.376074000514734, 45.961581999010093 ], [ 17.37576360940318, 45.961548581102193 ], [ 17.372900898257853, 45.961240366349955 ], [ 17.372539133374403, 45.961201416712129 ], [ 17.370346210309378, 45.960965315896601 ], [ 17.370125000468533, 45.960941499150863 ], [ 17.369834761365212, 45.960950892569713 ], [ 17.366679302008322, 45.9610530195813 ], [ 17.365545404396926, 45.961089718215987 ], [ 17.36530500032552, 45.961097499150299 ], [ 17.362049000361139, 45.96175399884811 ], [ 17.361298864151252, 45.962185292117624 ], [ 17.360204500737154, 45.962814499189847 ], [ 17.359910690426148, 45.963262232066427 ], [ 17.359283500533252, 45.964217999161406 ], [ 17.35941108825125, 45.966515501689173 ], [ 17.359421000578891, 45.96669399912895 ], [ 17.35959089240589, 45.966892422847081 ], [ 17.360466000205804, 45.967914498755306 ], [ 17.361828000062189, 45.968677498867635 ], [ 17.361958010553792, 45.968796064586797 ], [ 17.362485929681952, 45.969277515744864 ], [ 17.365196500718014, 45.971749499340092 ], [ 17.366164500391505, 45.973195998596509 ], [ 17.366898888572848, 45.974294104988985 ], [ 17.367307587275491, 45.974905217701746 ], [ 17.367326500017953, 45.974933498682162 ], [ 17.367962000546072, 45.97710749911198 ], [ 17.369618609311431, 45.978648212245389 ], [ 17.370320772086131, 45.979301252251105 ], [ 17.373700999901303, 45.982444998837707 ], [ 17.37460900040503, 45.986617998821714 ], [ 17.374401421588516, 45.98805615866479 ], [ 17.374386000013942, 45.988162999023245 ], [ 17.374366524295795, 45.988191575880592 ], [ 17.373422306294458, 45.989577033653234 ], [ 17.37334600061746, 45.989688999248074 ], [ 17.373279559604043, 45.989726522561057 ], [ 17.372165000114705, 45.990355999429937 ], [ 17.370813500742599, 45.991114999357706 ], [ 17.367408500202203, 45.991798499401341 ], [ 17.364379999937057, 45.991637999194438 ], [ 17.363339788300777, 45.991109681666558 ], [ 17.363140664010587, 45.99100854840583 ], [ 17.363081500311011, 45.990978499358334 ], [ 17.362175000775665, 45.990157999292421 ], [ 17.361959364033453, 45.989668706945338 ], [ 17.361402094631103, 45.988404228672323 ], [ 17.361381500156142, 45.988357498999562 ], [ 17.361380238407378, 45.988322111576224 ], [ 17.361282572932396, 45.985582499632699 ], [ 17.361204391269666, 45.98338944256875 ], [ 17.361185000087858, 45.982845499320433 ], [ 17.361045776941239, 45.982209720901949 ], [ 17.360025500576512, 45.977550498856601 ], [ 17.35814650026083, 45.975417999441163 ], [ 17.357507055306428, 45.975105360923749 ], [ 17.357085999919036, 45.974899498912919 ], [ 17.35697794547599, 45.974889504746898 ], [ 17.35444250032117, 45.974654999328777 ], [ 17.351657179435392, 45.975235491025273 ], [ 17.35149400014808, 45.975269498888281 ], [ 17.351178060219468, 45.975441105722496 ], [ 17.351021881254951, 45.975525936972588 ], [ 17.350257500683142, 45.97594111888759 ], [ 17.349571000501442, 45.976313999391664 ], [ 17.349288230267746, 45.976578795774856 ], [ 17.348627000136105, 45.977197998788711 ], [ 17.343213598528791, 45.983585366171781 ], [ 17.342935500273256, 45.98391349910878 ], [ 17.342934805996606, 45.983919002959681 ], [ 17.342923016783971, 45.984012464104126 ], [ 17.342025500576483, 45.991126999011783 ], [ 17.342013916409257, 45.991158852998808 ], [ 17.34181886245068, 45.991695211365084 ], [ 17.341436000371232, 45.992747999121036 ], [ 17.341188443092165, 45.993070671374426 ], [ 17.34107933374429, 45.993212888364269 ], [ 17.340573586501989, 45.993872089625313 ], [ 17.340417991197342, 45.994074895739971 ], [ 17.33993150023872, 45.994708998721421 ], [ 17.339610628427806, 45.994857268148564 ], [ 17.339121481771144, 45.995083292959691 ], [ 17.337455321306095, 45.995853190872253 ], [ 17.337443038365564, 45.995858867392997 ], [ 17.337373500086926, 45.995890999270273 ], [ 17.335665000439576, 45.996211498761738 ], [ 17.335039821430769, 45.996094976302174 ], [ 17.334771220015853, 45.996044912842478 ], [ 17.333128896081803, 45.995738809698366 ], [ 17.332205634982188, 45.995566728921574 ], [ 17.331493500524687, 45.995433998880003 ], [ 17.331070814666418, 45.995087250875997 ], [ 17.330573436514953, 45.994679229363101 ], [ 17.328379204037105, 45.992879203912253 ], [ 17.32829850067526, 45.992812999420437 ], [ 17.328282615950116, 45.992782615825206 ], [ 17.327500000724513, 45.991285633125642 ], [ 17.327427000056048, 45.991145998988657 ], [ 17.327499500701549, 45.990375499429945 ], [ 17.327500000724513, 45.990373991266779 ], [ 17.327820736737692, 45.989406890016141 ], [ 17.327860000238957, 45.989288498765347 ], [ 17.327949647358366, 45.989186344774112 ], [ 17.329078500672324, 45.987899998586158 ], [ 17.330063109924765, 45.987150431647137 ], [ 17.330555635334349, 45.986775480903816 ], [ 17.330917500042688, 45.986499998776026 ], [ 17.331394252243058, 45.98646724726575 ], [ 17.331394822413301, 45.986467207695625 ], [ 17.334200000329929, 45.986274499168985 ], [ 17.335455759675654, 45.985092262098249 ], [ 17.336651000043673, 45.983966998878032 ], [ 17.336760871117349, 45.983135999227102 ], [ 17.336792479589292, 45.982896930648963 ], [ 17.337070330531333, 45.980795420072752 ], [ 17.337115999903631, 45.980449998568758 ], [ 17.336986154887313, 45.980162798274591 ], [ 17.336391500667389, 45.978847499312792 ], [ 17.335294779230708, 45.97722152505338 ], [ 17.331814000016152, 45.972060999315772 ], [ 17.331263737231836, 45.97155970101943 ], [ 17.329004499957762, 45.969501499094974 ], [ 17.328729684227596, 45.969355831406574 ], [ 17.324133620670125, 45.966919654318758 ], [ 17.323819146636481, 45.966752964977502 ], [ 17.323673000508734, 45.966675499175039 ], [ 17.313266999972086, 45.966212999430354 ], [ 17.313052132150233, 45.96634228416923 ], [ 17.312500000574573, 45.966674499128942 ], [ 17.312143194552903, 45.966889456883109 ], [ 17.309271837325525, 45.968619310932638 ], [ 17.308914510596253, 45.968834583449393 ], [ 17.308910500519175, 45.96883699902844 ], [ 17.308909330501308, 45.968840086400917 ], [ 17.308650241215844, 45.969523938978682 ], [ 17.308572843761851, 45.969728226276686 ], [ 17.308439000359726, 45.970081498862271 ], [ 17.30844097167369, 45.970206317567545 ], [ 17.30846200052099, 45.97153799857989 ], [ 17.308657721776513, 45.971879787722173 ], [ 17.309004000334539, 45.972484499060556 ], [ 17.310359999914169, 45.973590998825614 ], [ 17.310943625747882, 45.973913666582519 ], [ 17.311580000416768, 45.974265499353407 ], [ 17.3178616443995, 45.977737122570204 ], [ 17.317939856639214, 45.977780349383806 ], [ 17.318107500161034, 45.977872999339638 ], [ 17.321126531464415, 45.982025804147725 ], [ 17.321823220065596, 45.982984129813872 ], [ 17.323292000025845, 45.985004499058562 ], [ 17.323881000207962, 45.986324498776639 ], [ 17.323084462577981, 45.988707025908639 ], [ 17.323038000003748, 45.98884599904369 ], [ 17.32287967345826, 45.988972711721374 ], [ 17.321434801974647, 45.990129070800094 ], [ 17.321164999964765, 45.990344998922751 ], [ 17.32092366959165, 45.990429476738996 ], [ 17.319535771059066, 45.990915307595401 ], [ 17.31858250048208, 45.991248999241975 ], [ 17.317020500395813, 45.991401499079984 ], [ 17.31599050056127, 45.991106998988812 ], [ 17.314434000728568, 45.990661499128919 ], [ 17.314299114112941, 45.990581471157952 ], [ 17.312097149264048, 45.989275036813638 ], [ 17.311985000207642, 45.989208498673463 ], [ 17.311922870544095, 45.989101498235641 ], [ 17.310775500189266, 45.987125498842886 ], [ 17.310815788917694, 45.986892822645814 ], [ 17.310884500719283, 45.986495998591522 ], [ 17.310768900064716, 45.986200642345921 ], [ 17.30959350053962, 45.98319749936519 ], [ 17.308992500703425, 45.98166249872537 ], [ 17.308755798241521, 45.981640461738039 ], [ 17.308284865554185, 45.98159661888883 ], [ 17.307767999993359, 45.981548498864242 ], [ 17.306878317780274, 45.981671104338147 ], [ 17.303283500033558, 45.982166498585173 ], [ 17.301124724226725, 45.982723685249994 ], [ 17.300020786630057, 45.983008614755931 ], [ 17.299087499888344, 45.983249499065209 ], [ 17.297909000400125, 45.983903998670655 ], [ 17.297140500034175, 45.984331038146991 ], [ 17.297006500149905, 45.984405499314335 ], [ 17.296141411696965, 45.985740560878241 ], [ 17.295292219660269, 45.987051090735292 ], [ 17.295261500617869, 45.987098499396325 ], [ 17.294573971611499, 45.988160076226677 ], [ 17.294411691646417, 45.988410643536497 ], [ 17.294325000598462, 45.988544498629892 ], [ 17.294327051052676, 45.988730371409645 ], [ 17.294348871303498, 45.990707563303431 ], [ 17.294350906469333, 45.990891927020925 ], [ 17.294353500114084, 45.991126999011783 ], [ 17.29592899992349, 45.993438498587921 ], [ 17.299184999887871, 45.993854498886094 ], [ 17.301018499903876, 45.994400998907167 ], [ 17.301602087965989, 45.994601365160918 ], [ 17.301885000292657, 45.994698499136405 ], [ 17.303476499940587, 45.995383999272178 ], [ 17.304643819956368, 45.99642583688302 ], [ 17.304844000050537, 45.996604498898535 ], [ 17.305093310108305, 45.997319157753111 ], [ 17.305694500600907, 45.999042498912331 ], [ 17.305687502076637, 45.999126253673637 ], [ 17.305631500393531, 45.999796498609669 ], [ 17.30555184204394, 46.000748157601436 ], [ 17.305537500555204, 46.000919499135648 ], [ 17.305483000740082, 46.001567999363772 ], [ 17.305395231404987, 46.001685797061896 ], [ 17.304707000028202, 46.002609498829429 ], [ 17.300932000411478, 46.004047498593309 ], [ 17.297527499894272, 46.003539998572137 ], [ 17.295513874665744, 46.00264571812545 ], [ 17.293653500208961, 46.001819499270539 ], [ 17.29188933522471, 46.001358052632099 ], [ 17.289376960378604, 46.000700900925892 ], [ 17.289222500018525, 46.000660498882951 ], [ 17.28895746171753, 46.000632610007017 ], [ 17.285843297430404, 46.000304917737765 ], [ 17.285663500470321, 46.000285998700065 ], [ 17.283426500732503, 46.000522498814348 ], [ 17.279916595174825, 46.001666458040688 ], [ 17.27832100001433, 46.002186499107779 ], [ 17.277967100601245, 46.002301865039158 ], [ 17.27716450064122, 46.002563499406165 ], [ 17.276748919427177, 46.002826618553797 ], [ 17.27545950025592, 46.003642998825399 ], [ 17.274802130913656, 46.004016482774603 ], [ 17.26940899462943, 46.007080596192736 ], [ 17.266607297988514, 46.008672380925702 ], [ 17.266578695050725, 46.008688631675113 ], [ 17.266046500545542, 46.008990999035404 ], [ 17.261757000585192, 46.010043999031382 ], [ 17.258651500366625, 46.011329498957252 ], [ 17.258234754530349, 46.011617173194054 ], [ 17.258131176013023, 46.011688671994705 ], [ 17.25781969762096, 46.011903681909473 ], [ 17.257451999909961, 46.012157499369152 ], [ 17.258058499999947, 46.01403799885469 ], [ 17.258619500689576, 46.014503498737611 ], [ 17.264571499974807, 46.015843499378036 ], [ 17.266225000683278, 46.016631498844788 ], [ 17.272348500682938, 46.019550498556725 ], [ 17.272418828566174, 46.019592890799345 ], [ 17.272488767043058, 46.019635049218323 ], [ 17.273742618027541, 46.020390841264373 ], [ 17.273988502567477, 46.020539054034202 ], [ 17.274221500721751, 46.02067949935946 ], [ 17.282218999906945, 46.022010998708652 ], [ 17.292545500374672, 46.023067498866055 ], [ 17.293678520247624, 46.023728967318164 ], [ 17.29368200062396, 46.023730998886663 ], [ 17.293684239935772, 46.023734720281254 ], [ 17.295278000479414, 46.026382498853252 ], [ 17.295455000547918, 46.027356998826406 ], [ 17.295746000477664, 46.02896099905098 ], [ 17.295277429410021, 46.029845487679268 ], [ 17.294583101528929, 46.031156122756897 ], [ 17.294553500343795, 46.03121199943439 ], [ 17.294295712377391, 46.031356219214331 ], [ 17.292973313267851, 46.032096040200145 ], [ 17.292358500744285, 46.032439999406506 ], [ 17.28943800006374, 46.032432499060747 ], [ 17.279173000633534, 46.031944499039582 ], [ 17.275588385695471, 46.032529482849384 ], [ 17.273823053391311, 46.032817572573038 ], [ 17.270992500203761, 46.03327949944952 ], [ 17.270960496030227, 46.033280131672825 ], [ 17.26952614751383, 46.033308496290147 ], [ 17.268660420542119, 46.033325615784634 ], [ 17.267475037642896, 46.033349056613815 ], [ 17.266947000703567, 46.033359498642028 ], [ 17.262086500491648, 46.033077999150407 ], [ 17.261215000771813, 46.033027498620243 ], [ 17.259461007119967, 46.035995380082795 ], [ 17.259211865235443, 46.036416946285158 ], [ 17.259102500480139, 46.036601998883327 ], [ 17.258871000596343, 46.037574498764286 ], [ 17.257761000669689, 46.042243999161315 ], [ 17.257660632732097, 46.043315416373503 ], [ 17.257406582347983, 46.046027383157252 ], [ 17.257356500002572, 46.046561998637515 ], [ 17.258875000780677, 46.046640498660167 ], [ 17.260315000636922, 46.046714999397807 ], [ 17.261993833448741, 46.047733216315009 ], [ 17.26257550055891, 46.048085998769977 ], [ 17.262817211345237, 46.048232611645801 ], [ 17.264206000206741, 46.049074999411744 ], [ 17.266189689702458, 46.050278325584316 ], [ 17.266469630669064, 46.050448140069648 ], [ 17.267116405997456, 46.050840481003434 ], [ 17.268403251309167, 46.051621095237465 ], [ 17.271452000709303, 46.053470498864499 ], [ 17.271493999948234, 46.054305998722953 ], [ 17.269688935596037, 46.057370411615295 ], [ 17.26961669125734, 46.057493057558645 ], [ 17.269601999932377, 46.057517999356264 ], [ 17.258908800001166, 46.057966961606041 ], [ 17.257264500256611, 46.058035998962282 ], [ 17.256901500603874, 46.058032998823876 ], [ 17.256898717202148, 46.058032973642923 ], [ 17.25580300030839, 46.058022999262164 ], [ 17.254464500636232, 46.05801099870871 ], [ 17.24569082177419, 46.057932480699549 ], [ 17.244966500603709, 46.057925999285544 ], [ 17.24360029551741, 46.058020911036351 ], [ 17.239856500577218, 46.058280998569387 ], [ 17.237343000679004, 46.058620498936932 ], [ 17.232673500281805, 46.059806998794045 ], [ 17.231264000033605, 46.060615499206108 ], [ 17.23062414049167, 46.061022682550913 ], [ 17.230130999945686, 46.061336499180129 ], [ 17.230014954126887, 46.061650745685427 ], [ 17.229408499902434, 46.063292998573218 ], [ 17.230257500383402, 46.064480499375634 ], [ 17.232245135204892, 46.065848727037292 ], [ 17.232484500559281, 46.066013499023882 ], [ 17.233346938710383, 46.066048761441266 ], [ 17.234808000688815, 46.066108498908136 ], [ 17.236017000684058, 46.065627999232902 ], [ 17.237232000056792, 46.064845999143643 ], [ 17.238713059360293, 46.062719216718449 ], [ 17.238740936545128, 46.06267918609575 ], [ 17.238802000511953, 46.062591498598863 ], [ 17.239356758107931, 46.062432353670317 ], [ 17.240563457637563, 46.062086185729072 ], [ 17.241712232733391, 46.061756633661844 ], [ 17.242565000474428, 46.061511999179572 ], [ 17.245109500003593, 46.061279499249679 ], [ 17.247382423160445, 46.061560727145945 ], [ 17.247667500154989, 46.061595998556641 ], [ 17.247751188366749, 46.061661644569313 ], [ 17.247954923481018, 46.061821456794803 ], [ 17.251267194025786, 46.064419638655579 ], [ 17.251285500625443, 46.064433999029802 ], [ 17.251278053339604, 46.064437964140893 ], [ 17.250062231087156, 46.065085277263847 ], [ 17.24988150063092, 46.065181499326854 ], [ 17.245048499888412, 46.064231998707953 ], [ 17.244089000606948, 46.064349998753585 ], [ 17.243608305778821, 46.064575335583299 ], [ 17.240638500666421, 46.065967498701241 ], [ 17.239551500001824, 46.067191999411307 ], [ 17.238672237334015, 46.071175508642966 ], [ 17.238666500558679, 46.071201499050119 ], [ 17.238940325235887, 46.071791011845846 ], [ 17.239984500184562, 46.074038998600997 ], [ 17.239679500508714, 46.076724999259341 ], [ 17.239170000395347, 46.077243998911456 ], [ 17.231504500332562, 46.080508999291055 ], [ 17.223627182948178, 46.080698061966075 ], [ 17.223614759713485, 46.080698359641701 ], [ 17.222921500227244, 46.080714998898259 ], [ 17.220051000053672, 46.080539498898872 ], [ 17.219787033744581, 46.080484204982213 ], [ 17.219725498533023, 46.080471314999272 ], [ 17.218907666755399, 46.080300000444709 ], [ 17.218906485046261, 46.080299753131271 ], [ 17.214098000722345, 46.079292498949712 ], [ 17.21158559709761, 46.078058264877029 ], [ 17.21125787694956, 46.077897270043081 ], [ 17.20837858410448, 46.076482799241944 ], [ 17.208324062705401, 46.076456014733481 ], [ 17.207893500584646, 46.07624449868473 ], [ 17.207491249121972, 46.076224699210627 ], [ 17.207376129604825, 46.076219031683024 ], [ 17.206045706744078, 46.076153543951023 ], [ 17.205801000315944, 46.076141499330788 ], [ 17.205777590963123, 46.076143613636987 ], [ 17.203799428700847, 46.07632238087325 ], [ 17.203697349353376, 46.076331606118856 ], [ 17.203018000580414, 46.076392999237555 ], [ 17.20281968657946, 46.076569983118418 ], [ 17.202744865683144, 46.076636755981554 ], [ 17.201379697515108, 46.077855091839183 ], [ 17.201366618674513, 46.077866766837928 ], [ 17.201158500264739, 46.078052499323519 ], [ 17.200651000243511, 46.079417999341274 ], [ 17.200900000034949, 46.079680157113728 ], [ 17.200968688454395, 46.079752474297436 ], [ 17.201260513961586, 46.080059719580561 ], [ 17.203240146615656, 46.082143959576229 ], [ 17.203248412284552, 46.082152662315593 ], [ 17.203281500141259, 46.082187499353722 ], [ 17.204537661484039, 46.082610138447194 ], [ 17.206329261186568, 46.083212926135786 ], [ 17.20680799998928, 46.083373999210835 ], [ 17.208206000606424, 46.083446498956789 ], [ 17.218072500545645, 46.086243999361272 ], [ 17.218142733100706, 46.08626394182761 ], [ 17.218143138694984, 46.086264056940649 ], [ 17.21839650019831, 46.086335999107234 ], [ 17.218540339565038, 46.087072619406001 ], [ 17.218546520605628, 46.087104273743307 ], [ 17.218607000013094, 46.087413999356613 ], [ 17.21949350042479, 46.088349999353056 ], [ 17.221961612438577, 46.09095474086871 ], [ 17.22241098837651, 46.091428992953752 ], [ 17.222727000250927, 46.091762499340007 ], [ 17.228924000042639, 46.095031499004563 ], [ 17.233223000441171, 46.096637499321162 ], [ 17.233374198960291, 46.097254847933016 ], [ 17.233400000509619, 46.097360193618101 ], [ 17.233494000347946, 46.09774399908639 ], [ 17.233400000509619, 46.097891940260865 ], [ 17.233383309991837, 46.097918206759914 ], [ 17.23260699991323, 46.099139998712133 ], [ 17.230644000220479, 46.099715999194132 ], [ 17.230396491504905, 46.099676379561402 ], [ 17.230264232708294, 46.099655208621016 ], [ 17.22268500011279, 46.098441998899148 ], [ 17.219910500769117, 46.098321998761321 ], [ 17.21983502426707, 46.098321352148787 ], [ 17.219825692002189, 46.09832127210916 ], [ 17.217788962290911, 46.098303822563537 ], [ 17.217767682532667, 46.098303640900497 ], [ 17.212557000705146, 46.098258998554002 ], [ 17.209413000509642, 46.099246999149784 ], [ 17.209488258476426, 46.099334841329892 ], [ 17.20963053931797, 46.099500911038319 ], [ 17.212684500289527, 46.103065498973706 ], [ 17.213033302345025, 46.103338059204248 ], [ 17.213084623057, 46.10337816177281 ], [ 17.216575500758722, 46.106105998892929 ], [ 17.218241500245199, 46.108167998654267 ], [ 17.218492500128832, 46.10908899885834 ], [ 17.218515500290266, 46.110724998759792 ], [ 17.21847529699744, 46.110800957298409 ], [ 17.217792500223879, 46.112090998800682 ], [ 17.214568999959454, 46.114127999207938 ], [ 17.212854500035178, 46.11408599906963 ], [ 17.212604365299342, 46.114040049109008 ], [ 17.197836539524815, 46.111327186600533 ], [ 17.197057577345447, 46.111184090973097 ], [ 17.196822999981521, 46.111140999057966 ], [ 17.193571500224607, 46.110019498601048 ], [ 17.189600395342154, 46.108192925163451 ], [ 17.188263500060543, 46.107577999325372 ], [ 17.187319000571449, 46.107143499073231 ], [ 17.185909000300228, 46.106494998845164 ], [ 17.181985613445363, 46.106069007079043 ], [ 17.181764500731106, 46.106044998777747 ], [ 17.181257206654834, 46.106184828067398 ], [ 17.178919350647561, 46.106829227387095 ], [ 17.178015000491939, 46.107078498773888 ], [ 17.176770354968028, 46.108138721225032 ], [ 17.175825000223711, 46.10894399936609 ], [ 17.175848000384917, 46.110303499107317 ], [ 17.175856000753811, 46.110769999036336 ], [ 17.176180357437545, 46.111128943646008 ], [ 17.176867396313298, 46.111889246691419 ], [ 17.177656500147521, 46.112762499190012 ], [ 17.177707453935909, 46.11282526467437 ], [ 17.178001805638928, 46.113187850638838 ], [ 17.17834866965552, 46.113615122140232 ], [ 17.178785067477065, 46.114152683799375 ], [ 17.179892143707548, 46.115516396864336 ], [ 17.180158500414564, 46.115844499224409 ], [ 17.180348468707052, 46.116176869766832 ], [ 17.181556190765775, 46.118289915947003 ], [ 17.181772000177716, 46.118667499006051 ], [ 17.181746431552597, 46.118761031196755 ], [ 17.181096772997762, 46.121137502294005 ], [ 17.181042346027425, 46.121336597805794 ], [ 17.181019000526419, 46.121421999225959 ], [ 17.180908354237317, 46.121502564092225 ], [ 17.180897996745216, 46.121510105806863 ], [ 17.179893890191067, 46.122241222254786 ], [ 17.179781840059945, 46.12232280875071 ], [ 17.179636000601022, 46.122428998899295 ], [ 17.179014899118386, 46.122417019929685 ], [ 17.178599000443626, 46.122408998876324 ], [ 17.176683500243371, 46.122371498945711 ], [ 17.175809084021978, 46.123776545751014 ], [ 17.175558000501439, 46.124179998708087 ], [ 17.174979282268112, 46.125870782610662 ], [ 17.174854890740619, 46.12623420674322 ], [ 17.174722500642986, 46.126620998860176 ], [ 17.174575185396577, 46.128352825122818 ], [ 17.174543190216241, 46.128728953078792 ], [ 17.174531999951853, 46.128860498713095 ], [ 17.175045574893545, 46.129462734217952 ], [ 17.175426198560331, 46.129909064152002 ], [ 17.175482000593945, 46.129974498824083 ], [ 17.175832378261759, 46.129886805032129 ], [ 17.176877957052113, 46.129625114907299 ], [ 17.178135000629936, 46.129310498780512 ], [ 17.179750861113405, 46.130202351957109 ], [ 17.182501791025004, 46.131720689958001 ], [ 17.182924500265585, 46.131953999277812 ], [ 17.183391500217738, 46.133811998624878 ], [ 17.182072195675289, 46.136430604988618 ], [ 17.181893027341459, 46.136786224804553 ], [ 17.180687500527767, 46.139178998811929 ], [ 17.180479730155525, 46.139559910261823 ], [ 17.180249866138411, 46.139981327176542 ], [ 17.177753500124084, 46.144557998652829 ], [ 17.177753084637231, 46.144563980043699 ], [ 17.177745658935066, 46.144670720577437 ], [ 17.177642954558848, 46.146147173553288 ], [ 17.177611838015935, 46.146594495439672 ], [ 17.177576500055466, 46.147102499081143 ], [ 17.177708000723726, 46.151747499247847 ], [ 17.17708941914151, 46.152007039993009 ], [ 17.175444569911008, 46.152697178831886 ], [ 17.172522999936632, 46.153922998847349 ], [ 17.169021500342012, 46.155140999257753 ], [ 17.165497388193955, 46.155740245416041 ], [ 17.165416500471281, 46.155753998748196 ], [ 17.164885634264635, 46.155486045744397 ], [ 17.163784000731084, 46.154929999420062 ], [ 17.163315244403123, 46.154952460887387 ], [ 17.161655159757913, 46.155032010419006 ], [ 17.161478000509419, 46.155040499119764 ], [ 17.160342578547272, 46.155862045996685 ], [ 17.159695733970977, 46.156330076571862 ], [ 17.159237000587211, 46.15666199925198 ], [ 17.158261335092675, 46.157581342904734 ], [ 17.158020070370014, 46.157808680726191 ], [ 17.156690500066532, 46.159061499288839 ], [ 17.156617515586049, 46.159426883943638 ], [ 17.156602510397647, 46.159502003414843 ], [ 17.156213500552724, 46.161449498795434 ], [ 17.156264307751712, 46.161639791743085 ], [ 17.156275631115648, 46.161682203770738 ], [ 17.156349000505998, 46.161956998816493 ], [ 17.156480652260427, 46.162275686174041 ], [ 17.156526104895818, 46.162385712830428 ], [ 17.156905578329827, 46.163304292958856 ], [ 17.156928970595573, 46.163360916972749 ], [ 17.156973000503626, 46.163467499225817 ], [ 17.157305757754557, 46.164229736713025 ], [ 17.157347328016783, 46.164324962327271 ], [ 17.157932161640133, 46.165664625722059 ], [ 17.158024000407465, 46.165874998732249 ], [ 17.158301443057269, 46.166158489322925 ], [ 17.159744500608269, 46.167632998863837 ], [ 17.160627499959219, 46.168338999045716 ], [ 17.159539971392633, 46.169220057659516 ], [ 17.158833999989156, 46.169791998601966 ], [ 17.158628798080542, 46.169958154645201 ], [ 17.158216500291417, 46.170291999176584 ], [ 17.155413361137732, 46.171101347649085 ], [ 17.155108972101459, 46.1711892338962 ], [ 17.154663000097401, 46.171317998826623 ], [ 17.152780521204079, 46.17150861283227 ], [ 17.152567875607133, 46.171530145299982 ], [ 17.151083000480128, 46.171680499355602 ], [ 17.142596500328239, 46.171663498571718 ], [ 17.142543854915061, 46.171650881083337 ], [ 17.142184576656916, 46.171564765601488 ], [ 17.136672500535497, 46.170243587771381 ], [ 17.136317500352447, 46.170158499315278 ], [ 17.13568456019442, 46.169626528741389 ], [ 17.134752669200509, 46.168843298379556 ], [ 17.134170500268453, 46.168353998838086 ], [ 17.133913029762539, 46.16833018389093 ], [ 17.133392396042211, 46.168282027893326 ], [ 17.13234103011456, 46.168184780603269 ], [ 17.129386499986992, 46.167911499116428 ], [ 17.126165688695721, 46.168420213222248 ], [ 17.126067215629575, 46.1684357660979 ], [ 17.125924444657471, 46.168458314799466 ], [ 17.125765000254717, 46.168483499414037 ], [ 17.125308948649206, 46.169262965213647 ], [ 17.124213860381474, 46.171134648645193 ], [ 17.123729499916465, 46.171962498870357 ], [ 17.123079494223305, 46.173316181796451 ], [ 17.123075500334153, 46.173324498726743 ], [ 17.123079217232259, 46.173336983115348 ], [ 17.123267998419578, 46.173971076204339 ], [ 17.124243000214392, 46.177245998803926 ], [ 17.124165518224174, 46.17739680611777 ], [ 17.124013546288154, 46.177692597635428 ], [ 17.123171000241541, 46.179332498795929 ], [ 17.119559500070977, 46.179294498842125 ], [ 17.119374089542646, 46.179208636969179 ], [ 17.119223646454259, 46.179138968288896 ], [ 17.116039933096602, 46.177664616129277 ], [ 17.11517700031834, 46.177264998780799 ], [ 17.113630500047577, 46.176597498575859 ], [ 17.111949999892715, 46.176501998668471 ], [ 17.111842938301152, 46.176540266620123 ], [ 17.110757794736628, 46.176928137923369 ], [ 17.110007000222936, 46.177196499219235 ], [ 17.109182517059594, 46.177708489555243 ], [ 17.107338610988222, 46.178853526169348 ], [ 17.106765292284592, 46.179209547982282 ], [ 17.103302106507158, 46.181360130066082 ], [ 17.103035000664818, 46.181525999225585 ], [ 17.102462162199117, 46.18317330990044 ], [ 17.102411500690323, 46.183318999172457 ], [ 17.098708804767682, 46.186910609037454 ], [ 17.098453348743135, 46.187158401039483 ], [ 17.098345000221684, 46.187263499411074 ], [ 17.092802362439215, 46.188852828095548 ], [ 17.092409747212116, 46.188965408826618 ], [ 17.090521000044191, 46.189506999448554 ], [ 17.090214101899448, 46.18948581321979 ], [ 17.090188062928803, 46.189484013676349 ], [ 17.089926623714689, 46.189465966081627 ], [ 17.089569225939158, 46.189441294080495 ], [ 17.089521500716785, 46.18943799896465 ], [ 17.089244359339773, 46.189321606007354 ], [ 17.087621105529649, 46.188639874930402 ], [ 17.087269000264143, 46.188491999406324 ], [ 17.086241000521738, 46.187324498626708 ], [ 17.086050684191775, 46.187355911945758 ], [ 17.085500000524746, 46.187446804626347 ], [ 17.081742499916515, 46.188066998693159 ], [ 17.079990464988157, 46.18867031518306 ], [ 17.079410395973127, 46.188870062703245 ], [ 17.077144000095586, 46.189650498871572 ], [ 17.071432000186746, 46.192085498746906 ], [ 17.069525000378576, 46.193755999340055 ], [ 17.067311999948913, 46.196922498774427 ], [ 17.066729000043495, 46.200594999060002 ], [ 17.066398240186629, 46.200635385814564 ], [ 17.066340348128733, 46.200642455385093 ], [ 17.057663000147443, 46.201701998848193 ], [ 17.056751654165623, 46.201860528640509 ], [ 17.054596118616132, 46.202235488377198 ], [ 17.053716500716007, 46.202388499030064 ], [ 17.053009090397211, 46.202694737971854 ], [ 17.050516000613015, 46.203773999070791 ], [ 17.040012754585064, 46.208323883340711 ], [ 17.034534500167183, 46.210696999067352 ], [ 17.03186418008795, 46.211958498785748 ], [ 17.031582671603189, 46.212091487832026 ], [ 17.030863999973747, 46.212430998991465 ], [ 17.022285500075952, 46.216483998837589 ], [ 17.007307000018102, 46.222106999138873 ], [ 17.006985683942276, 46.222172746775016 ], [ 17.006885452701567, 46.222193255814091 ], [ 17.005429426027206, 46.222491187718333 ], [ 17.005358860722879, 46.222505627232977 ], [ 17.004558000051759, 46.222669498998187 ], [ 17.000768500665799, 46.22250749872228 ], [ 17.000065476340694, 46.222534524248942 ], [ 17.000019764700482, 46.222536280624979 ], [ 16.999173760760527, 46.222568801908778 ], [ 16.999164933015436, 46.222569140953112 ], [ 16.992670406913817, 46.22281879365255 ], [ 16.9926053139842, 46.222821295566405 ], [ 16.992535000489966, 46.222823998928561 ], [ 16.985831882935088, 46.223207870047304 ], [ 16.98580917145614, 46.223209171366136 ], [ 16.982096778143898, 46.22342177019857 ], [ 16.982033361550521, 46.223425401660961 ], [ 16.978843620936459, 46.223608071055764 ], [ 16.978816811246929, 46.223609606198465 ], [ 16.977855487241072, 46.223664659096869 ], [ 16.977759713040427, 46.223670144061884 ], [ 16.977413000109891, 46.223689999294209 ], [ 16.976971563386996, 46.223797825309532 ], [ 16.976955834244336, 46.223801667213365 ], [ 16.976235273139366, 46.223977671732257 ], [ 16.976200031406449, 46.223986280042936 ], [ 16.973165500287791, 46.224727498575362 ], [ 16.973088314174447, 46.224793955776533 ], [ 16.97306174730187, 46.224816830032808 ], [ 16.972536000036428, 46.225269499288117 ], [ 16.972606242484176, 46.228386126818407 ], [ 16.972607260516781, 46.22843128807358 ], [ 16.972638689124381, 46.229825793025952 ], [ 16.972639839357214, 46.229876811565759 ], [ 16.972658471511295, 46.230703513356502 ], [ 16.972658702637204, 46.230713777319011 ], [ 16.972671051228133, 46.231261694671559 ], [ 16.972671453224962, 46.231279539918944 ], [ 16.972672500035969, 46.231325998895898 ], [ 16.97297755816777, 46.232230682699878 ], [ 16.972994561649784, 46.232281106787696 ], [ 16.973713651463981, 46.23441365116912 ], [ 16.97373847095372, 46.234487257980618 ], [ 16.974067896216468, 46.235464206807876 ], [ 16.97409584804501, 46.235547100918154 ], [ 16.97436950994495, 46.23635867881012 ], [ 16.974717423470452, 46.237390453906414 ], [ 16.97472500925187, 46.237412951346755 ], [ 16.974781000143082, 46.237578998572019 ], [ 16.975381763457733, 46.239872946979062 ], [ 16.975392423121832, 46.239913651194172 ], [ 16.975433500555766, 46.240070499254216 ], [ 16.973736000515999, 46.242259998600105 ], [ 16.97347600111658, 46.242371428199021 ], [ 16.973462165946216, 46.242377355630538 ], [ 16.973015000541977, 46.242568999359833 ], [ 16.972348203606771, 46.242598698571101 ], [ 16.972117913311138, 46.242608956238371 ], [ 16.96968100057768, 46.242717499013509 ], [ 16.969000000649601, 46.24235149922248 ], [ 16.962848266434435, 46.24050583137921 ], [ 16.962828831185789, 46.240500000174904 ], [ 16.962256684298609, 46.240328342079351 ], [ 16.962218875900589, 46.240316998930325 ], [ 16.960828992563961, 46.239900000384807 ], [ 16.960755561120322, 46.23987796879328 ], [ 16.960684000266554, 46.239856499278062 ], [ 16.95495993145579, 46.239252117990986 ], [ 16.954889326581281, 46.239244662611213 ], [ 16.954725673351277, 46.23922738303736 ], [ 16.954695040643742, 46.239224149075312 ], [ 16.954650999943738, 46.239219498681109 ], [ 16.953140500433733, 46.239589498656471 ], [ 16.951515000117183, 46.240390998745681 ], [ 16.951052943738432, 46.240747694150798 ], [ 16.950957955545277, 46.240821022172497 ], [ 16.949880944550046, 46.241652446303476 ], [ 16.949874800381849, 46.241657189327952 ], [ 16.946385530667783, 46.244350810841354 ], [ 16.946355351218642, 46.244374108678244 ], [ 16.946213000229875, 46.244483998637747 ], [ 16.945998198957795, 46.244650548584048 ], [ 16.945965449246216, 46.244675941841308 ], [ 16.942131038616708, 46.24764902318401 ], [ 16.942108500706865, 46.247666498809963 ], [ 16.942095647596091, 46.247678904957525 ], [ 16.937411499940936, 46.252199999230697 ], [ 16.936743000589047, 46.252845499320529 ], [ 16.93670723455125, 46.252885530842661 ], [ 16.936664737088108, 46.252933097784307 ], [ 16.935976000292158, 46.253703999340246 ], [ 16.935031951363555, 46.254333171338828 ], [ 16.935023790915409, 46.254338608639898 ], [ 16.934176069270336, 46.254903581635062 ], [ 16.932095545273341, 46.256290169855504 ], [ 16.932053820327724, 46.256317977792605 ], [ 16.931122000380128, 46.256938999235558 ], [ 16.92600450000765, 46.259490999110483 ], [ 16.923432000086848, 46.259653499409524 ], [ 16.922026, 46.25974249901725 ], [ 16.91789800029261, 46.260215999269064 ], [ 16.913480500724688, 46.261756999286206 ], [ 16.911877500546211, 46.263078499073515 ], [ 16.907957000515296, 46.266311498876689 ], [ 16.907911212432623, 46.266395925431652 ], [ 16.907555130365154, 46.267052488081958 ], [ 16.907505500378647, 46.26714399859685 ], [ 16.907385042485714, 46.267366078082148 ], [ 16.907221020533825, 46.267668470623562 ], [ 16.907175860177801, 46.267751728059864 ], [ 16.906370500198591, 46.269236498865382 ], [ 16.905798499900982, 46.270290498907457 ], [ 16.905277928233943, 46.27095625622627 ], [ 16.904729322899982, 46.271657864119277 ], [ 16.904467696626966, 46.271992457785814 ], [ 16.902902846589143, 46.273993738020692 ], [ 16.902870944038852, 46.274034537563978 ], [ 16.902792000650322, 46.274135499054182 ], [ 16.899173000133999, 46.275688998748421 ], [ 16.894852000519563, 46.276927999227894 ], [ 16.891539000624505, 46.277864999270378 ], [ 16.891212057490577, 46.277957536810902 ], [ 16.890604500697293, 46.27812949887732 ], [ 16.886684500689285, 46.279639999286701 ], [ 16.885694500001307, 46.280456499168281 ], [ 16.885080500464767, 46.282596498929308 ], [ 16.885158913253349, 46.28315139322234 ], [ 16.885178500487598, 46.283289999433975 ], [ 16.885334500486806, 46.2843924990147 ], [ 16.88552980715491, 46.285768831366568 ], [ 16.885568500485931, 46.286041498616441 ], [ 16.885957350251658, 46.286903186732843 ], [ 16.88615918240032, 46.287350443867979 ], [ 16.887119500065012, 46.28947849883383 ], [ 16.887094903607021, 46.289771766853676 ], [ 16.886640500458839, 46.295189498696573 ], [ 16.886123332725674, 46.297139940256102 ], [ 16.886059316284445, 46.297381367755975 ], [ 16.885658500139698, 46.298892998613098 ], [ 16.885637879584522, 46.298966037053106 ], [ 16.885500000025161, 46.299454403997629 ], [ 16.885265500002902, 46.300284998953657 ], [ 16.885061500487893, 46.300784998628956 ], [ 16.880956500042544, 46.302203999315111 ], [ 16.878649000650967, 46.304366999237743 ], [ 16.877245000656274, 46.306575498560562 ], [ 16.875864499946829, 46.311446499256704 ], [ 16.875900520492678, 46.311709077012324 ], [ 16.875901819113778, 46.311718545074939 ], [ 16.87597150038448, 46.312226499253711 ], [ 16.876627000036194, 46.316997498935621 ], [ 16.876637014886455, 46.317111077014658 ], [ 16.876638437613849, 46.317127185671097 ], [ 16.876808000289031, 46.31904999915821 ], [ 16.876043500107471, 46.320602498806352 ], [ 16.875467906119013, 46.321078122357562 ], [ 16.873679999932165, 46.32255549893722 ], [ 16.873291500002892, 46.323251998680973 ], [ 16.872781999889469, 46.324165499438323 ], [ 16.872917706686906, 46.324874745273348 ], [ 16.87319950025676, 46.326347499337658 ], [ 16.873859500115941, 46.327216998965298 ], [ 16.874158332241393, 46.327495465943173 ], [ 16.87437387005815, 46.327696316032245 ], [ 16.876051885386232, 46.329259978065693 ], [ 16.876488844384824, 46.329667157813219 ], [ 16.876725955138795, 46.329888112246636 ], [ 16.876874125640427, 46.330026184261101 ], [ 16.879203674609982, 46.332196980406422 ], [ 16.879509000739858, 46.332481498922164 ], [ 16.879938507056636, 46.333315635408439 ], [ 16.879966500253886, 46.333369999426111 ], [ 16.879966654937277, 46.33346882322769 ], [ 16.879966935525772, 46.333647177675175 ], [ 16.879970500438276, 46.335914498955049 ], [ 16.879672000162714, 46.336216999415115 ], [ 16.879198499910899, 46.336696499044251 ], [ 16.879115332406741, 46.336742084779473 ], [ 16.878662765674221, 46.3369901438802 ], [ 16.873748000369972, 46.339683999217357 ], [ 16.873441589657716, 46.339851906240597 ], [ 16.873404371214804, 46.339872301065952 ], [ 16.870491500382627, 46.341468498772258 ], [ 16.870043000384214, 46.34171449932478 ], [ 16.865089500380293, 46.34445949910679 ], [ 16.865085995722211, 46.344564854684393 ], [ 16.865083702451045, 46.344633759840235 ], [ 16.864989000242304, 46.347479999002815 ], [ 16.864988000196206, 46.347512498702997 ], [ 16.866789000512028, 46.3508644985979 ], [ 16.866787997767972, 46.351048953146801 ], [ 16.866787506738206, 46.351139295442238 ], [ 16.866778722160348, 46.352755341186196 ], [ 16.866775895591104, 46.353275420924035 ], [ 16.866775499889513, 46.353347998911204 ], [ 16.86674913446501, 46.353379438310583 ], [ 16.866724240331507, 46.353409123132622 ], [ 16.866432500259748, 46.353756998886467 ], [ 16.865921000054186, 46.35436649911469 ], [ 16.863964000638134, 46.355128499180921 ], [ 16.86279100050433, 46.35499549934292 ], [ 16.861232057213783, 46.354302924240585 ], [ 16.860086499892248, 46.353793998794117 ], [ 16.859768552676655, 46.353548781551183 ], [ 16.858010000361332, 46.352192498685042 ], [ 16.856916500296279, 46.351348999356901 ], [ 16.855516378178493, 46.350760837342875 ], [ 16.854755000443049, 46.350440998853117 ], [ 16.850246500275887, 46.354675498975212 ], [ 16.849813500092978, 46.356246998600227 ], [ 16.850111000322386, 46.357563999079389 ], [ 16.850409000574984, 46.358880998659174 ], [ 16.850820500665691, 46.360702499021272 ], [ 16.850128261010582, 46.361005389786897 ], [ 16.849643500347327, 46.36121749938826 ], [ 16.844483500713011, 46.363465998757022 ], [ 16.8435720000478, 46.363862999078322 ], [ 16.843335524215149, 46.363966118941391 ], [ 16.843200500003206, 46.364024999354285 ], [ 16.843185241205958, 46.364032023958828 ], [ 16.839033500295784, 46.36594349879357 ], [ 16.836227202723364, 46.368440801901556 ], [ 16.836184965164136, 46.368478388167205 ], [ 16.836154500629732, 46.368505499129583 ], [ 16.835648000654828, 46.371584499025516 ], [ 16.831487891552968, 46.372343763354081 ], [ 16.831482398494018, 46.372344766997458 ], [ 16.831251000233635, 46.372386999160824 ], [ 16.824669929673632, 46.370866483001976 ], [ 16.824647729009598, 46.370861354168255 ], [ 16.823549000286107, 46.370607498937034 ], [ 16.82065700002056, 46.369938998685939 ], [ 16.818643500697021, 46.370928999373973 ], [ 16.817707455734592, 46.371389263403898 ], [ 16.817625276585431, 46.371429670842701 ], [ 16.812050557287478, 46.374170822425583 ], [ 16.812040888676165, 46.374175575342576 ], [ 16.80914300054917, 46.375600498963991 ], [ 16.808834000688648, 46.375796499009311 ], [ 16.806792933547229, 46.377091970618039 ], [ 16.806791015293186, 46.377093188300194 ], [ 16.80259250064347, 46.379757999132437 ], [ 16.802606184727722, 46.380964686970799 ], [ 16.802607789118326, 46.381106186301452 ], [ 16.80263350073551, 46.383373498588185 ], [ 16.802332500344676, 46.38394899904722 ], [ 16.802219947492688, 46.384164042236876 ], [ 16.802061743254853, 46.384466307074547 ], [ 16.801941000277111, 46.384696999367009 ], [ 16.80177457893376, 46.384762324321912 ], [ 16.801180699929432, 46.384995440287526 ], [ 16.800014198296765, 46.385453327409152 ], [ 16.799919500584508, 46.385490499087382 ], [ 16.797327975505709, 46.386021442635524 ], [ 16.79522399988781, 46.386452499383495 ], [ 16.794596161583627, 46.386581113227862 ], [ 16.794393358167042, 46.386622657409816 ], [ 16.793327500563805, 46.386840999312767 ], [ 16.791390500271405, 46.386819999243698 ], [ 16.788622000305224, 46.386089498831382 ], [ 16.784121000483822, 46.383437998864622 ], [ 16.780914500104132, 46.379546999294746 ], [ 16.7787590005276, 46.378864499297265 ], [ 16.778046616957852, 46.378828476952719 ], [ 16.778012160333105, 46.378826734965855 ], [ 16.777818657704984, 46.378816951241447 ], [ 16.777483423721094, 46.378799999920034 ], [ 16.776722000120344, 46.378761499043947 ], [ 16.776564543219138, 46.378911818925474 ], [ 16.776499778542131, 46.378973648215435 ], [ 16.774780500519739, 46.380614999083093 ], [ 16.774476499990669, 46.38137549908015 ], [ 16.773941500499916, 46.382712498682906 ], [ 16.773697000016568, 46.38332349898036 ], [ 16.771677000393368, 46.385593499340644 ], [ 16.771584538395814, 46.385591726776852 ], [ 16.771543894435297, 46.385590947963976 ], [ 16.769485500055907, 46.385551499202336 ], [ 16.767523000386291, 46.384956998766654 ], [ 16.766839500342712, 46.38416999934617 ], [ 16.765962500369255, 46.383159498612031 ], [ 16.765022500188252, 46.380401499129903 ], [ 16.763853000215875, 46.378822499159128 ], [ 16.761479000455495, 46.378543998906594 ], [ 16.76088723575748, 46.378778508821199 ], [ 16.760880130213934, 46.378781324598492 ], [ 16.758919000211733, 46.379558498925689 ], [ 16.757175500748872, 46.381926999331654 ], [ 16.756969000219328, 46.382665499213488 ], [ 16.756805572718974, 46.383250920093985 ], [ 16.756800000519775, 46.383270878748078 ], [ 16.756795500312251, 46.383286999095844 ], [ 16.756739495031638, 46.383536137382862 ], [ 16.756686180522934, 46.383773305693637 ], [ 16.756616000128474, 46.384085499046591 ], [ 16.755884000546303, 46.387340498964932 ], [ 16.753809000185242, 46.388297999053577 ], [ 16.753515992968687, 46.388282402111315 ], [ 16.75348080969178, 46.388280528823486 ], [ 16.751263500610207, 46.388162499100247 ], [ 16.746976999888716, 46.385658498740838 ], [ 16.744751000658255, 46.385337999249373 ], [ 16.742716000343137, 46.385566498994876 ], [ 16.742182730248942, 46.385853764939441 ], [ 16.741016500211401, 46.386481998945214 ], [ 16.739804500077753, 46.387656999171213 ], [ 16.738504500382476, 46.390086998816116 ], [ 16.738878500542398, 46.39372449928635 ], [ 16.739332000771242, 46.398132499315523 ], [ 16.738781000542815, 46.398791999151626 ], [ 16.736042000138241, 46.400401998753352 ], [ 16.733943054428551, 46.401100000364863 ], [ 16.733919000261722, 46.401107998935004 ], [ 16.732462634543026, 46.401104776664226 ], [ 16.730922103971977, 46.401101368233697 ], [ 16.730789038483408, 46.401101074155349 ], [ 16.73030300078301, 46.40109999856611 ], [ 16.726814499989359, 46.400569999306185 ], [ 16.72408850018428, 46.398872499266417 ], [ 16.724009500138493, 46.398670498944398 ], [ 16.723726500577641, 46.397943998716755 ], [ 16.723721812411839, 46.397931963089661 ], [ 16.723707562654056, 46.397895375970904 ], [ 16.723675919108473, 46.397814130317897 ], [ 16.723607072408583, 46.397637363173828 ], [ 16.72310450067215, 46.396346998815034 ], [ 16.719931000015777, 46.393784499355263 ], [ 16.716203935163662, 46.394224007032449 ], [ 16.716199181347292, 46.394224568209324 ], [ 16.715992000030951, 46.394248999192087 ], [ 16.715423499894712, 46.394877999420146 ], [ 16.712298500575514, 46.398336498830417 ], [ 16.7097315000089, 46.401176999419079 ], [ 16.709335500633017, 46.401614998933098 ], [ 16.706796500458097, 46.403590999225401 ], [ 16.70580547454307, 46.404626288872294 ], [ 16.70534206648324, 46.405110395728229 ], [ 16.70401375523079, 46.406498036155483 ], [ 16.703877049286461, 46.406640846697883 ], [ 16.703371000771199, 46.407169498773442 ], [ 16.696530500082645, 46.416193499430562 ], [ 16.696168356584508, 46.41667183533707 ], [ 16.693779548587429, 46.419827080655239 ], [ 16.689030000434229, 46.426100499438633 ], [ 16.688586014133364, 46.426769874730041 ], [ 16.688529146403084, 46.426855611597205 ], [ 16.68633670357616, 46.430161044596559 ], [ 16.685827000215966, 46.43092949909709 ], [ 16.685674548941392, 46.431159295664997 ], [ 16.685558271996683, 46.431334567236661 ], [ 16.685398438187406, 46.431575493814023 ], [ 16.68513090606649, 46.431978760611401 ], [ 16.684433500705666, 46.433029998835536 ], [ 16.68285450073472, 46.435403998595689 ], [ 16.68116710997424, 46.437940447393885 ], [ 16.681164909333177, 46.437943755999697 ], [ 16.680337500675307, 46.439187498604269 ], [ 16.679643607166781, 46.440230283201061 ], [ 16.679552055283239, 46.440367866883662 ], [ 16.679356000379187, 46.440662499175176 ], [ 16.676122500553049, 46.445485998580068 ], [ 16.674358500144706, 46.448116499377136 ], [ 16.672905500588513, 46.449092999442485 ], [ 16.672183366569243, 46.449283010902377 ], [ 16.672105500568478, 46.449303499257212 ], [ 16.672104730748913, 46.449304383290666 ], [ 16.666458000036755, 46.455787498794166 ], [ 16.664676000597012, 46.458848998782457 ], [ 16.66439250011382, 46.45933549873439 ], [ 16.654125000568456, 46.462924998789788 ], [ 16.653230500687187, 46.463237498811566 ], [ 16.645570499978646, 46.464439499383559 ], [ 16.641069500157414, 46.46444799887621 ], [ 16.638388000605744, 46.464452999106641 ], [ 16.638193680494112, 46.464366565264868 ], [ 16.638192525764453, 46.464366050852732 ], [ 16.637147000034133, 46.463900998832003 ], [ 16.634155500576014, 46.462569998606625 ], [ 16.633770675276594, 46.462715533195421 ], [ 16.633703386202342, 46.462740980412036 ], [ 16.631130500472295, 46.463713999201843 ], [ 16.62787671463883, 46.464944316726871 ], [ 16.627865983028698, 46.464948375367385 ], [ 16.625459759660259, 46.465858213186152 ], [ 16.624878499942895, 46.466077999400284 ], [ 16.622211000137668, 46.466592998867895 ], [ 16.620510303907452, 46.46692102478562 ], [ 16.620467952134334, 46.466929195126284 ], [ 16.619445000286646, 46.467126499188623 ], [ 16.618276000337175, 46.467351998795834 ], [ 16.617699205753922, 46.467463305187493 ], [ 16.615799000323761, 46.467829999255173 ], [ 16.614665221422911, 46.468048888845146 ], [ 16.614624274390849, 46.468056793886035 ], [ 16.614372000167862, 46.468105499369415 ], [ 16.611731147274668, 46.468699999805324 ], [ 16.611686059763883, 46.468710149553942 ], [ 16.610915305696892, 46.468883660252914 ], [ 16.610908812591674, 46.468885121651169 ], [ 16.610384355853341, 46.469003186448049 ], [ 16.60657845193407, 46.4729597546891 ], [ 16.606512759156601, 46.47327448143227 ], [ 16.60618127984219, 46.474862560958456 ], [ 16.606163937315841, 46.474945651120947 ], [ 16.606163598271507, 46.474955083210716 ], [ 16.60614581867469, 46.475450838985125 ], [ 16.606073881004818, 46.475746872420359 ], [ 16.60605733527791, 46.475794490623286 ], [ 16.605857376416907, 46.476135264431036 ], [ 16.60554124763064, 46.476300043612241 ], [ 16.605048483900532, 46.476383433248941 ], [ 16.60474402111987, 46.476415996800995 ], [ 16.604702297972779, 46.476420460136296 ], [ 16.599536742326791, 46.476972944246143 ], [ 16.599387087044533, 46.476911917151313 ], [ 16.599381072378776, 46.476909463800894 ], [ 16.597148687961692, 46.475999125958992 ], [ 16.597037172027967, 46.475953649941175 ], [ 16.5969992539126, 46.4759381878971 ], [ 16.596905607507836, 46.475899999985074 ], [ 16.596710569737184, 46.475820465742061 ], [ 16.596705127939401, 46.475820325447842 ], [ 16.594888000081255, 46.47605199980012 ], [ 16.589268999964531, 46.477091000049654 ], [ 16.584307999614623, 46.477091000049654 ], [ 16.580482000344148, 46.477136000326254 ], [ 16.579526000324734, 46.4777679997934 ], [ 16.579287000095007, 46.478761999766562 ], [ 16.579347000164091, 46.479846000292696 ], [ 16.578510000236406, 46.480659000012906 ], [ 16.575249235663705, 46.482815228939842 ], [ 16.574684000066725, 46.483188999772608 ], [ 16.570619999713244, 46.487343999825782 ], [ 16.569842999854643, 46.488157000445312 ], [ 16.568108999930587, 46.489151000418303 ], [ 16.565239999826247, 46.490145000391522 ], [ 16.564223999737919, 46.490460999675463 ], [ 16.562670000020546, 46.490235000045288 ], [ 16.561414999702663, 46.489558000301543 ], [ 16.561149534223716, 46.489466058112214 ], [ 16.559980000077076, 46.489060999865387 ], [ 16.558127000061063, 46.489422000325135 ], [ 16.556692000435589, 46.489964000138684 ], [ 16.555914999677668, 46.490416000298296 ], [ 16.555557000255533, 46.490912999835075 ], [ 16.555736000416175, 46.49122900001845 ], [ 16.555833843057542, 46.491707617412715 ], [ 16.555852728820355, 46.491800000269961 ], [ 16.555855999654625, 46.491816000108429 ], [ 16.555437000117536, 46.492448999621672 ], [ 16.552208999645643, 46.493713000354717 ], [ 16.550714999997354, 46.494074999961356 ], [ 16.548682999820699, 46.494480999798327 ], [ 16.545992999877228, 46.495790999954863 ], [ 16.542466000006016, 46.497597999648008 ], [ 16.539508000294006, 46.499223999987692 ], [ 16.539380999833384, 46.499319999918214 ], [ 16.538193999953307, 46.500056999730873 ], [ 16.537600000439738, 46.500281000168059 ], [ 16.536157999592092, 46.500442000398095 ], [ 16.533401000156061, 46.500601999682715 ], [ 16.531995332818326, 46.500601999682715 ], [ 16.531662000001347, 46.500601999682715 ], [ 16.529922999846633, 46.501146999634329 ], [ 16.527123000226368, 46.502941999673624 ], [ 16.523684856071384, 46.505350084638849 ], [ 16.523644999916939, 46.505377999595055 ], [ 16.524408000029268, 46.507910000346328 ], [ 16.525002000442043, 46.508552000274733 ], [ 16.528311000152712, 46.507750000162559 ], [ 16.529541000217023, 46.507685999909086 ], [ 16.529541196269236, 46.507686379422978 ], [ 16.532806999743286, 46.514000999746486 ], [ 16.53268000018204, 46.514322000160291 ], [ 16.532297999653053, 46.514641999628623 ], [ 16.531534000393833, 46.514834000388987 ], [ 16.530939999981058, 46.514834000388987 ], [ 16.529625999640359, 46.514705999882096 ], [ 16.528904999666111, 46.51493100036555 ], [ 16.528336925808503, 46.515109230706457 ], [ 16.527882742094903, 46.515251730083378 ], [ 16.527031906097704, 46.515518676745671 ], [ 16.52614800023008, 46.515795999785553 ], [ 16.525408149566488, 46.516208150086129 ], [ 16.525341999933346, 46.516244999806929 ], [ 16.524111999868865, 46.519385999864141 ], [ 16.524365999890961, 46.519643000024473 ], [ 16.52568519921266, 46.520885199392524 ], [ 16.52695299958134, 46.522078999946075 ], [ 16.52831586278694, 46.523342068082002 ], [ 16.528468844661575, 46.523483848001376 ], [ 16.530134999730592, 46.525028000142129 ], [ 16.530277160063008, 46.525199999980146 ], [ 16.530559000397716, 46.525541000416922 ], [ 16.530602258687452, 46.525996236337335 ], [ 16.530957590720391, 46.529735602116489 ], [ 16.531152999911114, 46.531792000000792 ], [ 16.53079739178628, 46.532099999815273 ], [ 16.528457907106883, 46.534126279404347 ], [ 16.527970999761862, 46.534548000290158 ], [ 16.52746199967163, 46.53467699994377 ], [ 16.525765999701264, 46.534901000380955 ], [ 16.523213656285179, 46.535222758923283 ], [ 16.522712000058789, 46.535286000148858 ], [ 16.522569345998647, 46.535270073155459 ], [ 16.521270000110519, 46.535124999918992 ], [ 16.521237500410507, 46.535124999918992 ], [ 16.520082000184345, 46.535124999918992 ], [ 16.519436501893097, 46.53518783285233 ], [ 16.518428000351946, 46.535286000148858 ], [ 16.517536999732897, 46.536471999982837 ], [ 16.517058474968735, 46.538100000414715 ], [ 16.516938586346669, 46.538507878036171 ], [ 16.516689000197232, 46.539356999925644 ], [ 16.516518999552204, 46.540702999943562 ], [ 16.516653447298836, 46.541142458158106 ], [ 16.517402016889662, 46.543589265232526 ], [ 16.518343000029461, 46.546664999690051 ], [ 16.518389336698704, 46.547442654255178 ], [ 16.518579838289043, 46.550639783699182 ], [ 16.518702201845315, 46.552693392785898 ], [ 16.518724999659071, 46.553076000357294 ], [ 16.515204000064614, 46.557274999741594 ], [ 16.513524912744572, 46.559112455875322 ], [ 16.510750999758841, 46.562147999630497 ], [ 16.50811916616675, 46.56492555487057 ], [ 16.508077999700049, 46.564969000219378 ], [ 16.506345787628163, 46.564127106181161 ], [ 16.50510900038023, 46.56352600022484 ], [ 16.501036999657856, 46.561698999609177 ], [ 16.500189000122361, 46.561602999678882 ], [ 16.496537999928819, 46.561699999655445 ], [ 16.493356999825664, 46.562212999930068 ], [ 16.493221232773863, 46.562520205643011 ], [ 16.493101999757528, 46.562789999558959 ], [ 16.493099999665333, 46.562798062880347 ], [ 16.493049821991747, 46.563000357280771 ], [ 16.493000000449683, 46.563201212765875 ], [ 16.492975000196225, 46.563301999787654 ], [ 16.492551000428307, 46.563879000315694 ], [ 16.491745000131743, 46.564168000153131 ], [ 16.490429999744777, 46.564520000197888 ], [ 16.486824999873875, 46.564681000427925 ], [ 16.48322000000303, 46.565129000403147 ], [ 16.482541000167089, 46.565514000171049 ], [ 16.482287000144993, 46.565898999938952 ], [ 16.482243999960815, 46.566443999890737 ], [ 16.482253086710671, 46.566678549375638 ], [ 16.482313614681743, 46.568240844439458 ], [ 16.482420466731242, 46.570998832230487 ], [ 16.482583000305397, 46.575193999603471 ], [ 16.482292714437335, 46.576078142892015 ], [ 16.481141000356956, 46.579585999794176 ], [ 16.479460453437241, 46.582590497153888 ], [ 16.479402000202242, 46.582695000174169 ], [ 16.478341999883469, 46.583945000261622 ], [ 16.476985000257685, 46.585162999772649 ], [ 16.474227999922277, 46.5871820002493 ], [ 16.473592000270628, 46.587471000086737 ], [ 16.473553019156611, 46.587466107774731 ], [ 16.473337000202434, 46.587439000409688 ], [ 16.472997999857853, 46.5871820002493 ], [ 16.472021999815468, 46.586604999721089 ], [ 16.470623000051603, 46.585932000161677 ], [ 16.470070999776965, 46.585771999977908 ], [ 16.469873999685319, 46.585771999977908 ], [ 16.469477000263396, 46.585771999977908 ], [ 16.4692230002413, 46.58586799990843 ], [ 16.467964256945038, 46.5872466812894 ], [ 16.467144999741947, 46.588143999645922 ], [ 16.465363000302204, 46.590516000213427 ], [ 16.46413300023795, 46.592438999860065 ], [ 16.463284999803079, 46.593913000384703 ], [ 16.463238182895964, 46.594027839313469 ], [ 16.463115000057257, 46.594329999829654 ], [ 16.463242999664772, 46.594778999851144 ], [ 16.463223573409152, 46.594847145979031 ], [ 16.463125174986942, 46.595192306679735 ], [ 16.463115000057257, 46.59522799987235 ], [ 16.462951041057806, 46.595383855080911 ], [ 16.461799999670291, 46.596477999959745 ], [ 16.460647844022958, 46.597050196309624 ], [ 16.460315999583713, 46.597214999772575 ], [ 16.455522999786695, 46.598882000204128 ], [ 16.455512165653943, 46.598887834106392 ], [ 16.45183299959325, 46.60086900010441 ], [ 16.447489655423283, 46.607069777048764 ], [ 16.446871000096621, 46.607953000330838 ], [ 16.446531869350395, 46.608604392778545 ], [ 16.446404000144526, 46.608850000327436 ], [ 16.445555999709654, 46.610741000297025 ], [ 16.444241000222064, 46.611061999811625 ], [ 16.43452800016712, 46.612985000357639 ], [ 16.432987879686891, 46.613169393752571 ], [ 16.432915999573879, 46.613178000264497 ], [ 16.429396000025463, 46.613209999941546 ], [ 16.427189999918653, 46.613112999965153 ], [ 16.427179478749963, 46.613112250829829 ], [ 16.424941999673649, 46.612952999781214 ], [ 16.424517999905902, 46.613178000264497 ], [ 16.417817000254388, 46.619715999593836 ], [ 16.416841000212173, 46.620742000143252 ], [ 16.414127000061171, 46.62455599975965 ], [ 16.41289699999669, 46.62673599956679 ], [ 16.412599999790245, 46.627217000164535 ], [ 16.411818436771455, 46.627723921022209 ], [ 16.407674464205343, 46.630411695143664 ], [ 16.407212999580395, 46.630711000312601 ], [ 16.404965000234597, 46.631767999593592 ], [ 16.404323602852116, 46.632047206713253 ], [ 16.403565999571413, 46.63237699979868 ], [ 16.400384346560486, 46.633531304825908 ], [ 16.399324000002707, 46.633915999723683 ], [ 16.398179000260768, 46.634140000160926 ], [ 16.396907000057979, 46.634107999584501 ], [ 16.396312999645204, 46.634011999654206 ], [ 16.396018000430502, 46.634011999654206 ], [ 16.394446999929244, 46.634011999654206 ], [ 16.392664999590124, 46.634075999907452 ], [ 16.391845638065888, 46.634156377714817 ], [ 16.391350000102534, 46.634204999561121 ], [ 16.390968999619815, 46.634685000112768 ], [ 16.389780999693471, 46.637827000216078 ], [ 16.389764332558059, 46.637977785046928 ], [ 16.389757925787819, 46.638035747252047 ], [ 16.389731134084741, 46.638278144221033 ], [ 16.389696361797633, 46.63859272257622 ], [ 16.389643743364104, 46.639068770607309 ], [ 16.389623944789264, 46.639247888579291 ], [ 16.38961099994782, 46.639365000094813 ], [ 16.38961099994782, 46.639845999793181 ], [ 16.389699999555489, 46.63989277982796 ], [ 16.390586999990205, 46.640359000067974 ], [ 16.391124012163573, 46.640500000274869 ], [ 16.39128403033385, 46.640542014802179 ], [ 16.391504870553376, 46.640600000389895 ], [ 16.391561999986493, 46.640615000182265 ], [ 16.392015707059272, 46.640957952147915 ], [ 16.392028999938418, 46.640968000273062 ], [ 16.391797624161029, 46.641107884421444 ], [ 16.387788000416037, 46.643531999802065 ], [ 16.386684999912802, 46.643884999892919 ], [ 16.386006000076918, 46.644076999753906 ], [ 16.385927896655232, 46.644195077141205 ], [ 16.385896756730119, 46.644242153952291 ], [ 16.385878999616295, 46.644268999614667 ], [ 16.385624000447308, 46.646224999883998 ], [ 16.384776000012437, 46.652763000112486 ], [ 16.384861000334979, 46.653243999810854 ], [ 16.38503100008063, 46.653500999971243 ], [ 16.385242999964589, 46.653661000155182 ], [ 16.385309416696259, 46.653664583953514 ], [ 16.385836000331267, 46.653692999832231 ], [ 16.386641999728624, 46.653628999578757 ], [ 16.386971637231341, 46.653638941584006 ], [ 16.387510380599622, 46.653655191434041 ], [ 16.387703000093495, 46.653661000155182 ], [ 16.390173244399875, 46.655113378279964 ], [ 16.390375000106246, 46.655231999757063 ], [ 16.390844689930475, 46.655695722579708 ], [ 16.390926000334787, 46.655775999662808 ], [ 16.393085215909991, 46.659200000179851 ], [ 16.393089000257248, 46.6592059995574 ], [ 16.393330578843177, 46.65972231563245 ], [ 16.393344000325385, 46.659751000408448 ], [ 16.393343189136942, 46.659772756807399 ], [ 16.393301000141207, 46.660904999666172 ], [ 16.393274103217379, 46.661099999665282 ], [ 16.393249976205539, 46.661274918702532 ], [ 16.393216999864762, 46.661513999871261 ], [ 16.39282886326157, 46.661828300335856 ], [ 16.392028999938418, 46.66247600016743 ], [ 16.391754246261542, 46.662725266158191 ], [ 16.391393000286712, 46.663052999796093 ], [ 16.391461070871799, 46.663293125077757 ], [ 16.391519999848185, 46.663500999771372 ], [ 16.392071000076726, 46.663757999931875 ], [ 16.39266172156124, 46.663948940391435 ], [ 16.393259000002899, 46.66414199965368 ], [ 16.39508299958095, 46.664527000320959 ], [ 16.39514010203419, 46.664522689870296 ], [ 16.395931000015764, 46.664463000067485 ], [ 16.396403070345457, 46.664364619631613 ], [ 16.399336508673059, 46.663753288383589 ], [ 16.399545090233801, 46.663709819652581 ], [ 16.399621000209038, 46.663693999678458 ], [ 16.399918000415482, 46.663500999771372 ], [ 16.401247594101278, 46.661899999685431 ], [ 16.40127500004121, 46.661866999962115 ], [ 16.402844999597164, 46.659591000224452 ], [ 16.403190705286875, 46.659525643793472 ], [ 16.405220000302961, 46.659142000203303 ], [ 16.406958999558299, 46.659302000387072 ], [ 16.407088645824501, 46.659298737646793 ], [ 16.408230999760917, 46.659269999810647 ], [ 16.414295999760725, 46.65891799976589 ], [ 16.418495000044402, 46.658308999560802 ], [ 16.419556000409102, 46.658405000390474 ], [ 16.419635922260113, 46.658525637248488 ], [ 16.419733494205502, 46.658672915622731 ], [ 16.419768000293061, 46.658724999859032 ], [ 16.420659000012961, 46.662091000399528 ], [ 16.420578287657918, 46.662456576609884 ], [ 16.420573999690419, 46.66247600016743 ], [ 16.420106999738323, 46.662988000395956 ], [ 16.419259000202828, 46.663469000094324 ], [ 16.418495000044402, 46.66414199965368 ], [ 16.418580000366717, 46.664398999814068 ], [ 16.418587451250005, 46.664404182607086 ], [ 16.419131999741978, 46.664783000435193 ], [ 16.420913000035, 46.66580900008546 ], [ 16.422013917708114, 46.666437339311756 ], [ 16.422990999634976, 46.666994999919439 ], [ 16.423577264978974, 46.667377264848994 ], [ 16.423925000438601, 46.667604000124697 ], [ 16.424077672046963, 46.667877671917154 ], [ 16.424125014158165, 46.66796253374406 ], [ 16.42472999978969, 46.669047000119065 ], [ 16.424857896874414, 46.669657896994522 ], [ 16.424984999857884, 46.670264999630092 ], [ 16.425055507605578, 46.670762994716483 ], [ 16.425111030849564, 46.671155153088023 ], [ 16.425112000318677, 46.67116199962669 ], [ 16.424984999857884, 46.671803000408204 ], [ 16.424981180437157, 46.67180627304117 ], [ 16.424349000206348, 46.672348000360046 ], [ 16.420870999896749, 46.676161999976443 ], [ 16.420902637147037, 46.676302636857201 ], [ 16.421619692694776, 46.679490153448 ], [ 16.421628266831021, 46.679528266716261 ], [ 16.421675251012005, 46.679737124368842 ], [ 16.422063008101418, 46.681460811767181 ], [ 16.422990999634976, 46.68558600019378 ], [ 16.423106413230471, 46.685825650633376 ], [ 16.423161000280004, 46.685939000284804 ], [ 16.424050069155385, 46.687533425427262 ], [ 16.425662999647841, 46.690426000359764 ], [ 16.426057284016565, 46.690986024385666 ], [ 16.426724000012769, 46.691932999708342 ], [ 16.427401999802612, 46.692510000236439 ], [ 16.428547999590648, 46.693342999979564 ], [ 16.428801999612688, 46.693952000184652 ], [ 16.428419999983078, 46.694272999699308 ], [ 16.426935999896557, 46.695073999765384 ], [ 16.425541673909265, 46.695558326055902 ], [ 16.425421698952334, 46.695599999740352 ], [ 16.425367000386871, 46.695618999717226 ], [ 16.425118043762836, 46.695640978248548 ], [ 16.423452171080896, 46.695788042584184 ], [ 16.419556000409102, 46.696131999991849 ], [ 16.404116999799783, 46.697382000079244 ], [ 16.403174387088313, 46.6974137479462 ], [ 16.401707853634719, 46.697463142310141 ], [ 16.39477821124558, 46.69769653706561 ], [ 16.394615999628797, 46.697702000447009 ], [ 16.393514794172575, 46.69773826470913 ], [ 16.391800000169951, 46.697794735838443 ], [ 16.391640154669574, 46.697799999570464 ], [ 16.389596115268546, 46.697867313825611 ], [ 16.389042219223029, 46.697885554774643 ], [ 16.386812000373652, 46.697958999708135 ], [ 16.385621700880904, 46.697995659672074 ], [ 16.3847339998743, 46.698022999961609 ], [ 16.384643820356075, 46.69803595469557 ], [ 16.383843000154457, 46.698150999569123 ], [ 16.382739999651449, 46.698375000006365 ], [ 16.379664473836442, 46.699435526428431 ], [ 16.375953999677392, 46.700714999997444 ], [ 16.374936000396247, 46.701099999765347 ], [ 16.372348999806491, 46.702605999967034 ], [ 16.371452676100205, 46.703134196985786 ], [ 16.369846000392727, 46.70408099963845 ], [ 16.369809102108491, 46.704305904793728 ], [ 16.369804000254589, 46.704336999752854 ], [ 16.372943000219436, 46.706357000275432 ], [ 16.376165999561351, 46.708088000061252 ], [ 16.379050000357381, 46.70972199987051 ], [ 16.379983000215361, 46.710715999843671 ], [ 16.380364999845028, 46.711870000000658 ], [ 16.380406999983109, 46.71443400042881 ], [ 16.380238000283555, 46.715843999800825 ], [ 16.3787110000128, 46.715973000353813 ], [ 16.37742483458851, 46.716237582698454 ], [ 16.377311000202667, 46.716261000145096 ], [ 16.376072804616228, 46.716799999820239 ], [ 16.375912000438632, 46.716870000350411 ], [ 16.375149362753007, 46.717497451945974 ], [ 16.373475023853302, 46.718874996583963 ], [ 16.372607510828004, 46.719588733633316 ], [ 16.37256099969045, 46.719626999786271 ], [ 16.372519877290586, 46.71972018483882 ], [ 16.372264000383382, 46.720300000245004 ], [ 16.371839999716258, 46.72126199964174 ], [ 16.371708540416989, 46.721417079634705 ], [ 16.371160999880317, 46.722062999707646 ], [ 16.370808453947063, 46.722138969038213 ], [ 16.370567000366748, 46.722191000214593 ], [ 16.368743999935816, 46.720972999804189 ], [ 16.368038696728661, 46.720384674113461 ], [ 16.367513999871335, 46.719947000153979 ], [ 16.367474648236509, 46.719850704346527 ], [ 16.367344000125684, 46.71953099985592 ], [ 16.366199000383688, 46.718761000320001 ], [ 16.364757000435304, 46.718023999607965 ], [ 16.363272000302629, 46.717319000371731 ], [ 16.362175009968894, 46.716799999820239 ], [ 16.357377000048643, 46.714530000359275 ], [ 16.357367704655928, 46.714529460766187 ], [ 16.357022635686121, 46.714509457145766 ], [ 16.356824999774005, 46.71449799978285 ], [ 16.356189000122299, 46.714882999550923 ], [ 16.355340999687485, 46.715747999870473 ], [ 16.353517000109605, 46.718313000344722 ], [ 16.352287000045123, 46.720812999620421 ], [ 16.351013999796294, 46.723441000301989 ], [ 16.350617897897791, 46.72430000034484 ], [ 16.349658997564802, 46.726379499114671 ], [ 16.349062999757791, 46.727672000262714 ], [ 16.349105999941969, 46.728152999961083 ], [ 16.348936000196318, 46.729307000118013 ], [ 16.348596999851736, 46.730813000319756 ], [ 16.347918000015795, 46.732287999991286 ], [ 16.347197000041604, 46.733761999616775 ], [ 16.346178999861081, 46.734852000419608 ], [ 16.344355000283031, 46.735749999562927 ], [ 16.343337000102565, 46.736295000413975 ], [ 16.342659000312722, 46.73712800015727 ], [ 16.341513999671406, 46.73857000010554 ], [ 16.340199000183816, 46.740718000235631 ], [ 16.339266000325779, 46.741712000208622 ], [ 16.338545000351587, 46.74219199986095 ], [ 16.337527000171065, 46.7424809996985 ], [ 16.336253999922235, 46.74276900038916 ], [ 16.335193999603575, 46.742898000042828 ], [ 16.334134000183951, 46.743058000226597 ], [ 16.333496999586998, 46.743377999695099 ], [ 16.332309999706752, 46.744596000105503 ], [ 16.331758000331433, 46.745590000078494 ], [ 16.331758000331433, 46.746135000030336 ], [ 16.331885999939004, 46.746744000235424 ], [ 16.331800999616462, 46.747289000187266 ], [ 16.331418999986852, 46.747545000301557 ], [ 16.328832000296643, 46.748924000042621 ], [ 16.327365588251382, 46.749699999855295 ], [ 16.327290000233404, 46.749739999901237 ], [ 16.326373000213835, 46.750085999669238 ], [ 16.325227000425798, 46.750563000082479 ], [ 16.325200000079974, 46.750575437706402 ], [ 16.323953953412342, 46.751149436297624 ], [ 16.322935156432436, 46.751618749305976 ], [ 16.322875999927476, 46.75164599966331 ], [ 16.319840987671569, 46.753719875871695 ], [ 16.318692000335716, 46.754505000205768 ], [ 16.318599999690207, 46.754667069729635 ], [ 16.318347999760476, 46.75511100027262 ], [ 16.318577000428377, 46.755458000086719 ], [ 16.318647859810881, 46.755495718552595 ], [ 16.319552000424665, 46.755976999738891 ], [ 16.319682626951646, 46.756091312564024 ], [ 16.319707448240138, 46.756113033889562 ], [ 16.320419442403534, 46.756736112082024 ], [ 16.320641000282023, 46.756929999619842 ], [ 16.321558000301593, 46.757840000215992 ], [ 16.321787000070117, 46.758532999798149 ], [ 16.321791032630131, 46.758608967330133 ], [ 16.321901999977456, 46.760698999859017 ], [ 16.32197184492469, 46.76177184519463 ], [ 16.322073999815302, 46.763341000287085 ], [ 16.322235865193136, 46.764320674059945 ], [ 16.32229216904841, 46.764661446068942 ], [ 16.322302999583769, 46.764727000350945 ], [ 16.322597160630608, 46.764897161075226 ], [ 16.323277999580057, 46.76529100027949 ], [ 16.324204947900114, 46.765960989807866 ], [ 16.325914999777467, 46.76719700004162 ], [ 16.326582088992268, 46.768146265937503 ], [ 16.326888999727714, 46.76858300010548 ], [ 16.328437000067538, 46.770922000050291 ], [ 16.329088940202439, 46.773199999880148 ], [ 16.32910857689933, 46.773268614554979 ], [ 16.329619311781812, 46.775053219330744 ], [ 16.32981299967031, 46.775729999639907 ], [ 16.329985000407532, 46.777203000118448 ], [ 16.329869615590439, 46.777899999885165 ], [ 16.32981299967031, 46.778242000368209 ], [ 16.329354000087051, 46.778328999883513 ], [ 16.328380000137031, 46.778242000368209 ], [ 16.326373000213835, 46.777982000069414 ], [ 16.324711000012712, 46.777766000001066 ], [ 16.322875999927476, 46.777678999586215 ], [ 16.316627999582636, 46.777548999886505 ], [ 16.312451521920309, 46.778095954065122 ], [ 16.312332895946554, 46.778111489853472 ], [ 16.312329000083366, 46.778111999769123 ], [ 16.312200000429698, 46.778258250218187 ], [ 16.311985000407503, 46.778501999767627 ], [ 16.311067000341836, 46.783353999587519 ], [ 16.311081875128593, 46.783718125191513 ], [ 16.311097475668078, 46.784099999815169 ], [ 16.311118258101317, 46.78460871032388 ], [ 16.311182000249232, 46.786168999899473 ], [ 16.311411000017699, 46.787252000379681 ], [ 16.311985000407503, 46.789244999657114 ], [ 16.312027852203755, 46.789455703617875 ], [ 16.31239137166466, 46.791243142157327 ], [ 16.312442999944608, 46.791497000086622 ], [ 16.312816730307929, 46.79341127990682 ], [ 16.312959000357694, 46.794139999661411 ], [ 16.312959000357694, 46.79491899961215 ], [ 16.312672999759172, 46.796478999606222 ], [ 16.312672999759172, 46.797607071409345 ], [ 16.312672999759172, 46.797670077012526 ], [ 16.312672999759172, 46.797821000339013 ], [ 16.317774000269878, 46.801114000211101 ], [ 16.325227000425798, 46.801589999678811 ], [ 16.32651462814772, 46.801665851198209 ], [ 16.328945547798924, 46.80180905114679 ], [ 16.332221000099253, 46.802001999792481 ], [ 16.33442800025216, 46.80241399990615 ], [ 16.334444358919995, 46.80241739934354 ], [ 16.336405999737281, 46.80282499997395 ], [ 16.338354999683588, 46.80323700008762 ], [ 16.339673000208847, 46.803865000269582 ], [ 16.340418000390571, 46.804255000268085 ], [ 16.340876999973602, 46.805186000033927 ], [ 16.341020000272863, 46.805966000030935 ], [ 16.340906000411564, 46.806572000097788 ], [ 16.340679948620789, 46.807919543352398 ], [ 16.340389999998536, 46.809647999855429 ], [ 16.340839681706029, 46.813760090555775 ], [ 16.341020000272863, 46.815409000225372 ], [ 16.34176499955521, 46.82106200011134 ], [ 16.342187785238139, 46.822000000199978 ], [ 16.344164124574775, 46.82638475005632 ], [ 16.344261145235748, 46.826600000089911 ], [ 16.344330992881112, 46.826754966768362 ], [ 16.34540600018687, 46.829140000310929 ], [ 16.345606000416751, 46.829182999595787 ], [ 16.34703899995003, 46.829118000195592 ], [ 16.350879999912195, 46.829140000310929 ], [ 16.35099499981942, 46.830179999707411 ], [ 16.350966000280778, 46.830851000073778 ], [ 16.350909000350157, 46.831760999770381 ], [ 16.350536000236332, 46.832929999719795 ], [ 16.348185999784164, 46.839232999903118 ], [ 16.348000000199875, 46.839689889676777 ], [ 16.347842000108301, 46.840078000199696 ], [ 16.346400387767858, 46.841499805871479 ], [ 16.341363999948726, 46.846466999852225 ], [ 16.340469101667736, 46.846423591375753 ], [ 16.336004000084699, 46.846206999553431 ], [ 16.332931981625677, 46.845863963051443 ], [ 16.329985999554424, 46.845535000040343 ], [ 16.329184000341399, 46.846660999805408 ], [ 16.32456899975972, 46.850474000275085 ], [ 16.32313600022627, 46.85110199955767 ], [ 16.320385000167789, 46.853160000034052 ], [ 16.320012000053794, 46.853895999800613 ], [ 16.320000000399887, 46.853925361766073 ], [ 16.319832965718888, 46.854334066763897 ], [ 16.319410000171501, 46.855369000279325 ], [ 16.319037000057676, 46.856192999607288 ], [ 16.318291999875953, 46.856581999559751 ], [ 16.317478000109702, 46.856715000297072 ], [ 16.317099999765219, 46.856746397428367 ], [ 16.316865846881512, 46.856765847066356 ], [ 16.316863999673956, 46.856765999950994 ], [ 16.316009999861762, 46.856817999651014 ], [ 16.314370999821904, 46.856662999697733 ], [ 16.312129999899696, 46.856561000389888 ], [ 16.30849000021351, 46.856712000158836 ], [ 16.308555360241655, 46.858210720348552 ], [ 16.308575999682773, 46.858684000266578 ], [ 16.308318000375493, 46.859008999965511 ], [ 16.306368251293861, 46.859500000125024 ], [ 16.305645502138191, 46.859682007618687 ], [ 16.305308000064258, 46.859766999847238 ], [ 16.30446699995224, 46.859760000423819 ], [ 16.303340000141077, 46.859502000217162 ], [ 16.302012000053935, 46.859485000332654 ], [ 16.301970545804124, 46.859529408855224 ], [ 16.300925537183844, 46.860648926306908 ], [ 16.300858487329492, 46.860720756058129 ], [ 16.299500000225009, 46.862176101945693 ], [ 16.298915550612207, 46.862802221645211 ], [ 16.298716000043441, 46.8630160003882 ], [ 16.298457999836955, 46.863363000202355 ], [ 16.298074665613399, 46.864104004696173 ], [ 16.297741000047097, 46.864749000266215 ], [ 16.297275161119842, 46.86610505380537 ], [ 16.297224590442625, 46.866252264730406 ], [ 16.29716799970339, 46.86641699984483 ], [ 16.297107624617354, 46.866792375068201 ], [ 16.297052999796222, 46.867132000441529 ], [ 16.295075000311101, 46.870683999666937 ], [ 16.29455999994417, 46.871161000080178 ], [ 16.29150000002511, 46.87279545404715 ], [ 16.291497752619307, 46.872796653742625 ], [ 16.292899999835242, 46.873999999700231 ], [ 16.295099999665354, 46.876000000199895 ], [ 16.29710000016496, 46.87980000007002 ], [ 16.297599999840259, 46.881299999995178 ], [ 16.297499999725176, 46.883200000379759 ], [ 16.29739999961032, 46.884000000399737 ], [ 16.297900000184995, 46.885899999885169 ], [ 16.298100000414877, 46.886300000344932 ], [ 16.298900000434685, 46.887499999925183 ], [ 16.303199999980109, 46.889899999985175 ], [ 16.32259999979027, 46.892199999930199 ], [ 16.328699999605419, 46.892799999720296 ], [ 16.330299999645433, 46.892799999720296 ], [ 16.330900000334907, 46.89240000015991 ], [ 16.333200000279874, 46.890200000329912 ], [ 16.33790000028489, 46.886900000135029 ], [ 16.348700000105055, 46.880700000204854 ], [ 16.350400000259924, 46.879900000185046 ], [ 16.352100000414794, 46.879200000279923 ], [ 16.357699999655267, 46.879300000394778 ], [ 16.35880000002004, 46.879399999610428 ], [ 16.360999999850151, 46.880199999630406 ], [ 16.362599999890165, 46.881400000110034 ], [ 16.374099999615282, 46.88349999982529 ], [ 16.386899999935224, 46.884199999730299 ], [ 16.393099999865228, 46.883200000379759 ], [ 16.400999999950102, 46.880700000204854 ], [ 16.404400000259841, 46.87740000000997 ], [ 16.415500000424686, 46.877299999895115 ], [ 16.432700000404736, 46.880000000299901 ], [ 16.43699999995016, 46.881999999900131 ], [ 16.437499999625402, 46.884199999730299 ], [ 16.437100000065016, 46.891899999585405 ], [ 16.438200000429731, 46.902600000189921 ], [ 16.440400000259899, 46.914400000259946 ], [ 16.441800000069975, 46.920199999730357 ], [ 16.443199999880107, 46.925899999985063 ], [ 16.443699999555406, 46.927099999565485 ], [ 16.44529999959542, 46.929400000409828 ], [ 16.453099999565381, 46.940200000229993 ], [ 16.454099999815298, 46.941399999810244 ], [ 16.455699999855142, 46.942600000289815 ], [ 16.456800000219914, 46.94340000030985 ], [ 16.459000000050025, 46.944599999890272 ], [ 16.460100000414798, 46.944599999890272 ], [ 16.460600000090039, 46.944599999890272 ], [ 16.461199999880137, 46.944599999890272 ], [ 16.462400000359764, 46.943899999985092 ], [ 16.461299999994992, 46.943099999965114 ], [ 16.461899999785317, 46.941999999600341 ], [ 16.465799999770297, 46.941299999695389 ], [ 16.474700000105088, 46.940699999905235 ], [ 16.475299999895185, 46.940699999905235 ], [ 16.476400000259957, 46.94080000002009 ], [ 16.478000000299744, 46.941600000040125 ], [ 16.476699999705318, 46.945299999795225 ], [ 16.473400000409811, 46.944900000235009 ], [ 16.471000000349761, 46.950200000030122 ], [ 16.470200000329783, 46.954699999805257 ], [ 16.470200000329783, 46.955100000264849 ], [ 16.471399999910204, 46.963899999585351 ], [ 16.469400000309747, 46.971500000224864 ], [ 16.466100000115034, 46.979200000080027 ], [ 16.463700000055042, 46.98429999964543 ], [ 16.453700000254912, 46.984100000314925 ], [ 16.451300000194863, 46.987800000070024 ], [ 16.450099999715292, 46.989299999995183 ], [ 16.446600000189846, 46.992700000304922 ], [ 16.445619696891583, 46.993178237285974 ], [ 16.446761999566604, 46.996549999782701 ], [ 16.447104000049649, 46.999322999956576 ], [ 16.446860999635589, 47.0010579999269 ], [ 16.446640000235789, 47.001588000086201 ], [ 16.446571999797982, 47.002296000360275 ], [ 16.446632999913163, 47.00271699998973 ], [ 16.446722000420039, 47.002933000058079 ], [ 16.447124305842067, 47.003281310184434 ], [ 16.44718971893036, 47.003337944090845 ], [ 16.447250999634093, 47.003390999595013 ], [ 16.447576430108313, 47.003552860476191 ], [ 16.447671207859969, 47.003600000239885 ], [ 16.447821999885434, 47.003675000101339 ], [ 16.451424144408918, 47.004262072136953 ], [ 16.451435623355394, 47.00426394272688 ], [ 16.451512857132627, 47.004276529638275 ], [ 16.451620655269096, 47.00429409879365 ], [ 16.451662999847599, 47.004301000191163 ], [ 16.452243999660823, 47.004212999730214 ], [ 16.454162979338037, 47.003320991870453 ], [ 16.454200799427326, 47.003303412822333 ], [ 16.454485530183092, 47.003171059596752 ], [ 16.454498939074881, 47.003164827295109 ], [ 16.458102000007329, 47.001490000063541 ], [ 16.459440823435273, 47.00088905508585 ], [ 16.459474112740281, 47.00087411285017 ], [ 16.460210783401124, 47.00054345101961 ], [ 16.460233330303936, 47.000533330049223 ], [ 16.461128984015488, 47.000131306114895 ], [ 16.461141034930961, 47.00012589669285 ], [ 16.461534338139302, 46.999949358875938 ], [ 16.461745362258682, 46.999854637781311 ], [ 16.461875999577785, 46.999796000185427 ], [ 16.465859713854854, 46.998010429537771 ], [ 16.465874531084751, 46.998003788044571 ], [ 16.466028000391873, 46.99793499980052 ], [ 16.467471819668845, 46.997874185845035 ], [ 16.46752818827531, 46.997871811634866 ], [ 16.468456144735455, 46.997832726199533 ], [ 16.468493462103652, 46.99783115328529 ], [ 16.469492947041999, 46.997789055120847 ], [ 16.469571372420944, 46.997785751911067 ], [ 16.47060373657331, 46.99774226789151 ], [ 16.470659934308685, 46.997739900875729 ], [ 16.470895000004305, 46.997730000239358 ], [ 16.471163999818884, 46.997660999755453 ], [ 16.47144400014065, 46.997523999732891 ], [ 16.471613537634767, 46.997437758345882 ], [ 16.471712669004546, 46.997387331560162 ], [ 16.472440559584186, 46.997017061788142 ], [ 16.472474098900534, 46.997000000749495 ], [ 16.474185211978067, 46.996129576618671 ], [ 16.474205995310456, 46.996119004188813 ], [ 16.474243354047587, 46.996099999715284 ], [ 16.474270000959962, 46.996086445133471 ], [ 16.474609000405223, 46.995914000130995 ], [ 16.478725999605217, 46.993884000046705 ], [ 16.478966999927138, 46.99381400041591 ], [ 16.479393999833349, 46.99378800011624 ], [ 16.482012000053885, 46.994056999930649 ], [ 16.48320500021066, 46.994181000253036 ], [ 16.483361726862256, 46.994212758012452 ], [ 16.483382876218798, 46.994217043281992 ], [ 16.483556947195495, 46.994252315592064 ], [ 16.483711939054842, 46.994283721716499 ], [ 16.483965000184753, 46.99433500016022 ], [ 16.484957000065549, 46.994770999582045 ], [ 16.485730812726956, 46.99514020455689 ], [ 16.486147287867198, 46.995338915158811 ], [ 16.486215148010842, 46.99537129255117 ], [ 16.486395849688847, 46.995457509656433 ], [ 16.48664000033591, 46.995573999740486 ], [ 16.486727220185173, 46.995656331774342 ], [ 16.486904790423864, 46.99582395011538 ], [ 16.48845999972923, 46.997291999825961 ], [ 16.48847772266879, 46.997340759268695 ], [ 16.488479619338989, 46.997345978034559 ], [ 16.488641626809738, 46.99779170362433 ], [ 16.488656999820819, 46.997833999639397 ], [ 16.488663236619118, 46.997873525742648 ], [ 16.488823000281343, 46.998885999589277 ], [ 16.488839776234784, 46.998993184388098 ], [ 16.488843624433855, 46.999017769154875 ], [ 16.489028660844212, 47.000199999930146 ], [ 16.489033979434794, 47.000233979914356 ], [ 16.489043999680916, 47.000297999952863 ], [ 16.489091000049655, 47.000423000321291 ], [ 16.489169000049344, 47.000495000044282 ], [ 16.490759999674367, 47.000051000253563 ], [ 16.491858189703805, 46.999579094499609 ], [ 16.491926226114629, 46.999549858439309 ], [ 16.492011999854014, 46.999512999725198 ], [ 16.494442164074599, 46.998686359987516 ], [ 16.49449909565692, 46.998666994886037 ], [ 16.494795999635642, 46.998566000120945 ], [ 16.496341064588592, 46.998329467630981 ], [ 16.496468116310666, 46.998310017093786 ], [ 16.496625000343499, 46.99828599979918 ], [ 16.496976000342158, 46.998238000283493 ], [ 16.49740697435243, 46.998307650977438 ], [ 16.497632106136962, 46.998344034849367 ], [ 16.509969999715736, 47.000337999998806 ], [ 16.51174999996266, 47.000920999904395 ], [ 16.512438000213592, 47.001220000203034 ], [ 16.512430999890739, 47.003313999641421 ], [ 16.512400000259788, 47.003327900462352 ], [ 16.512345222554075, 47.003352463645285 ], [ 16.512218541352695, 47.003409270221823 ], [ 16.512170967216434, 47.003430603039988 ], [ 16.504104772417406, 47.007047614256066 ], [ 16.504065999945965, 47.007064999949819 ], [ 16.503792258905605, 47.007174496006314 ], [ 16.503403014337664, 47.007330194732731 ], [ 16.502280529123198, 47.007779187559493 ], [ 16.501916953904413, 47.007924618726349 ], [ 16.501564907994293, 47.008065436370828 ], [ 16.500749909081094, 47.008391436115858 ], [ 16.500447337574599, 47.008512465078184 ], [ 16.500024163384523, 47.008681734574566 ], [ 16.499799750158388, 47.008771499505201 ], [ 16.499015999988558, 47.00908499957319 ], [ 16.498106000291784, 47.009448999272024 ], [ 16.49681173467394, 47.009966705698901 ], [ 16.496630999721049, 47.010039000399615 ], [ 16.496204425194037, 47.010168996502046 ], [ 16.496082999630744, 47.010206000007031 ], [ 16.495786000323847, 47.010240999822315 ], [ 16.495463920723523, 47.010221821779737 ], [ 16.495333563093595, 47.01021406063046 ], [ 16.493989000192187, 47.01013400028404 ], [ 16.493702914158234, 47.010110448838248 ], [ 16.493575989240526, 47.010100000514626 ], [ 16.492835000035257, 47.010039000399615 ], [ 16.492771144572828, 47.010074607257366 ], [ 16.492725609199681, 47.010099999615477 ], [ 16.492513999621451, 47.010217999661108 ], [ 16.49240022908748, 47.010316915193584 ], [ 16.492391967015749, 47.010324098078797 ], [ 16.489791138450414, 47.012585317458559 ], [ 16.489722683854836, 47.012644832792887 ], [ 16.48886100023509, 47.013394000432811 ], [ 16.488846791846129, 47.013406417372266 ], [ 16.488781775358632, 47.013463235639904 ], [ 16.487284297132589, 47.014771900303117 ], [ 16.487241952554086, 47.014808905606628 ], [ 16.486791000104688, 47.015203000218321 ], [ 16.486636258256738, 47.015370265125682 ], [ 16.486603068776731, 47.015406139082131 ], [ 16.484716590598282, 47.017445275379259 ], [ 16.484709923923958, 47.017452480747465 ], [ 16.484578999721123, 47.017593999863379 ], [ 16.483805000000814, 47.019663999993782 ], [ 16.483801369437742, 47.019720355110451 ], [ 16.483799999770326, 47.019741608788365 ], [ 16.483788024397995, 47.019927497755873 ], [ 16.483782206683486, 47.02001779328657 ], [ 16.48378199983955, 47.020021000268969 ], [ 16.482187000030137, 47.022042999984535 ], [ 16.482067086227175, 47.022165827590982 ], [ 16.482054322149395, 47.022178901934865 ], [ 16.481693247045882, 47.022548750824342 ], [ 16.481680160111353, 47.022562156118624 ], [ 16.481651999640235, 47.022591000074669 ], [ 16.477832999793179, 47.021389000402053 ], [ 16.476618999567336, 47.024005999677115 ], [ 16.476381000283027, 47.02455399976742 ], [ 16.475298999849088, 47.027087999711512 ], [ 16.475129000103436, 47.027357000425297 ], [ 16.474826999666334, 47.027483999986771 ], [ 16.472629999974629, 47.028211000237491 ], [ 16.467958000361534, 47.029740999747332 ], [ 16.467378044661132, 47.029884831020297 ], [ 16.467294433791096, 47.02990556668874 ], [ 16.465078999796106, 47.030455000298105 ], [ 16.465057129183208, 47.030494268296025 ], [ 16.465039332499259, 47.03052622210754 ], [ 16.464991000234477, 47.030613000389735 ], [ 16.464899999635463, 47.030732546369961 ], [ 16.464684969036057, 47.031015030619244 ], [ 16.463734999870326, 47.032263000037574 ], [ 16.463616185938292, 47.03228381394689 ], [ 16.463580227445618, 47.032290112798648 ], [ 16.463460999825315, 47.032310999553033 ], [ 16.46000697094513, 47.030900000135091 ], [ 16.459668500301063, 47.030761732068413 ], [ 16.459558999748083, 47.030716999789718 ], [ 16.459059000072841, 47.030442999744707 ], [ 16.458657665019302, 47.030194955932529 ], [ 16.458481143390145, 47.030085857376548 ], [ 16.458249999637871, 47.029943000069579 ], [ 16.458246160432111, 47.029940339874884 ], [ 16.458102839974174, 47.029841048425681 ], [ 16.452943999566003, 47.026266999622464 ], [ 16.452263727189234, 47.025798915987309 ], [ 16.452044772848012, 47.025648257960825 ], [ 16.449170569266414, 47.023670568741863 ], [ 16.449054934437754, 47.023591002123112 ], [ 16.447792000300751, 47.022721999820476 ], [ 16.447711842827403, 47.022788156648232 ], [ 16.44739906041832, 47.023046310638847 ], [ 16.441635490685371, 47.027803228736161 ], [ 16.441381877371782, 47.028012546841751 ], [ 16.439324000102658, 47.029711000162649 ], [ 16.441629000278226, 47.032291000429439 ], [ 16.44407499976154, 47.034319000421704 ], [ 16.444281000268006, 47.034575999682716 ], [ 16.44167799984001, 47.035470999587119 ], [ 16.440509999936637, 47.036012000253777 ], [ 16.440822999981549, 47.036437000067622 ], [ 16.441339000394578, 47.036826000020028 ], [ 16.442026999746304, 47.037189999718862 ], [ 16.443972999554376, 47.038200000429867 ], [ 16.446091000099614, 47.038938000288567 ], [ 16.44856600002106, 47.039531999802136 ], [ 16.451134999780493, 47.039960999800371 ], [ 16.454727999997317, 47.040127000261009 ], [ 16.455692000385625, 47.040044000030662 ], [ 16.456218000360536, 47.040103000053477 ], [ 16.457450999663934, 47.041601999932368 ], [ 16.458403043565795, 47.04255404383423 ], [ 16.458506999798374, 47.042658000066638 ], [ 16.458613223221846, 47.042690568115347 ], [ 16.458944342807285, 47.042792088983902 ], [ 16.459118595446796, 47.042845513210011 ], [ 16.459280000371791, 47.042895000204226 ], [ 16.461358321029763, 47.043119040211593 ], [ 16.46138883592613, 47.043122329032315 ], [ 16.461895999600756, 47.04317699971881 ], [ 16.464564000328494, 47.042983999811895 ], [ 16.467470000340313, 47.042911000042636 ], [ 16.467485024414373, 47.04291497594545 ], [ 16.468100999761361, 47.043077999650052 ], [ 16.46859625731156, 47.043230263865667 ], [ 16.468666372055452, 47.043251819715749 ], [ 16.468719000381668, 47.043268000318051 ], [ 16.469244988665366, 47.043480549687786 ], [ 16.470560301117189, 47.044012059808836 ], [ 16.470574999636597, 47.044017999830828 ], [ 16.470922390655801, 47.044161796929529 ], [ 16.470934673596332, 47.044166880797093 ], [ 16.471000000349761, 47.044193922511511 ], [ 16.471062999657761, 47.044220000153075 ], [ 16.471170000095412, 47.044672000312687 ], [ 16.47144400014065, 47.044909999596996 ], [ 16.471650016834872, 47.045000000149969 ], [ 16.471697690795793, 47.045020826649932 ], [ 16.473047144210398, 47.045610345740897 ], [ 16.473076730106982, 47.045623270797478 ], [ 16.474167999853364, 47.046099999615308 ], [ 16.474182383610128, 47.046105871288944 ], [ 16.474646358242921, 47.046295281102516 ], [ 16.475916999570018, 47.04681400016608 ], [ 16.478923631920225, 47.047193058113294 ], [ 16.479036319670513, 47.047207264703673 ], [ 16.479771888661844, 47.047300000994312 ], [ 16.479894397008934, 47.047315445951256 ], [ 16.482761380833153, 47.047676896971325 ], [ 16.48279875575804, 47.047681609418817 ], [ 16.483833000392679, 47.047812000323631 ], [ 16.484107000437689, 47.047835999631786 ], [ 16.48418999976866, 47.047561999586719 ], [ 16.48431700022951, 47.047098999819127 ], [ 16.484328999883587, 47.046998999704101 ], [ 16.48436995590879, 47.046997912423819 ], [ 16.484517965431849, 47.046993977889827 ], [ 16.484630000274421, 47.046991000234584 ], [ 16.486129000153312, 47.047027000096136 ], [ 16.497867000062058, 47.048418000390484 ], [ 16.498715999643821, 47.048811999674172 ], [ 16.50059600000543, 47.049941999623627 ], [ 16.506697999912888, 47.049448000225084 ], [ 16.507246000003022, 47.04951799985588 ], [ 16.510692999782123, 47.050775000266128 ], [ 16.512431999936837, 47.051657999617078 ], [ 16.520727000251043, 47.056048999761572 ], [ 16.520823484915923, 47.05648825832651 ], [ 16.520917000019665, 47.056914000081122 ], [ 16.520667000181959, 47.060494999744492 ], [ 16.520572000297705, 47.061648999901593 ], [ 16.518502000167302, 47.062577000428348 ], [ 16.511815000262231, 47.0654560000944 ], [ 16.511302503607681, 47.065648748191336 ], [ 16.510969605163211, 47.065773950007895 ], [ 16.507810373150335, 47.066962127100624 ], [ 16.507743077780901, 47.066987435821602 ], [ 16.506342999729725, 47.067513999671519 ], [ 16.5000970003764, 47.069774999616641 ], [ 16.498277000083533, 47.070285999799125 ], [ 16.495826000369789, 47.070595999705745 ], [ 16.491340000340927, 47.070749999612985 ], [ 16.490924000042696, 47.070618999866952 ], [ 16.490031000230658, 47.070239000329707 ], [ 16.487152999711327, 47.068966000080877 ], [ 16.486926238355295, 47.069075890939757 ], [ 16.48691548606098, 47.06908110161163 ], [ 16.484910650806, 47.070052661701084 ], [ 16.48489308884507, 47.070061173784211 ], [ 16.484749000366151, 47.070130999845958 ], [ 16.484188647188432, 47.070868875598308 ], [ 16.484009572384025, 47.07110468233526 ], [ 16.483192856665141, 47.072180142000036 ], [ 16.483165367088134, 47.072216340611817 ], [ 16.483094999634545, 47.072308999560789 ], [ 16.482984999957807, 47.072861999881525 ], [ 16.482798000327477, 47.073985999554395 ], [ 16.483072000372488, 47.074092999992047 ], [ 16.483372625746142, 47.074196089278132 ], [ 16.48339555396177, 47.074203952050823 ], [ 16.483559000347611, 47.074259999599462 ], [ 16.482908000004386, 47.07487900026581 ], [ 16.482666999682465, 47.07508099968851 ], [ 16.481203999664956, 47.074961999596781 ], [ 16.479574000040259, 47.074724000312472 ], [ 16.476611000097648, 47.074272000152689 ], [ 16.475529946649772, 47.074100000314843 ], [ 16.475467778315306, 47.074090108671612 ], [ 16.473643534121948, 47.073799864172429 ], [ 16.473570681841636, 47.073788272810589 ], [ 16.473172999834105, 47.073725000108709 ], [ 16.472934999650647, 47.073665000039796 ], [ 16.47274043222518, 47.074003812426099 ], [ 16.472733984985496, 47.074015038663276 ], [ 16.471108362361065, 47.076845819379059 ], [ 16.471102914268215, 47.076855305428182 ], [ 16.471056000234341, 47.076936999842815 ], [ 16.470912999935081, 47.078055000138136 ], [ 16.471618770789803, 47.079888535227781 ], [ 16.471628709197603, 47.07991435386441 ], [ 16.471797328483945, 47.080352415431719 ], [ 16.471799999470591, 47.080359355499979 ], [ 16.471923995296265, 47.080681483663568 ], [ 16.471945486395157, 47.080737317173487 ], [ 16.472051708020047, 47.081013271445386 ], [ 16.472061441382436, 47.081038558582748 ], [ 16.472067000092011, 47.081052999896087 ], [ 16.472291062582542, 47.081127687692685 ], [ 16.472300000045038, 47.081130667146681 ], [ 16.472577000228569, 47.081222999641795 ], [ 16.472578812362428, 47.081223603986246 ], [ 16.472744999882025, 47.081279000425695 ], [ 16.473999974119636, 47.081935479438869 ], [ 16.474000000199908, 47.081935492928721 ], [ 16.474022000315244, 47.08194699975428 ], [ 16.474785000427573, 47.085346000017921 ], [ 16.473486999925285, 47.086664999690072 ], [ 16.472969000319267, 47.08712800035704 ], [ 16.472738999605326, 47.087233999849389 ], [ 16.472400000160064, 47.087335000010341 ], [ 16.472161999976436, 47.087275999987526 ], [ 16.472026211340619, 47.087129223434999 ], [ 16.47201166480653, 47.087113499688428 ], [ 16.471989000092321, 47.087089000357139 ], [ 16.471430000394207, 47.086903999919798 ], [ 16.47135747456781, 47.086884361424325 ], [ 16.471187306648972, 47.086838280162681 ], [ 16.470912999935081, 47.08676399975883 ], [ 16.470858442563099, 47.086788571935131 ], [ 16.470833068191723, 47.086799999620382 ], [ 16.470782000189274, 47.086822999781646 ], [ 16.470616219163219, 47.086915001326361 ], [ 16.47059018379008, 47.086929448934939 ], [ 16.469332933368264, 47.087627164562093 ], [ 16.469204225095041, 47.087698591416938 ], [ 16.469197894767149, 47.087702104168955 ], [ 16.468999012394534, 47.08781247616497 ], [ 16.466349928906141, 47.089282593417067 ], [ 16.46631856235183, 47.089299999795287 ], [ 16.466168999699562, 47.089383000025407 ], [ 16.466081073882549, 47.089543221442568 ], [ 16.466079000045795, 47.089547000393907 ], [ 16.466066111861608, 47.089573527696245 ], [ 16.463517193963355, 47.094819929695973 ], [ 16.463504065660288, 47.094846950726378 ], [ 16.463454000401839, 47.094950000442338 ], [ 16.463470876180111, 47.09500638163928 ], [ 16.463482043061958, 47.095043690014336 ], [ 16.464632960342897, 47.098888842146323 ], [ 16.464636000051485, 47.098898999988933 ], [ 16.464651950427253, 47.098902211467987 ], [ 16.471882999700767, 47.100357999821881 ], [ 16.472440000206007, 47.100449000421122 ], [ 16.472587999836321, 47.100501000121085 ], [ 16.472568138308986, 47.100540349058008 ], [ 16.472543843123901, 47.100588480773865 ], [ 16.472271018492791, 47.101128981417389 ], [ 16.472131610985173, 47.101405165915764 ], [ 16.472050612645774, 47.101565634646363 ], [ 16.47194736777692, 47.101770175553213 ], [ 16.471793000046944, 47.102075999907527 ], [ 16.472358732069949, 47.102682276066218 ], [ 16.472762354099473, 47.103114824789486 ], [ 16.474673104979843, 47.105162516337145 ], [ 16.474708082312134, 47.10520000097938 ], [ 16.474779000150875, 47.105275999987555 ], [ 16.475037439226526, 47.105081280576826 ], [ 16.475255186677714, 47.104917220853167 ], [ 16.475505000355497, 47.104728999943518 ], [ 16.47595699961596, 47.104097999623093 ], [ 16.476125000168793, 47.103822000385037 ], [ 16.476657631744445, 47.102921183665728 ], [ 16.476739926006871, 47.102782003686684 ], [ 16.47707399986524, 47.102217000114592 ], [ 16.477449000071374, 47.101695000324185 ], [ 16.477630745862257, 47.101600451899458 ], [ 16.477699999955007, 47.1015644250582 ], [ 16.477919954342553, 47.101449999817703 ], [ 16.477931687797252, 47.101443896119008 ], [ 16.477992999976948, 47.101411999863956 ], [ 16.479953999577504, 47.101658999563199 ], [ 16.481334000264042, 47.101840999862304 ], [ 16.484867999558674, 47.102444999836962 ], [ 16.483033000372643, 47.108660999605604 ], [ 16.4864149998524, 47.108975999742654 ], [ 16.489365000094722, 47.10921399992634 ], [ 16.494267000421814, 47.109607000063079 ], [ 16.497609999901726, 47.109868999554692 ], [ 16.501108000234126, 47.110189999968497 ], [ 16.500690551128059, 47.11669300397898 ], [ 16.500273000398806, 47.123195999895529 ], [ 16.50071500009733, 47.123311999848966 ], [ 16.505569000009359, 47.123561999686729 ], [ 16.509792999647289, 47.123715000447021 ], [ 16.514524000182575, 47.124337000352284 ], [ 16.526913000434774, 47.126644999766995 ], [ 16.529600000240009, 47.127173999880199 ], [ 16.529573999940169, 47.128971000011688 ], [ 16.529258999803062, 47.134737999758954 ], [ 16.529117000449276, 47.136911000142675 ], [ 16.529000999596633, 47.137394999979335 ], [ 16.528771999827939, 47.137464999610131 ], [ 16.527892999762173, 47.137310999703061 ], [ 16.52681899969707, 47.137045000026717 ], [ 16.526510999882817, 47.137045000026717 ], [ 16.524244999707037, 47.138827000365836 ], [ 16.522713000105057, 47.140109000130337 ], [ 16.522363000152438, 47.141000999896278 ], [ 16.52184699973941, 47.142058000076815 ], [ 16.519819313610526, 47.145535620872238 ], [ 16.51965700037033, 47.145813999716495 ], [ 16.519431807432113, 47.146107006033674 ], [ 16.518249000191304, 47.147645999663268 ], [ 16.516808000288961, 47.149379000440604 ], [ 16.514417724598331, 47.149490582024782 ], [ 16.514215976086405, 47.149499999725379 ], [ 16.513251999979843, 47.149545000001922 ], [ 16.509455000248124, 47.14960299997864 ], [ 16.509210373859844, 47.149597169673712 ], [ 16.50864040602994, 47.149583586313497 ], [ 16.495146999634301, 47.14926200044107 ], [ 16.489467000301943, 47.148853999612584 ], [ 16.488367999983268, 47.148645999912958 ], [ 16.48735199989494, 47.148387999706529 ], [ 16.486118999692223, 47.148063000007539 ], [ 16.485358956550726, 47.147815284447859 ], [ 16.485246938795285, 47.147778775570146 ], [ 16.483870000300328, 47.14733000037927 ], [ 16.479680999578591, 47.145896999946672 ], [ 16.478499999975043, 47.145302000387176 ], [ 16.477847999585549, 47.145010999558053 ], [ 16.47722999986479, 47.144784999927992 ], [ 16.476545999798077, 47.144565999721237 ], [ 16.475247000149068, 47.144247000299004 ], [ 16.474022663115534, 47.143953777245144 ], [ 16.472179569131981, 47.143512365703145 ], [ 16.470076321964768, 47.143008648230648 ], [ 16.47000576295568, 47.142991749969326 ], [ 16.469963817676046, 47.14298170454208 ], [ 16.469940000031158, 47.142976000142482 ], [ 16.46993858090093, 47.142975852653535 ], [ 16.468058494204286, 47.142780501918821 ], [ 16.467977060592943, 47.142772041096919 ], [ 16.461948983159118, 47.142145692070073 ], [ 16.461416044015266, 47.142090317214411 ], [ 16.461335999856601, 47.142082000284177 ], [ 16.460978999581187, 47.14204500037647 ], [ 16.459388187015236, 47.141945741303005 ], [ 16.45919439210769, 47.141933648119448 ], [ 16.458591000074648, 47.141895999800681 ], [ 16.458176999868783, 47.141905000215672 ], [ 16.454851527276162, 47.142342229910071 ], [ 16.454772997575958, 47.142352555026491 ], [ 16.454227118986466, 47.142424327221079 ], [ 16.454223322948167, 47.142424826344836 ], [ 16.45422200004532, 47.142424999913942 ], [ 16.45328987702635, 47.143116712566211 ], [ 16.450426447322684, 47.145241617206921 ], [ 16.450422848235974, 47.145244288193396 ], [ 16.449863999623972, 47.145658999763157 ], [ 16.449863448339613, 47.145663448709286 ], [ 16.449862431206213, 47.145671673009474 ], [ 16.449200164156309, 47.151019276618456 ], [ 16.44914347808907, 47.151477002761453 ], [ 16.449101000411019, 47.151819999693316 ], [ 16.449115000157235, 47.151898999739103 ], [ 16.449149321883681, 47.151947993005592 ], [ 16.449178076806959, 47.151989038963166 ], [ 16.452990303859565, 47.157430745832301 ], [ 16.453007183234945, 47.157454839569255 ], [ 16.453138999565283, 47.157643000224311 ], [ 16.45474299978963, 47.157547000294016 ], [ 16.455388713918012, 47.157498450393348 ], [ 16.456205999807139, 47.157436999717902 ], [ 16.456251860734824, 47.157452794510903 ], [ 16.458151788274563, 47.158107152023604 ], [ 16.458162808566954, 47.15811094806196 ], [ 16.460599000043942, 47.158950000242385 ], [ 16.46076499960509, 47.159028000242074 ], [ 16.460827924269324, 47.161133804181873 ], [ 16.460828192267343, 47.161142771321977 ], [ 16.460893608053595, 47.16333195860318 ], [ 16.460895144095616, 47.163383361153308 ], [ 16.460896000250216, 47.163412000063943 ], [ 16.460814369687512, 47.164543109776844 ], [ 16.460813630444875, 47.164553359350123 ], [ 16.460680397682268, 47.16639950293478 ], [ 16.460678431764336, 47.166426747896082 ], [ 16.460651999790059, 47.166793000396808 ], [ 16.460756000089418, 47.167046000372807 ], [ 16.461009000065417, 47.167481999794575 ], [ 16.461009357096259, 47.167482837962723 ], [ 16.461018336826839, 47.167503890192506 ], [ 16.462345505940448, 47.170615168555287 ], [ 16.462357052336131, 47.170642236350261 ], [ 16.462377000198501, 47.170689000197228 ], [ 16.461791245669531, 47.171444485574625 ], [ 16.461729067442548, 47.171524680819402 ], [ 16.457626508656517, 47.17681601564675 ], [ 16.45760685037601, 47.176841370233092 ], [ 16.457580000216922, 47.176876000427058 ], [ 16.456980827803022, 47.178025895178962 ], [ 16.456938998536032, 47.178106171362856 ], [ 16.454159409029558, 47.183440591809926 ], [ 16.454155278443352, 47.183448518434432 ], [ 16.454141999953436, 47.18347399982531 ], [ 16.453871000046661, 47.18403999984622 ], [ 16.453730916248901, 47.184463932164761 ], [ 16.453700000254912, 47.184557494033243 ], [ 16.453147999980274, 47.186228000022254 ], [ 16.453149786033862, 47.186230843678572 ], [ 16.453170941685698, 47.186264528685172 ], [ 16.453192323067299, 47.186298573420572 ], [ 16.453210582002839, 47.186327645804397 ], [ 16.453251000233536, 47.186392000390583 ], [ 16.45375401173834, 47.186590508645224 ], [ 16.45380178192687, 47.186609361133151 ], [ 16.45407200032264, 47.186716000043475 ], [ 16.454969000319238, 47.187326000294831 ], [ 16.454979999927218, 47.187446999579549 ], [ 16.454542000413028, 47.187883999946621 ], [ 16.454503316974524, 47.187896683085626 ], [ 16.454362395008502, 47.18794288665498 ], [ 16.454190266567593, 47.18799932181139 ], [ 16.454139137411403, 47.18801608607356 ], [ 16.453932000161842, 47.188084000176559 ], [ 16.452458999683245, 47.188223000291259 ], [ 16.452057000030663, 47.18823900012984 ], [ 16.451440000355831, 47.188241000222035 ], [ 16.450864999919986, 47.188241000222035 ], [ 16.450799999620415, 47.188227501398103 ], [ 16.450789634034493, 47.188225347521893 ], [ 16.449694999924418, 47.187997999807919 ], [ 16.449503345403173, 47.187958098687488 ], [ 16.448588773553126, 47.187767690626401 ], [ 16.44849899962918, 47.187749000016481 ], [ 16.448248027624402, 47.187691338184891 ], [ 16.446763356643714, 47.187350228930086 ], [ 16.446300999891378, 47.187244000110582 ], [ 16.445708315186721, 47.187052494876866 ], [ 16.445578487257478, 47.187010545999954 ], [ 16.44520316059743, 47.186889272422093 ], [ 16.44509399998816, 47.186854000112078 ], [ 16.4450833987799, 47.186850027806543 ], [ 16.44319899983401, 47.186143999745809 ], [ 16.442883930449057, 47.185971330812265 ], [ 16.442745998728981, 47.185895739197179 ], [ 16.442741000297076, 47.185892999862176 ], [ 16.442727448412995, 47.185882402251252 ], [ 16.442483928190882, 47.185691963613408 ], [ 16.44234086314043, 47.185580084353603 ], [ 16.442304264330403, 47.185551463429476 ], [ 16.442295999560713, 47.18554500000181 ], [ 16.442292422956996, 47.185543348846522 ], [ 16.441738440576671, 47.185287589750658 ], [ 16.441722000070286, 47.185280000371904 ], [ 16.441717648250972, 47.185278902299558 ], [ 16.441224948372735, 47.185154576422633 ], [ 16.441186999680326, 47.185145000441594 ], [ 16.440761947705766, 47.1851123901248 ], [ 16.44060045824466, 47.185100000164994 ], [ 16.434365572713091, 47.184621654365969 ], [ 16.433892596765929, 47.184585366721421 ], [ 16.433608669104842, 47.184563583342765 ], [ 16.433399788969268, 47.184547558323231 ], [ 16.433196999941742, 47.184532000051945 ], [ 16.432939042003341, 47.184540239640512 ], [ 16.432790000058503, 47.184544999752063 ], [ 16.432713718663251, 47.184547491773458 ], [ 16.429991385394203, 47.1846364230326 ], [ 16.429977254346966, 47.184636885284135 ], [ 16.429637000347384, 47.184648000005382 ], [ 16.429449565445111, 47.184672367136102 ], [ 16.429377078289633, 47.18468179023256 ], [ 16.429368249645165, 47.184682937767434 ], [ 16.429236999887792, 47.184699999705401 ], [ 16.428919159691532, 47.184820561020103 ], [ 16.428889874168533, 47.184831669446112 ], [ 16.428541000167002, 47.184964000188586 ], [ 16.428433637302646, 47.185008768440071 ], [ 16.428228519930315, 47.185094296664602 ], [ 16.427999000353623, 47.18518999981876 ], [ 16.427979994980888, 47.185202924875171 ], [ 16.42755144644218, 47.185494371767959 ], [ 16.427476999663838, 47.18554500000181 ], [ 16.427399999710246, 47.185642676268685 ], [ 16.427374919416991, 47.185674491584621 ], [ 16.426875785788866, 47.18630765387519 ], [ 16.426814114779631, 47.186385885000618 ], [ 16.425974559878114, 47.187450880154188 ], [ 16.425857005896262, 47.187600000339899 ], [ 16.425099999765223, 47.188560280232821 ], [ 16.425084348863663, 47.188580133666392 ], [ 16.424466720562805, 47.189363610442456 ], [ 16.424276534634487, 47.189604865272429 ], [ 16.424207266152507, 47.189692734432185 ], [ 16.424172417423279, 47.189736940607474 ], [ 16.423671000416334, 47.19037299961434 ], [ 16.42339799592088, 47.190713984762738 ], [ 16.423253811214579, 47.190894073103038 ], [ 16.422521216281268, 47.191809088318848 ], [ 16.42245811984651, 47.191887895909701 ], [ 16.421153000310881, 47.193517999855942 ], [ 16.420993355359201, 47.193658305786357 ], [ 16.420829798356579, 47.193802050724059 ], [ 16.419798593430528, 47.194708339818135 ], [ 16.419686776223841, 47.194806612335412 ], [ 16.41956800006318, 47.194911000242598 ], [ 16.419754999693566, 47.195269999710774 ], [ 16.419931356746758, 47.195491711373506 ], [ 16.420085512236767, 47.195685511677141 ], [ 16.420450366291448, 47.196144199195487 ], [ 16.420508880680359, 47.196217761940204 ], [ 16.420590999575154, 47.196320999614613 ], [ 16.421248000195078, 47.197268000118243 ], [ 16.421134428411278, 47.197562286170637 ], [ 16.421047538612981, 47.19778743504213 ], [ 16.420453000405701, 47.199327999787386 ], [ 16.419739949539178, 47.200276758465748 ], [ 16.419734576989299, 47.20028390897528 ], [ 16.419083170152192, 47.201150647684358 ], [ 16.419062541503195, 47.201178094093962 ], [ 16.418768000043201, 47.201569999755804 ], [ 16.418366794492101, 47.20313243691254 ], [ 16.418318994625963, 47.203318587582885 ], [ 16.418317247243294, 47.203325394551371 ], [ 16.418289373655739, 47.203433940923617 ], [ 16.418258895631595, 47.203552633447373 ], [ 16.418240390281767, 47.203624699720308 ], [ 16.417970868860607, 47.204674312869429 ], [ 16.417959010400068, 47.20472049485511 ], [ 16.41793500030002, 47.204814000066165 ], [ 16.417860000438793, 47.207070999826954 ], [ 16.418219822786682, 47.208059763947119 ], [ 16.418242663768069, 47.208122529431307 ], [ 16.418637932894285, 47.209208696424241 ], [ 16.418690786950378, 47.209353934236788 ], [ 16.419181000203139, 47.210700999951257 ], [ 16.419325999695161, 47.210852999766303 ], [ 16.419913999831408, 47.210935999996423 ], [ 16.420667000381854, 47.210810999627995 ], [ 16.420937554224793, 47.210637555478968 ], [ 16.42094541789686, 47.210632514778865 ], [ 16.421227000126009, 47.210452000159762 ], [ 16.421454999848436, 47.210167999653493 ], [ 16.421566625499338, 47.209804838122921 ], [ 16.421656204270448, 47.209513402921289 ], [ 16.421676000147386, 47.20944899977161 ], [ 16.421718249397657, 47.20944578379607 ], [ 16.42176174510854, 47.209442472492299 ], [ 16.426029875378561, 47.209117583409864 ], [ 16.426121613421856, 47.209110600174199 ], [ 16.426208041867767, 47.209104020734117 ], [ 16.426208425878258, 47.209103991955715 ], [ 16.426273999945181, 47.209098999819048 ], [ 16.434045000376557, 47.209900999931392 ], [ 16.434105174014746, 47.21 ], [ 16.434120017324972, 47.210024421090225 ], [ 16.435405687222783, 47.212139645428465 ], [ 16.435409188283586, 47.21214540558617 ], [ 16.438227999922447, 47.216782999835743 ], [ 16.43821101532609, 47.216940677070568 ], [ 16.438209814731295, 47.216951826865454 ], [ 16.437803377823684, 47.220725001757614 ], [ 16.43780140920785, 47.220743275981533 ], [ 16.437698999809015, 47.22169399967845 ], [ 16.437618999717131, 47.222943999765903 ], [ 16.437666171856392, 47.223221562924834 ], [ 16.437667457886903, 47.223229130719972 ], [ 16.437863486710626, 47.224382569700026 ], [ 16.437876428854167, 47.224458724290741 ], [ 16.438029038409582, 47.225356684763312 ], [ 16.438037448869238, 47.225406171757527 ], [ 16.438173625112881, 47.22620744521754 ], [ 16.438200000429731, 47.226362636726435 ], [ 16.438585000197634, 47.228628000182198 ], [ 16.441425999910109, 47.230388000405981 ], [ 16.442834000089135, 47.233777000208534 ], [ 16.44242877546759, 47.239304288362291 ], [ 16.442403971266231, 47.239642623208681 ], [ 16.442266085411688, 47.241523390691896 ], [ 16.442258388114169, 47.241628382943588 ], [ 16.442244999906791, 47.241811000177677 ], [ 16.441361999656635, 47.245747000024039 ], [ 16.441286999795182, 47.246561999836615 ], [ 16.441345596022472, 47.247505180919518 ], [ 16.441354984045461, 47.24765629040553 ], [ 16.441370000025529, 47.247898000292651 ], [ 16.441589000232284, 47.248419000036961 ], [ 16.431297081395314, 47.250200364555269 ], [ 16.430517637179321, 47.250335273654059 ], [ 16.430473000228801, 47.250342999729696 ], [ 16.430475578585174, 47.250348119570219 ], [ 16.430727313214959, 47.250847973555267 ], [ 16.431627975250933, 47.252636362678118 ], [ 16.431780956226191, 47.25294012758485 ], [ 16.431796000085512, 47.252970000365394 ], [ 16.442343999975719, 47.250857000050587 ], [ 16.445959167581577, 47.250630515685771 ], [ 16.448494754829085, 47.250471665734835 ], [ 16.448665000089818, 47.250460999775498 ], [ 16.448662741892122, 47.250464272408351 ], [ 16.448635985262683, 47.250503047577695 ], [ 16.448406281324822, 47.250835928935032 ], [ 16.447384855626694, 47.252316151868968 ], [ 16.446667999728504, 47.25335500013324 ], [ 16.449620620595226, 47.253470247354073 ], [ 16.452547668340401, 47.253584495428186 ], [ 16.454892000365589, 47.253675999647669 ], [ 16.459853999862389, 47.255522000240262 ], [ 16.460879000365708, 47.255829000008418 ], [ 16.461359000017808, 47.255696000170303 ], [ 16.461700547242458, 47.255571037573361 ], [ 16.461789958739701, 47.255538324734005 ], [ 16.464643110091515, 47.254494441165605 ], [ 16.465672000162783, 47.254118000245569 ], [ 16.465685124868742, 47.254105409737065 ], [ 16.466458999583267, 47.253362999602814 ], [ 16.467093000041984, 47.252807000043163 ], [ 16.469327999687607, 47.255025999850147 ], [ 16.470656129277017, 47.256128065058306 ], [ 16.470722217756247, 47.256182904817365 ], [ 16.470984424091967, 47.256400479598483 ], [ 16.471078752182734, 47.256478752092733 ], [ 16.471724999609137, 47.257014999842454 ], [ 16.473867000361906, 47.258314000390783 ], [ 16.474728999643673, 47.258649999697923 ], [ 16.475816000308271, 47.259028000042179 ], [ 16.477942000323026, 47.260544999851902 ], [ 16.478640000136011, 47.261162999572775 ], [ 16.47997999987723, 47.262466000305722 ], [ 16.479863865025436, 47.262511301855227 ], [ 16.479826052130761, 47.26252605163603 ], [ 16.479648770574386, 47.26259520590412 ], [ 16.479636481338616, 47.262600000189934 ], [ 16.478488000321136, 47.263048000165213 ], [ 16.477538999725141, 47.271590000178492 ], [ 16.477480999748423, 47.272413000359734 ], [ 16.477552000324692, 47.27295099998878 ], [ 16.477756999885685, 47.274108000284173 ], [ 16.477825637043679, 47.274426147149086 ], [ 16.477838693401111, 47.274486663428888 ], [ 16.478116645966566, 47.275775031292653 ], [ 16.478124408014992, 47.275811009570475 ], [ 16.478148999976554, 47.275925000438576 ], [ 16.478437999813934, 47.276456999790867 ], [ 16.478502829242359, 47.276556502580718 ], [ 16.478589442049213, 47.27668944126475 ], [ 16.479373039334405, 47.277892154999051 ], [ 16.479485000432589, 47.278064000153506 ], [ 16.47964972475512, 47.278098583582789 ], [ 16.479847000039058, 47.278140000061057 ], [ 16.480147000383795, 47.278047000268998 ], [ 16.483056999680969, 47.277710000016612 ], [ 16.48365800041654, 47.277796000385194 ], [ 16.485789999808674, 47.278589000082377 ], [ 16.486247045165101, 47.278759659031039 ], [ 16.487200000080065, 47.279115489288586 ], [ 16.487270999756959, 47.279142000403112 ], [ 16.489304844443041, 47.280232171177943 ], [ 16.489409000325224, 47.280288000191149 ], [ 16.489365696170069, 47.280368609124196 ], [ 16.489287641311705, 47.280513903593828 ], [ 16.489246646615527, 47.280590212868105 ], [ 16.4892429998647, 47.280597000051557 ], [ 16.48742292133079, 47.283291689060377 ], [ 16.48741371227311, 47.283305324581136 ], [ 16.487009014654404, 47.283904491599003 ], [ 16.486700000404824, 47.284362000106398 ], [ 16.486662807142807, 47.284401383217357 ], [ 16.484475000321083, 47.286717999935718 ], [ 16.484047000368776, 47.287134000234119 ], [ 16.484015191348135, 47.28718480923169 ], [ 16.48397746658685, 47.287245067406104 ], [ 16.483749000116404, 47.287609999701885 ], [ 16.482882916113851, 47.290117082937115 ], [ 16.482865600566981, 47.290167207550724 ], [ 16.482301148279419, 47.291801148903971 ], [ 16.482295027493592, 47.291818868246253 ], [ 16.482286000098952, 47.291844999846944 ], [ 16.482488000420972, 47.292035999661834 ], [ 16.48267779874152, 47.29274964498012 ], [ 16.482694708693884, 47.292813227048839 ], [ 16.482738000258564, 47.292975999842611 ], [ 16.481894000008253, 47.297782000239238 ], [ 16.480501999667638, 47.299697999563023 ], [ 16.478986999950109, 47.301557999901831 ], [ 16.475705999732156, 47.308905999712238 ], [ 16.475378785902421, 47.309396548412053 ], [ 16.475356862229376, 47.309429415934972 ], [ 16.470898598191809, 47.31611308385186 ], [ 16.470765671198819, 47.316312362825443 ], [ 16.470322999706696, 47.316976000442139 ], [ 16.469479000355705, 47.318338000298525 ], [ 16.469281000218018, 47.319167999903357 ], [ 16.469347999710578, 47.319759000177839 ], [ 16.469515000217143, 47.320395999875643 ], [ 16.46936899977959, 47.321985000307677 ], [ 16.469355580096135, 47.322122318690106 ], [ 16.469355485667108, 47.322123280964831 ], [ 16.469323204502359, 47.32245359205973 ], [ 16.469320886949447, 47.3224773026854 ], [ 16.469312999895067, 47.322557999752007 ], [ 16.469099999965181, 47.323611999794139 ], [ 16.468947014493267, 47.32421791262675 ], [ 16.468896999596836, 47.324415999998507 ], [ 16.468845697770803, 47.324554302239449 ], [ 16.46865700022056, 47.325063000157513 ], [ 16.468522514702386, 47.325199453392202 ], [ 16.468426073204739, 47.325297305926085 ], [ 16.467427000155908, 47.3263110001526 ], [ 16.467160254941916, 47.326532908766922 ], [ 16.467100553447835, 47.32658257562548 ], [ 16.466295680001735, 47.327252160458897 ], [ 16.466152464764548, 47.327371302643598 ], [ 16.466135999976473, 47.327385000217646 ], [ 16.465746559356262, 47.327783151671156 ], [ 16.465658413205233, 47.327873270035468 ], [ 16.465500000324937, 47.328035226244822 ], [ 16.465475770790306, 47.328059997171295 ], [ 16.464973831277405, 47.328573163820579 ], [ 16.464946027836959, 47.328601588692436 ], [ 16.464302999983602, 47.329259000302727 ], [ 16.464048335362463, 47.32994167566784 ], [ 16.464028436962906, 47.329995018055797 ], [ 16.463736463067391, 47.330777706126412 ], [ 16.4637281461371, 47.330800000319925 ], [ 16.463661000055197, 47.330979999627459 ], [ 16.464006999823198, 47.332106000291731 ], [ 16.464683999567114, 47.332907000357864 ], [ 16.464698931010957, 47.332997214949557 ], [ 16.464699270954668, 47.332999270799803 ], [ 16.46473597678397, 47.33322105440817 ], [ 16.464749423447302, 47.333302306356416 ], [ 16.464755000143214, 47.333336000356212 ], [ 16.464705553618444, 47.333477786570597 ], [ 16.46469885456861, 47.333496996089593 ], [ 16.464692749071162, 47.333514502292473 ], [ 16.464681413116807, 47.333547008287894 ], [ 16.464588999682746, 47.333811999823979 ], [ 16.463026873691319, 47.335749701587645 ], [ 16.463009641781525, 47.335771076673836 ], [ 16.462777883792398, 47.336058553959219 ], [ 16.462709000220286, 47.336144000345371 ], [ 16.462453917414393, 47.336311520660331 ], [ 16.459350704171754, 47.338349496831938 ], [ 16.458911531941794, 47.338637914808032 ], [ 16.45861600032822, 47.338832000196703 ], [ 16.457545000401637, 47.339142000103323 ], [ 16.457511326186932, 47.339144337441269 ], [ 16.457459110649609, 47.339147960809896 ], [ 16.456521999990287, 47.339212999780216 ], [ 16.45435699997563, 47.338879999712333 ], [ 16.451858999892977, 47.338713000104974 ], [ 16.451453601702383, 47.3387178672358 ], [ 16.451214321783652, 47.338720739670578 ], [ 16.450166681747078, 47.338733317588662 ], [ 16.450165426293552, 47.338733332877041 ], [ 16.449860000338788, 47.338737000312449 ], [ 16.449529938356079, 47.338943639337629 ], [ 16.449399968333978, 47.339025008197723 ], [ 16.447614191741593, 47.340143012989756 ], [ 16.447601094015283, 47.340151213008198 ], [ 16.447503999609921, 47.340211999983865 ], [ 16.446838000373532, 47.341068999934464 ], [ 16.446515079007781, 47.341646971730427 ], [ 16.446410152406656, 47.34183476995878 ], [ 16.446397439590271, 47.341857523705926 ], [ 16.446298699425427, 47.342034253078396 ], [ 16.445934000054137, 47.342686999905311 ], [ 16.445797108849604, 47.343731450046448 ], [ 16.445792208443834, 47.343768834863965 ], [ 16.445785690157663, 47.343818573668329 ], [ 16.445754851505342, 47.34405386419462 ], [ 16.445675989955134, 47.344655557408089 ], [ 16.445675119411305, 47.344662201599419 ], [ 16.445671999663148, 47.34468600035882 ], [ 16.445651344034445, 47.344721638692704 ], [ 16.445647359138491, 47.344728514909093 ], [ 16.44526653222465, 47.345385582079018 ], [ 16.445200956359201, 47.34549872488634 ], [ 16.444524999829014, 47.346664999889981 ], [ 16.440908000304034, 47.34841699974487 ], [ 16.440041999938387, 47.348806999743374 ], [ 16.438919000311785, 47.349434999925393 ], [ 16.437231379324828, 47.350588963210157 ], [ 16.437167049020161, 47.350632950850184 ], [ 16.435080193795898, 47.352059903341967 ], [ 16.435000000349703, 47.352114737705165 ], [ 16.434541759794513, 47.352428074096451 ], [ 16.434264005079854, 47.352617996523406 ], [ 16.434228283108837, 47.352642423009513 ], [ 16.433893999708403, 47.352871000096684 ], [ 16.434118724999223, 47.353428086936844 ], [ 16.434217892342019, 47.353673921114762 ], [ 16.434440999752439, 47.354226999676371 ], [ 16.437271999903032, 47.355416999694853 ], [ 16.438188045741811, 47.355544022638696 ], [ 16.438591733421731, 47.355600000040056 ], [ 16.438879923869422, 47.35563996141525 ], [ 16.439054082080304, 47.355664110910084 ], [ 16.439828875901924, 47.355771548418261 ], [ 16.440034064320741, 47.355800000269937 ], [ 16.441304852237238, 47.355976213431688 ], [ 16.441416586706168, 47.355991706951784 ], [ 16.441974000000187, 47.356069000084403 ], [ 16.444772999574354, 47.356858999643293 ], [ 16.445151588974738, 47.3569659596115 ], [ 16.445483053000544, 47.357059605116717 ], [ 16.447395807570558, 47.357599999640286 ], [ 16.447405808031647, 47.357602825310323 ], [ 16.447771000231512, 47.357706000032067 ], [ 16.451416000148356, 47.359295999610822 ], [ 16.451476332966536, 47.359370431999935 ], [ 16.451510641203129, 47.35941275769278 ], [ 16.456383999921684, 47.365424999863933 ], [ 16.456641000082186, 47.365986999700453 ], [ 16.456711129215307, 47.366510861986796 ], [ 16.456717005385599, 47.366554758795132 ], [ 16.456841000311897, 47.367481000248063 ], [ 16.456849238101938, 47.36781322240239 ], [ 16.456851264274576, 47.367894942897465 ], [ 16.456882308871513, 47.369146925090604 ], [ 16.45688402118077, 47.369215980433182 ], [ 16.456917000219448, 47.370546000397781 ], [ 16.456852722974929, 47.370999999750381 ], [ 16.456851338018964, 47.371009780776831 ], [ 16.45684800063475, 47.371033352907034 ], [ 16.45679098631507, 47.37143605403071 ], [ 16.456726999551449, 47.371888000231138 ], [ 16.456663869841805, 47.372032890905359 ], [ 16.456555551897338, 47.372281493196454 ], [ 16.456468365322905, 47.372481597747708 ], [ 16.456410183683147, 47.37261513088373 ], [ 16.456401105027112, 47.372635967276096 ], [ 16.456337225282766, 47.372782578353338 ], [ 16.456297975271525, 47.372872663442763 ], [ 16.456295478753532, 47.372878391224901 ], [ 16.45625600031434, 47.37296899971966 ], [ 16.456000000199879, 47.373198751321411 ], [ 16.455972999854112, 47.373222982654625 ], [ 16.455664332742856, 47.37349999992523 ], [ 16.455629827554617, 47.3735309671805 ], [ 16.455509821121382, 47.373638669089416 ], [ 16.455499999625431, 47.373647483344655 ], [ 16.454481000298017, 47.374562000336027 ], [ 16.454222168218507, 47.374799999620336 ], [ 16.454217748050667, 47.374804064556088 ], [ 16.452298066902358, 47.376569244874815 ], [ 16.452218179225611, 47.376642704197536 ], [ 16.452186919690575, 47.376671445630734 ], [ 16.452155866999703, 47.376699999105711 ], [ 16.451995999915653, 47.376846999589532 ], [ 16.451819921652032, 47.377058858279725 ], [ 16.451799999870161, 47.377082828809648 ], [ 16.45174278410218, 47.377151671912259 ], [ 16.451715500470129, 47.377184499864882 ], [ 16.45143500012523, 47.377522000140232 ], [ 16.451244062363628, 47.378088125166926 ], [ 16.451238843597935, 47.378103598002724 ], [ 16.451177999964841, 47.37828400020652 ], [ 16.451224494015264, 47.378475506339555 ], [ 16.45123224707072, 47.378507438567624 ], [ 16.451287276586584, 47.378734106394006 ], [ 16.451304324135378, 47.378804323660688 ], [ 16.451377953429869, 47.379107599336351 ], [ 16.451410247185265, 47.37924061716086 ], [ 16.451470457695621, 47.379488625899398 ], [ 16.451473214117527, 47.379499978041736 ], [ 16.451488999917387, 47.379564999924867 ], [ 16.451603469224892, 47.379805204346724 ], [ 16.451776933159124, 47.380169202247032 ], [ 16.451907154991375, 47.380442461250709 ], [ 16.451914110348014, 47.380457055448915 ], [ 16.452000000100043, 47.38063728858009 ], [ 16.452000525304072, 47.380638390249601 ], [ 16.452119000191772, 47.38088699973531 ], [ 16.452425999959928, 47.381292999572452 ], [ 16.452592852977943, 47.38149642711852 ], [ 16.452623205096984, 47.381533432422088 ], [ 16.453099999565381, 47.38211473800493 ], [ 16.453108224764946, 47.382124765445667 ], [ 16.453197000441378, 47.382232999753228 ], [ 16.454307000367805, 47.382946000257732 ], [ 16.454307673960045, 47.382950577807094 ], [ 16.45430819196946, 47.382954095954858 ], [ 16.454908000204227, 47.387027999642498 ], [ 16.450805999896943, 47.392681000428013 ], [ 16.4497309997858, 47.394194000053119 ], [ 16.447445999633146, 47.397715999693673 ], [ 16.446574486423458, 47.400425514026438 ], [ 16.446547056201837, 47.400510793138722 ], [ 16.446509999636874, 47.400625999890053 ], [ 16.446154354639873, 47.402872473086347 ], [ 16.44613770189352, 47.402977664987361 ], [ 16.445684946303345, 47.405837545066788 ], [ 16.44568265033422, 47.40585204933268 ], [ 16.445552999571419, 47.40667099986689 ], [ 16.445506000102, 47.407147000234033 ], [ 16.445553840437412, 47.407194423284068 ], [ 16.445559465696817, 47.407199999980151 ], [ 16.445958039831737, 47.407595099134596 ], [ 16.44598914738134, 47.407625935089015 ], [ 16.446309000260271, 47.407943000069508 ], [ 16.446809696010746, 47.408300360073667 ], [ 16.446830697878568, 47.408315349074087 ], [ 16.446932802406934, 47.408388223837562 ], [ 16.446978886366537, 47.408421113843474 ], [ 16.447328999633783, 47.408671000366496 ], [ 16.447557807846692, 47.408819269793639 ], [ 16.447727283287463, 47.408929091404502 ], [ 16.449134870677767, 47.409841218897327 ], [ 16.449180542747968, 47.409870814686428 ], [ 16.44931200024871, 47.40995600026929 ], [ 16.449655437848321, 47.410138859420897 ], [ 16.449683031746645, 47.410153551645237 ], [ 16.449759000177835, 47.410193999553542 ], [ 16.456363999898713, 47.412848999681728 ], [ 16.457047088052775, 47.412978834805358 ], [ 16.457069000034494, 47.412982999565827 ], [ 16.457461563100821, 47.412982999565827 ], [ 16.458144000145637, 47.412982999565827 ], [ 16.459155825580979, 47.41290307681561 ], [ 16.459541024099053, 47.412872650052805 ], [ 16.462552200723565, 47.412634800955459 ], [ 16.462601727288074, 47.412630888904459 ], [ 16.463207999849487, 47.412583000005611 ], [ 16.46409200014574, 47.412400999706506 ], [ 16.465777999654961, 47.41169799966309 ], [ 16.466, 47.411524214670806 ], [ 16.466036153645632, 47.411495913006149 ], [ 16.466197000091654, 47.411369999825808 ], [ 16.466408035002985, 47.411298661104411 ], [ 16.46652357180551, 47.411259604447309 ], [ 16.468815000312134, 47.410485000382494 ], [ 16.473294734764352, 47.409352632518107 ], [ 16.473320191873484, 47.409346197868899 ], [ 16.473858999993013, 47.409210000041639 ], [ 16.47454500015175, 47.409047999765505 ], [ 16.476076999753786, 47.409028999788632 ], [ 16.479554000017117, 47.40941699969477 ], [ 16.479869411144534, 47.409417335141995 ], [ 16.48018396072132, 47.409417669689674 ], [ 16.481435000424995, 47.409418999787135 ], [ 16.485156000249333, 47.408984999558129 ], [ 16.485262871184545, 47.40891282356796 ], [ 16.485271197108148, 47.408907201006571 ], [ 16.485295421246747, 47.408890840539982 ], [ 16.485321260567844, 47.408873390094982 ], [ 16.487791486887716, 47.407205108129403 ], [ 16.487799364049579, 47.407199787740126 ], [ 16.488877000073501, 47.406471999683106 ], [ 16.488937387750241, 47.406390653306175 ], [ 16.488959772775274, 47.40636049903793 ], [ 16.489678000139634, 47.405393000286779 ], [ 16.488930326273703, 47.404966065131987 ], [ 16.488843353737877, 47.4049164027698 ], [ 16.487659734409249, 47.40424053527255 ], [ 16.48761497964756, 47.404214980137283 ], [ 16.487594000262959, 47.40420300026824 ], [ 16.48588082234221, 47.403016164064752 ], [ 16.485850492706163, 47.40299515320379 ], [ 16.485600000040051, 47.402821620021825 ], [ 16.485599127697697, 47.402821015677489 ], [ 16.485422999971604, 47.402699000158918 ], [ 16.485163284757789, 47.402323940597569 ], [ 16.48514388188471, 47.402295921319819 ], [ 16.484960850063203, 47.402031601577164 ], [ 16.484647145849124, 47.401578577089765 ], [ 16.484538344069449, 47.401421454736408 ], [ 16.484505282293014, 47.401373709729 ], [ 16.484442179563075, 47.401282582325393 ], [ 16.484303653391009, 47.401082534431453 ], [ 16.484071999723199, 47.400748000120245 ], [ 16.48383545644117, 47.400005802225962 ], [ 16.483833607435088, 47.399999999800229 ], [ 16.483795999585823, 47.399881999754598 ], [ 16.483800177836088, 47.399703514006092 ], [ 16.483801001615006, 47.39966833522567 ], [ 16.48380829601615, 47.39935668236518 ], [ 16.483808611678171, 47.399343193433822 ], [ 16.483841515173879, 47.397937420875337 ], [ 16.483841569133233, 47.397935129402754 ], [ 16.483842999954561, 47.397873999785304 ], [ 16.484129643568281, 47.397545611440876 ], [ 16.484200000229919, 47.397465009702614 ], [ 16.484344033850164, 47.397300000294877 ], [ 16.484358000321549, 47.397283999557033 ], [ 16.484417523749869, 47.397238496559396 ], [ 16.488005000330531, 47.394495999590845 ], [ 16.488183000445247, 47.394433000282902 ], [ 16.488460999775498, 47.394386999960204 ], [ 16.493011000057663, 47.394113999961235 ], [ 16.493021148907019, 47.394117521706448 ], [ 16.493127157392394, 47.394154312971239 ], [ 16.493351000448342, 47.394232000006923 ], [ 16.494036999707873, 47.394838000073719 ], [ 16.496276999583927, 47.391752999901087 ], [ 16.496462000021324, 47.388825999820199 ], [ 16.500874000235001, 47.391173000133961 ], [ 16.509921000154179, 47.396213999676377 ], [ 16.510115000107191, 47.396431999837034 ], [ 16.510278999576258, 47.39673799955915 ], [ 16.510432000336607, 47.397612000293691 ], [ 16.510563000082414, 47.400846000142906 ], [ 16.510419999783153, 47.401141000257041 ], [ 16.509928999623696, 47.401687000254981 ], [ 16.512380000236817, 47.40527800037944 ], [ 16.512520327751076, 47.40543071425617 ], [ 16.512524380995558, 47.405435123632117 ], [ 16.514892062119088, 47.408011792810044 ], [ 16.514992952562807, 47.408121589239954 ], [ 16.515234999695565, 47.408384999768032 ], [ 16.516579089553431, 47.409390707115449 ], [ 16.516601953917188, 47.409407814918836 ], [ 16.516943000219328, 47.409663000247349 ], [ 16.518189000122391, 47.409815000062395 ], [ 16.520438999560213, 47.409946999854299 ], [ 16.524814999912508, 47.410122999876648 ], [ 16.525018000280454, 47.410109000130433 ], [ 16.525244999956954, 47.409995000269134 ], [ 16.525665939331702, 47.409914802326455 ], [ 16.525670402667004, 47.40991395156766 ], [ 16.528255256574994, 47.409421483714539 ], [ 16.528326740087039, 47.409407864381478 ], [ 16.528452000359607, 47.409383999971681 ], [ 16.532623000251419, 47.410096000430258 ], [ 16.532870784159456, 47.410087130416912 ], [ 16.532977972555557, 47.410083293009734 ], [ 16.538038511668105, 47.409902145267949 ], [ 16.538098425401984, 47.409899999485503 ], [ 16.540025999900081, 47.409830999900805 ], [ 16.541873999685436, 47.408602999928689 ], [ 16.54235500028301, 47.407827000116015 ], [ 16.544715000297117, 47.405981000423026 ], [ 16.545992999877228, 47.405489000217301 ], [ 16.550180999653548, 47.405280999618469 ], [ 16.551324000202499, 47.405348000010235 ], [ 16.552028000292012, 47.405681000078118 ], [ 16.553084000426452, 47.406004999730953 ], [ 16.554836000281341, 47.406328000237124 ], [ 16.556594186572454, 47.406504764683234 ], [ 16.556627223167993, 47.406508085879523 ], [ 16.557137590227683, 47.406559398497507 ], [ 16.55718370566359, 47.406564034502708 ], [ 16.559481000447875, 47.406795000189277 ], [ 16.560508000144182, 47.406738000258656 ], [ 16.561164999864957, 47.406594999959395 ], [ 16.562882999950602, 47.406232000306659 ], [ 16.564623000151414, 47.406077000353321 ], [ 16.565870692578471, 47.406023716421373 ], [ 16.566058887407792, 47.406015679180314 ], [ 16.566887966106833, 47.405980272871489 ], [ 16.566934815389516, 47.40597827098054 ], [ 16.572279999822172, 47.405749999662817 ], [ 16.57377599956277, 47.405788999662661 ], [ 16.573848657589565, 47.405799999270641 ], [ 16.573969212609256, 47.405818251011567 ], [ 16.573993399875633, 47.405821913050943 ], [ 16.574092163422677, 47.405836865179367 ], [ 16.574278000229583, 47.405864999570156 ], [ 16.574391705113158, 47.405917529870294 ], [ 16.574752151590644, 47.406084050138986 ], [ 16.575659000062842, 47.406503000213434 ], [ 16.575728911560077, 47.40660238159478 ], [ 16.575753856954975, 47.406637841862903 ], [ 16.577851000423436, 47.409619000017017 ], [ 16.577009000265321, 47.409924999739133 ], [ 16.576537000082567, 47.410074000314921 ], [ 16.575440999902355, 47.411116999849639 ], [ 16.575245999903075, 47.411403999595052 ], [ 16.575315000386979, 47.412282999660874 ], [ 16.575367000086999, 47.412360999660564 ], [ 16.575877443589206, 47.412620934308734 ], [ 16.576017000384354, 47.412691999636252 ], [ 16.576134191040069, 47.412744729585711 ], [ 16.577066000195771, 47.413163999818835 ], [ 16.577163415659243, 47.413197561618233 ], [ 16.577273437818974, 47.413235467143181 ], [ 16.577885927393766, 47.413446481370045 ], [ 16.578526000074817, 47.413666999632369 ], [ 16.578644761846249, 47.413704285524432 ], [ 16.57894962932204, 47.413800000369747 ], [ 16.578953517990499, 47.413801220749804 ], [ 16.579041999588696, 47.413828999908503 ], [ 16.581331502646776, 47.416690878281543 ], [ 16.581356286163725, 47.416721857228026 ], [ 16.581409999971697, 47.416788999712708 ], [ 16.584094999684567, 47.419926999631457 ], [ 16.584105489376896, 47.419928258682262 ], [ 16.584160537778644, 47.41993486510205 ], [ 16.588566320979112, 47.420463620599719 ], [ 16.588595120868149, 47.420467076694365 ], [ 16.589885999639137, 47.420622000205185 ], [ 16.590019879913655, 47.42067602427926 ], [ 16.590096422112367, 47.420706910595527 ], [ 16.591332390977243, 47.421205654817243 ], [ 16.591351938641139, 47.421213542770829 ], [ 16.593674318215335, 47.422150681309006 ], [ 16.593687776569766, 47.422156112314838 ], [ 16.593783260289342, 47.422194641969156 ], [ 16.593800000269937, 47.422201396777098 ], [ 16.594297749841473, 47.422402251362826 ], [ 16.594334206558415, 47.42241696247288 ], [ 16.594640590291192, 47.422540595871851 ], [ 16.594653995585475, 47.422546004394746 ], [ 16.594919011403306, 47.422652944577862 ], [ 16.594938991641186, 47.422661007000045 ], [ 16.595541836886412, 47.422904270915524 ], [ 16.595580235239709, 47.422919765334996 ], [ 16.595962907562125, 47.423074183426991 ], [ 16.59597385590871, 47.423078600896758 ], [ 16.596852628446129, 47.423433208076119 ], [ 16.596862719738908, 47.423437279307109 ], [ 16.597546000347734, 47.423712999755139 ], [ 16.5975632583378, 47.423718371405869 ], [ 16.597578221257947, 47.423723028095253 ], [ 16.59764697892507, 47.423744425664836 ], [ 16.597757878823188, 47.423778938947066 ], [ 16.598561116402379, 47.424028918100134 ], [ 16.598568716573197, 47.424031283317163 ], [ 16.598659551696983, 47.424059552606309 ], [ 16.598789520819764, 47.424100000514784 ], [ 16.599712695584458, 47.424387304230891 ], [ 16.599777890137489, 47.424407593835554 ], [ 16.602966720637767, 47.425400000209891 ], [ 16.602978532333395, 47.425403675739062 ], [ 16.602986000303815, 47.425405999587383 ], [ 16.605575858938778, 47.427600000040002 ], [ 16.605586482630201, 47.427608999555787 ], [ 16.606073999715363, 47.428021999715554 ], [ 16.612004999830958, 47.430287999891334 ], [ 16.612408000429014, 47.430107999684594 ], [ 16.612429895323601, 47.430107421420416 ], [ 16.612488246035753, 47.430105877284575 ], [ 16.61251275166228, 47.430105228873288 ], [ 16.612515471212191, 47.430105156927425 ], [ 16.612597000151538, 47.430103000353313 ], [ 16.613328232611877, 47.430159328490333 ], [ 16.613458581248665, 47.4301693703203 ], [ 16.613662051062988, 47.430185043704796 ], [ 16.613738182271334, 47.430190907284668 ], [ 16.62036000021385, 47.430701000051272 ], [ 16.620562999682818, 47.43071799993578 ], [ 16.620763999958626, 47.430842000258167 ], [ 16.62219899958427, 47.434032999923033 ], [ 16.62244199999833, 47.43539599982563 ], [ 16.622699000158889, 47.436167000306909 ], [ 16.623273452008334, 47.436876529428389 ], [ 16.623336737300747, 47.436954694903363 ], [ 16.626648323461382, 47.441044971648239 ], [ 16.626655110644833, 47.441053354229098 ], [ 16.626921999750493, 47.441382999825748 ], [ 16.627203000118357, 47.44168500026268 ], [ 16.627625999840006, 47.441936000146484 ], [ 16.629298999649279, 47.442651999890074 ], [ 16.631462072416753, 47.443572609788248 ], [ 16.63164083065999, 47.443648689735426 ], [ 16.632697823645742, 47.44409854950851 ], [ 16.632729701914286, 47.444112116680913 ], [ 16.63589199971608, 47.445457999787038 ], [ 16.636317999576136, 47.445555999809528 ], [ 16.636843000404212, 47.445636999947681 ], [ 16.637568999709686, 47.445666000385643 ], [ 16.638294999914365, 47.445613999786303 ], [ 16.638992999727122, 47.445545000201776 ], [ 16.640127999907406, 47.445412000363604 ], [ 16.640692999882219, 47.44538900020234 ], [ 16.642986999550487, 47.445700000155057 ], [ 16.644306000121787, 47.445960999600572 ], [ 16.646255000068322, 47.44655399996725 ], [ 16.646863714288997, 47.446827190622457 ], [ 16.651001000395979, 47.448684000166622 ], [ 16.651323835426695, 47.448830958382132 ], [ 16.651435071671244, 47.44888159560918 ], [ 16.651561054998865, 47.448938944476879 ], [ 16.651582787115956, 47.448948837019316 ], [ 16.651682000324058, 47.448994000073071 ], [ 16.650549000236197, 47.450292999722251 ], [ 16.649292999872216, 47.451291999925843 ], [ 16.651036820393074, 47.451859205038431 ], [ 16.651139154248597, 47.451892490745934 ], [ 16.651397785779182, 47.451976615128785 ], [ 16.651446949916817, 47.451992606873432 ], [ 16.653713999601507, 47.452729999689723 ], [ 16.655412999710336, 47.453072000172767 ], [ 16.658020000322836, 47.453738000308533 ], [ 16.659287833966459, 47.454295944202499 ], [ 16.659320141211651, 47.454310161584772 ], [ 16.659765784963099, 47.454506280340695 ], [ 16.659838108442045, 47.454538107347844 ], [ 16.660615000381938, 47.454879999912237 ], [ 16.661546000147951, 47.455357000325421 ], [ 16.662083999776769, 47.45564500011676 ], [ 16.660794996092193, 47.458469975708852 ], [ 16.660792448312975, 47.458475558700172 ], [ 16.660085000222637, 47.460025999800109 ], [ 16.659852000269609, 47.460358999867992 ], [ 16.659731803180364, 47.46066819667999 ], [ 16.65970699987821, 47.460731999981988 ], [ 16.65971328074346, 47.460870178116352 ], [ 16.659723999762889, 47.46110600014191 ], [ 16.659738999555259, 47.461324000302398 ], [ 16.659881999854463, 47.461673000208918 ], [ 16.660091999646056, 47.462107999584589 ], [ 16.660261000245043, 47.462399000413541 ], [ 16.660323939298451, 47.462503989967331 ], [ 16.660328390942652, 47.462511416568702 ], [ 16.661045867372934, 47.463708263126023 ], [ 16.661060609059916, 47.463732854188038 ], [ 16.661267367695018, 47.46407775408511 ], [ 16.661335518319561, 47.464191438284388 ], [ 16.662399999960144, 47.465967134375887 ], [ 16.662410162299182, 47.46598408569713 ], [ 16.662535999936608, 47.466194000053235 ], [ 16.662609999751737, 47.466298000352481 ], [ 16.662954446390586, 47.466673771277613 ], [ 16.663077819885473, 47.466808364714439 ], [ 16.665761786277585, 47.469736419700098 ], [ 16.665819679234858, 47.469799578188145 ], [ 16.667931999662187, 47.472104000099591 ], [ 16.669763999608961, 47.473120000187919 ], [ 16.669938000438549, 47.473260000348887 ], [ 16.670291999676124, 47.473771999678206 ], [ 16.670495000044241, 47.474175000276091 ], [ 16.670532999998045, 47.474307000068166 ], [ 16.670471999883034, 47.474750999858884 ], [ 16.670341000137228, 47.475113000364729 ], [ 16.669957000415422, 47.476172999784126 ], [ 16.669823999677874, 47.476535000290141 ], [ 16.669595999955504, 47.477058000126647 ], [ 16.668311000052768, 47.479199999980096 ], [ 16.668091999845956, 47.479495000094346 ], [ 16.667263000287392, 47.480362999652812 ], [ 16.666158999738059, 47.481496999786771 ], [ 16.664464999859945, 47.481654999878401 ], [ 16.663885000092762, 47.481729999739798 ], [ 16.663670000070567, 47.481821000339039 ], [ 16.662392999637348, 47.483255999964456 ], [ 16.662165508931253, 47.483611698920811 ], [ 16.662067629417663, 47.483764741049981 ], [ 16.656809000235285, 47.491986999700316 ], [ 16.652972999604344, 47.498513000274897 ], [ 16.652861434207978, 47.498915697801237 ], [ 16.652859580705183, 47.498922386958725 ], [ 16.652704111305866, 47.499483555821598 ], [ 16.652699003156613, 47.499501994621426 ], [ 16.652488999767684, 47.500259999899129 ], [ 16.652633095441047, 47.500424910381412 ], [ 16.652653677325532, 47.500448466323689 ], [ 16.655156319708453, 47.503312639766591 ], [ 16.655269626192478, 47.503442314811025 ], [ 16.656856999750914, 47.505259000202841 ], [ 16.658249000091359, 47.506562000036354 ], [ 16.659723999762889, 47.507482000194216 ], [ 16.662461000075155, 47.508923000096502 ], [ 16.665196000295225, 47.506799000173714 ], [ 16.665356099404505, 47.50666330956426 ], [ 16.66539999981029, 47.506626101913241 ], [ 16.665666774702061, 47.506400000659596 ], [ 16.665689875587361, 47.506380421519339 ], [ 16.667196514307818, 47.505103485837367 ], [ 16.667203991271208, 47.50509714921418 ], [ 16.667695000424033, 47.504680999628476 ], [ 16.66866600023576, 47.503738000208614 ], [ 16.66882133383757, 47.503648168728034 ], [ 16.668893657316517, 47.503606343058323 ], [ 16.668977580251237, 47.503557809345466 ], [ 16.668998000257545, 47.503546000347797 ], [ 16.669187784188864, 47.503640838354045 ], [ 16.670758999628219, 47.504425999560283 ], [ 16.671894999854374, 47.504955999719641 ], [ 16.672038140447796, 47.50501062633947 ], [ 16.672131141139403, 47.505046118083953 ], [ 16.674019825354833, 47.505766889630422 ], [ 16.675215000072228, 47.506222999691772 ], [ 16.676225999930125, 47.506544000105578 ], [ 16.676526180139149, 47.506601787842271 ], [ 16.680366000190759, 47.507340999987321 ], [ 16.68055415904729, 47.507391224425589 ], [ 16.68063675997854, 47.507413273104191 ], [ 16.686761000120214, 47.50904799956561 ], [ 16.688776999558854, 47.509845000346559 ], [ 16.690091999945878, 47.510475999767607 ], [ 16.690460999875313, 47.510756000089373 ], [ 16.694583000205341, 47.514919999658332 ], [ 16.694945999858078, 47.51553200000194 ], [ 16.695040999742503, 47.51595499972359 ], [ 16.694994000272914, 47.51634100043691 ], [ 16.694939999581379, 47.517507000247917 ], [ 16.697373000263894, 47.51910200005733 ], [ 16.699658000416548, 47.520302999683793 ], [ 16.700674999651596, 47.520748999566706 ], [ 16.702071328429156, 47.521349306925003 ], [ 16.70218924213998, 47.521399999910102 ], [ 16.703114999757531, 47.521798000277556 ], [ 16.703695797223304, 47.522047898491849 ], [ 16.703937192347666, 47.522151762993531 ], [ 16.705724999609174, 47.522920999904329 ], [ 16.705345000071759, 47.526405999637234 ], [ 16.704274000145119, 47.531069999780811 ], [ 16.703257000010524, 47.533146000187799 ], [ 16.70956400037835, 47.536639000289767 ], [ 16.71142900004844, 47.537580999663533 ], [ 16.712243999860789, 47.537779999847146 ], [ 16.712696000020571, 47.538014999892368 ], [ 16.713039999696264, 47.538214000076152 ], [ 16.713384000271503, 47.538450000167472 ], [ 16.713745999878142, 47.538721000074247 ], [ 16.714270867606615, 47.539306204218065 ], [ 16.714302553420225, 47.53934153228596 ], [ 16.714416032573922, 47.539468057904571 ], [ 16.714456699017489, 47.539513398124882 ], [ 16.714641999828473, 47.539720000277839 ], [ 16.714519279241529, 47.539862663331348 ], [ 16.71449999957548, 47.539885075336031 ], [ 16.714162000176145, 47.540277999929856 ], [ 16.713987517310159, 47.540453800302714 ], [ 16.713855780120298, 47.540586532142811 ], [ 16.711247999795432, 47.543214000425905 ], [ 16.710577000328442, 47.543347000263907 ], [ 16.709530999755884, 47.543349000356272 ], [ 16.709361000010233, 47.54331599973375 ], [ 16.708967999873437, 47.543200999826411 ], [ 16.708164999714938, 47.542880000311754 ], [ 16.707879000016021, 47.542772999874103 ], [ 16.707387999856394, 47.542656999920666 ], [ 16.70679899967422, 47.542558999897949 ], [ 16.706147000184103, 47.542487000174958 ], [ 16.705879999562512, 47.542477999759967 ], [ 16.705378999840946, 47.543086999965112 ], [ 16.704622000005372, 47.544348999706585 ], [ 16.704379999637354, 47.54504000009598 ], [ 16.704255000168246, 47.545753999747376 ], [ 16.704129999799818, 47.54580800043891 ], [ 16.701059000272778, 47.546378999791102 ], [ 16.700220000252898, 47.546146999884172 ], [ 16.698194000352942, 47.545701000001259 ], [ 16.696591925577025, 47.547544099380673 ], [ 16.695876981637582, 47.548366602237081 ], [ 16.695162999972524, 47.549187999826302 ], [ 16.694655863277546, 47.549810342373405 ], [ 16.694643433747615, 47.549825594875415 ], [ 16.691865874910263, 47.553234125254789 ], [ 16.691856188312443, 47.553246011594354 ], [ 16.691702999593872, 47.553433999579568 ], [ 16.69164281156668, 47.553514375587952 ], [ 16.691579518180333, 47.5535988992699 ], [ 16.690456019429917, 47.555099237340016 ], [ 16.690414698279881, 47.555154417942163 ], [ 16.690102000407137, 47.555572000147777 ], [ 16.690239999576363, 47.555796999731911 ], [ 16.690624000197545, 47.556466000006083 ], [ 16.690792999897099, 47.556849999727888 ], [ 16.690874286918813, 47.557824623807448 ], [ 16.690875376897282, 47.557837688258871 ], [ 16.690886601335706, 47.55797227270233 ], [ 16.690887604079705, 47.557984296638153 ], [ 16.690891999965856, 47.558036999607964 ], [ 16.690712999805214, 47.558313999791267 ], [ 16.688991000434385, 47.559573000293881 ], [ 16.686320999614509, 47.560707000427897 ], [ 16.68411599955391, 47.561393999733298 ], [ 16.679921000354, 47.560947999850441 ], [ 16.679605151256851, 47.560900000334755 ], [ 16.6795675739844, 47.560894289639918 ], [ 16.676325264399452, 47.56040155199014 ], [ 16.676293424801827, 47.560396712738282 ], [ 16.675735999816595, 47.560312000198735 ], [ 16.673994999569686, 47.559835999831591 ], [ 16.673295999710774, 47.559677999740018 ], [ 16.671868000407983, 47.559906000361764 ], [ 16.670975999742666, 47.560251000083724 ], [ 16.670574000090085, 47.56054600019786 ], [ 16.670378000044707, 47.560707000427897 ], [ 16.670175500599044, 47.560911797641381 ], [ 16.670124849882029, 47.560963023025124 ], [ 16.665260856703298, 47.565882236376297 ], [ 16.665243292044408, 47.565899999785131 ], [ 16.664436887952093, 47.566715558976 ], [ 16.6644225797383, 47.566730029967005 ], [ 16.663154999703579, 47.568012000053898 ], [ 16.663186992186013, 47.56822601621775 ], [ 16.66319026391966, 47.568247902119026 ], [ 16.66324200011826, 47.568593999913219 ], [ 16.664093999838315, 47.569230999610966 ], [ 16.664536000436215, 47.569327999587586 ], [ 16.665410000271379, 47.569295999910537 ], [ 16.666315999783592, 47.569273999795371 ], [ 16.667186721590042, 47.569490011554819 ], [ 16.66772307096295, 47.56962307074815 ], [ 16.667751000308556, 47.569630000024517 ], [ 16.670469999790839, 47.570882000204278 ], [ 16.671106000341751, 47.571194000203093 ], [ 16.671419000386663, 47.571410000271442 ], [ 16.675303999679954, 47.578723000266336 ], [ 16.675437000417276, 47.579561000240119 ], [ 16.675442999794654, 47.58038599961435 ], [ 16.675446999979158, 47.58197800018462 ], [ 16.675248999841642, 47.582596999951647 ], [ 16.673703082331542, 47.585293835642062 ], [ 16.673696778983299, 47.585304830753387 ], [ 16.673480000102074, 47.585683000170377 ], [ 16.670717000389288, 47.590414999852442 ], [ 16.67007104794061, 47.591396554107746 ], [ 16.669998181271126, 47.591507277738685 ], [ 16.668067451951401, 47.59444110457332 ], [ 16.667991684069136, 47.594556235781738 ], [ 16.667647000009197, 47.595080000042117 ], [ 16.66724945469872, 47.595493973268333 ], [ 16.667200000080015, 47.595545471146636 ], [ 16.666906874152914, 47.595850710042328 ], [ 16.666887572003873, 47.595870808990753 ], [ 16.666799999620423, 47.595962000246232 ], [ 16.666679000335705, 47.596324999898968 ], [ 16.666649999897743, 47.597408000379005 ], [ 16.666750065663166, 47.59800013110123 ], [ 16.666759000427589, 47.598053000445702 ], [ 16.666788803060797, 47.598077606796267 ], [ 16.668468000098244, 47.599463999863815 ], [ 16.669769999885716, 47.600144999792064 ], [ 16.670620999559617, 47.600709999766707 ], [ 16.673200999826406, 47.605002999888654 ], [ 16.672436262223698, 47.605580770236486 ], [ 16.672116751986607, 47.605822164461472 ], [ 16.671655294556274, 47.606170802840438 ], [ 16.671638593246598, 47.606183421228025 ], [ 16.671569000109344, 47.606236000091371 ], [ 16.671106000341751, 47.606287999791391 ], [ 16.670750000112605, 47.60611800004574 ], [ 16.670446999629405, 47.605963000092459 ], [ 16.670035999561833, 47.605826000069897 ], [ 16.669483000140474, 47.60569500032409 ], [ 16.668668000328125, 47.605630000024576 ], [ 16.667764000008731, 47.605605999817215 ], [ 16.664656999720933, 47.605527999817525 ], [ 16.661921000353971, 47.605546999794399 ], [ 16.660452000059934, 47.605931999562301 ], [ 16.659625999740229, 47.606243999561116 ], [ 16.659093000341841, 47.607786999670282 ], [ 16.658016253747178, 47.610593675857558 ], [ 16.657885197344115, 47.610935292329941 ], [ 16.656016986195141, 47.615805023183327 ], [ 16.655948038770987, 47.615984742801743 ], [ 16.655834000238997, 47.616282000214198 ], [ 16.652959999904169, 47.62225799970696 ], [ 16.652731000135702, 47.622605999567384 ], [ 16.652142999999455, 47.622886999935247 ], [ 16.64195999985418, 47.625948999946445 ], [ 16.635283999557032, 47.627902000077313 ], [ 16.632593999613562, 47.628207999799429 ], [ 16.63162599994007, 47.628287999891313 ], [ 16.630238999830112, 47.628294000168012 ], [ 16.62805699993072, 47.627986000353758 ], [ 16.61897400015016, 47.625836000131414 ], [ 16.618906896336284, 47.625800985027581 ], [ 16.618861804328844, 47.625777456064782 ], [ 16.618847344129733, 47.625769910752865 ], [ 16.618698239232401, 47.625692107704765 ], [ 16.617552000224691, 47.625094000088154 ], [ 16.615672999909009, 47.623959999954195 ], [ 16.609813000369741, 47.621878000169716 ], [ 16.609329922338077, 47.621754488179192 ], [ 16.609080638360808, 47.621690752326515 ], [ 16.597997300834834, 47.618856995753845 ], [ 16.597964972905345, 47.618848730084949 ], [ 16.597570999701929, 47.618747999720483 ], [ 16.595246093032813, 47.618310531705788 ], [ 16.594294328820297, 47.618131442512151 ], [ 16.593346000017959, 47.617952999931106 ], [ 16.590616000028547, 47.617608000209145 ], [ 16.588632000266728, 47.617615999678662 ], [ 16.585026000349728, 47.618064999700039 ], [ 16.583479250966775, 47.618294674859442 ], [ 16.583365146784104, 47.618311618086693 ], [ 16.577677136290959, 47.619156222681681 ], [ 16.577382315141733, 47.619199999880266 ], [ 16.574473000228863, 47.619632000016907 ], [ 16.573564868424114, 47.619811710642125 ], [ 16.57336699688949, 47.61985086802332 ], [ 16.573316532332115, 47.61986085409518 ], [ 16.573248595746179, 47.619874298060381 ], [ 16.572482000144248, 47.6200260001998 ], [ 16.571914000031143, 47.620245000406555 ], [ 16.571633999709377, 47.62040399964485 ], [ 16.569998999854079, 47.621684000216533 ], [ 16.569384362698315, 47.622018555212321 ], [ 16.569297698630066, 47.622065728250789 ], [ 16.564933114271923, 47.624441433125753 ], [ 16.56482551668438, 47.624499999675379 ], [ 16.560194000053173, 47.627020999919353 ], [ 16.55169999955541, 47.632276000337242 ], [ 16.550987999996323, 47.632653999782349 ], [ 16.548911000442502, 47.633629999824734 ], [ 16.543596103377638, 47.635501948556225 ], [ 16.543465195362558, 47.635548055898141 ], [ 16.543198267586092, 47.635642070125471 ], [ 16.542964136286002, 47.635724531661936 ], [ 16.542253000075959, 47.635975000046301 ], [ 16.53865590344725, 47.637481735893459 ], [ 16.538631145111424, 47.637492106875413 ], [ 16.53756117131104, 47.637940292110841 ], [ 16.537543712772219, 47.637947606297075 ], [ 16.53289700029643, 47.639894000008155 ], [ 16.530985000257601, 47.640713000005064 ], [ 16.529025999850035, 47.641483999587081 ], [ 16.52851200042852, 47.64163700034743 ], [ 16.526543999605963, 47.642046000322807 ], [ 16.525905999862061, 47.642042000138304 ], [ 16.524466008099978, 47.641870707167527 ], [ 16.52437600035222, 47.641859999839198 ], [ 16.524342820764616, 47.641850652285882 ], [ 16.523982000169156, 47.641749000116363 ], [ 16.523777691287535, 47.641833136190257 ], [ 16.523760220158124, 47.641840330766797 ], [ 16.522626999736417, 47.642306999768323 ], [ 16.522192151446802, 47.642487408267357 ], [ 16.522168528055204, 47.642497209079067 ], [ 16.52186855019346, 47.642621661760472 ], [ 16.521829111324564, 47.642638024025757 ], [ 16.521533907963601, 47.642760497299264 ], [ 16.521438691342496, 47.642799999120825 ], [ 16.519790000208502, 47.643484000086517 ], [ 16.517493000401771, 47.644647999805386 ], [ 16.517298409593991, 47.644653935330837 ], [ 16.517267692350288, 47.644654872424439 ], [ 16.513792175968206, 47.644760880909985 ], [ 16.513743803233979, 47.644762356697527 ], [ 16.51352600002491, 47.644768999989481 ], [ 16.513501999817549, 47.644343000129538 ], [ 16.511081999734586, 47.642147999630652 ], [ 16.510456648056049, 47.641678324195425 ], [ 16.510455611137559, 47.641677545382493 ], [ 16.50708388731158, 47.639145183103835 ], [ 16.507019280915245, 47.639096660182872 ], [ 16.506594999659626, 47.638777999804972 ], [ 16.506361999706598, 47.638736999712933 ], [ 16.506081000238112, 47.6387529995514 ], [ 16.505652827615904, 47.638785403023974 ], [ 16.505614634308017, 47.638788292545712 ], [ 16.498128770226685, 47.639354795287659 ], [ 16.497965208727408, 47.639367172656989 ], [ 16.496950000042659, 47.639443999940738 ], [ 16.496474415162197, 47.639562792289155 ], [ 16.496341329888594, 47.639596034829253 ], [ 16.488413386068942, 47.641576289814111 ], [ 16.488304442196352, 47.641603502399903 ], [ 16.487786000123947, 47.641733000277725 ], [ 16.487352999941038, 47.641950000392342 ], [ 16.486676962472018, 47.64258455753145 ], [ 16.486529432287512, 47.642723035140023 ], [ 16.483844113315342, 47.645243584823675 ], [ 16.483804896578818, 47.645280394974293 ], [ 16.483408999725725, 47.645652000239807 ], [ 16.483225000233631, 47.646102000307224 ], [ 16.482759000327576, 47.647893000161957 ], [ 16.482662000351183, 47.648044999976833 ], [ 16.480718999782027, 47.649708000224223 ], [ 16.480421999575753, 47.649892999762187 ], [ 16.47997999987723, 47.650061000315077 ], [ 16.472036999607951, 47.651459000033014 ], [ 16.468920999804368, 47.651827999962279 ], [ 16.467917000269495, 47.651892000215753 ], [ 16.466488000021229, 47.651763999708805 ], [ 16.464898000442474, 47.651626999686471 ], [ 16.462553000220908, 47.651499000078957 ], [ 16.461503664962208, 47.652095418768681 ], [ 16.461368057989603, 47.652172495164621 ], [ 16.458908006599302, 47.653570734102232 ], [ 16.458778616639904, 47.653644276162481 ], [ 16.458384999568182, 47.653867999608622 ], [ 16.451236999987714, 47.655899999785277 ], [ 16.448715891825088, 47.656236502712488 ], [ 16.448530046924191, 47.656261307813224 ], [ 16.448122913941404, 47.656315650247109 ], [ 16.447856217290678, 47.656351247212456 ], [ 16.447445999633146, 47.656405999737274 ], [ 16.447136083363603, 47.656431589046633 ], [ 16.446786202121586, 47.656460477069459 ], [ 16.443752000154745, 47.656711000312498 ], [ 16.442024999654109, 47.656742999989547 ], [ 16.437559999694315, 47.657794999939426 ], [ 16.436479242123426, 47.658155560630803 ], [ 16.436467583312435, 47.658159451097902 ], [ 16.429510395588352, 47.660480494279568 ], [ 16.429451927064861, 47.660499999675437 ], [ 16.428196000445041, 47.66091900011196 ], [ 16.427127999757545, 47.661400999856426 ], [ 16.42551299992499, 47.66221200038359 ], [ 16.423288999887518, 47.663433000033081 ], [ 16.422818211991057, 47.663878382081805 ], [ 16.42238100028294, 47.664292000075875 ], [ 16.422110944664553, 47.664823703551122 ], [ 16.421866999962106, 47.665303999979699 ], [ 16.422068000238085, 47.665536999932726 ], [ 16.424839000319707, 47.667303999580099 ], [ 16.425376999948753, 47.667529000063439 ], [ 16.426308999760636, 47.667906000361768 ], [ 16.426927000380942, 47.668099000268683 ], [ 16.427496999686809, 47.66821900040668 ], [ 16.428379999937135, 47.668403999944701 ], [ 16.429881999954489, 47.668556999805787 ], [ 16.432837999574133, 47.669440000055999 ], [ 16.435085999819137, 47.670170999592074 ], [ 16.435768999839581, 47.670427999752405 ], [ 16.441156000049375, 47.672702000297079 ], [ 16.442394999629641, 47.673310999603018 ], [ 16.442675999997505, 47.673464000363367 ], [ 16.443013000249948, 47.67368000043183 ], [ 16.443262000041386, 47.673880999808432 ], [ 16.44343900010989, 47.674042000038298 ], [ 16.443463000317365, 47.674299000198857 ], [ 16.443519000201775, 47.674925000288624 ], [ 16.44338300022531, 47.675262999687789 ], [ 16.442893000111951, 47.675968999869497 ], [ 16.442644000320513, 47.677020999819376 ], [ 16.442691999835972, 47.677567999863413 ], [ 16.442787111236328, 47.67798711091649 ], [ 16.442800000319892, 47.678043906701078 ], [ 16.443029000088359, 47.679052999996031 ], [ 16.44328229773987, 47.679727871943896 ], [ 16.443293267670242, 47.679757099011056 ], [ 16.443799999670432, 47.681107208031335 ], [ 16.443816432982032, 47.681150992424534 ], [ 16.444032999623289, 47.681728000147189 ], [ 16.444378000244569, 47.682425999960003 ], [ 16.444797048345151, 47.683097047990486 ], [ 16.444965000334548, 47.683366000140779 ], [ 16.44500160723851, 47.68342533830878 ], [ 16.445283248822875, 47.683881864756358 ], [ 16.44529999959542, 47.683909017087615 ], [ 16.445365999941032, 47.684016000438135 ], [ 16.445931041284553, 47.685805143192965 ], [ 16.445979855585904, 47.685959712370845 ], [ 16.44598499970806, 47.685975999992593 ], [ 16.445996945402783, 47.686031558309821 ], [ 16.446000001299126, 47.686045770296118 ], [ 16.446137000422254, 47.686683000220398 ], [ 16.446048999961477, 47.687582000309135 ], [ 16.446000000399749, 47.687773332873178 ], [ 16.44594399961602, 47.687992000330667 ], [ 16.44592892967637, 47.688184280779979 ], [ 16.445899999385517, 47.68855339582268 ], [ 16.445875048594758, 47.688871741437822 ], [ 16.445831999847087, 47.689420999679555 ], [ 16.447237999933918, 47.696489000067345 ], [ 16.451759043844902, 47.69677269570343 ], [ 16.451987000399868, 47.696787000319944 ], [ 16.452084923980237, 47.696786893300612 ], [ 16.453820000392739, 47.696785000227749 ], [ 16.456856367927003, 47.690448044341849 ], [ 16.459891999815966, 47.684111000322503 ], [ 16.46005102513476, 47.684022953096814 ], [ 16.460109328183023, 47.683990671932065 ], [ 16.462425999760057, 47.682708000373964 ], [ 16.462776983570961, 47.682548020874606 ], [ 16.46285267321241, 47.682513521981434 ], [ 16.465683999816861, 47.681223000241289 ], [ 16.466080614328916, 47.681202807763384 ], [ 16.466100000115034, 47.681201821207139 ], [ 16.466752872846939, 47.68116858226432 ], [ 16.466782895814163, 47.681167053416914 ], [ 16.468315999783613, 47.681089000357247 ], [ 16.469994999869414, 47.681091000449442 ], [ 16.474870999896837, 47.681185000287712 ], [ 16.475548999686623, 47.683099999565457 ], [ 16.476250999683941, 47.686979000380575 ], [ 16.479868000108297, 47.690142999699844 ], [ 16.480619105787127, 47.690282371234616 ], [ 16.480714113765487, 47.690299999745321 ], [ 16.480913043801991, 47.690336912418616 ], [ 16.480942350009627, 47.690342350619062 ], [ 16.481474000424839, 47.690440999952216 ], [ 16.482963585301263, 47.690900000434851 ], [ 16.483074823344396, 47.690934277195311 ], [ 16.483122151965802, 47.690948860601566 ], [ 16.483134958311837, 47.690952806826601 ], [ 16.483366000440697, 47.691023999857805 ], [ 16.4833675382813, 47.691024613195452 ], [ 16.483755263894352, 47.691179120320271 ], [ 16.483846846354879, 47.691215615708131 ], [ 16.484164555250175, 47.69134222136654 ], [ 16.484166135359033, 47.691342850891942 ], [ 16.484274682630655, 47.691386106483776 ], [ 16.484319826798696, 47.691404097421184 ], [ 16.484459924985629, 47.691459925535241 ], [ 16.484479694782067, 47.691467803596311 ], [ 16.484567265367161, 47.691502699989655 ], [ 16.484828999558829, 47.691606999763223 ], [ 16.485827999762478, 47.692486999875314 ], [ 16.486065999946106, 47.692713000404694 ], [ 16.48605400838585, 47.692748183681829 ], [ 16.486052528101823, 47.692752528306585 ], [ 16.48604338379522, 47.692779357781205 ], [ 16.485989102515077, 47.692938621420296 ], [ 16.485883999647001, 47.69324699984918 ], [ 16.485104999696034, 47.694138999615177 ], [ 16.488241000422022, 47.697909999946717 ], [ 16.488697978329071, 47.698046167196992 ], [ 16.488727793552982, 47.698055050700191 ], [ 16.488776107831256, 47.69806944794675 ], [ 16.488829365682705, 47.698085317383573 ], [ 16.495057641197207, 47.69994117364638 ], [ 16.495085768393608, 47.699949553529109 ], [ 16.495244999657189, 47.699996999961684 ], [ 16.495387884843183, 47.700177061322506 ], [ 16.495430071141016, 47.700230222946573 ], [ 16.495699999955036, 47.700570380718602 ], [ 16.495714428677957, 47.700588563211795 ], [ 16.496582549645098, 47.701682549809959 ], [ 16.496604296151361, 47.701709953951308 ], [ 16.497261964068457, 47.702538731377388 ], [ 16.497276088820513, 47.702556530759466 ], [ 16.497504999556213, 47.702844999996728 ], [ 16.497913000384699, 47.703319000271676 ], [ 16.49879122973158, 47.703863943566262 ], [ 16.499054053002283, 47.704027026626022 ], [ 16.499103547191112, 47.704057737574658 ], [ 16.499133947873418, 47.704076601753854 ], [ 16.499492664055367, 47.704299185758941 ], [ 16.499499999825218, 47.704303738127066 ], [ 16.499500239944211, 47.70430388741454 ], [ 16.499536009579288, 47.704326082682599 ], [ 16.499942000423118, 47.704577999874914 ], [ 16.5002249999838, 47.704569000359129 ], [ 16.500579000120865, 47.704445000036742 ], [ 16.501256999910709, 47.704081000337965 ], [ 16.501686999955155, 47.703886000338684 ], [ 16.501957999861929, 47.703767000246955 ], [ 16.502346999814222, 47.70367799974008 ], [ 16.503814000016234, 47.703355000133286 ], [ 16.504363000152409, 47.703395000179228 ], [ 16.505071999573204, 47.703602999878626 ], [ 16.505418000240581, 47.703709000270237 ], [ 16.506991892961651, 47.704399999760369 ], [ 16.507001389802269, 47.704404169017323 ], [ 16.507881699281143, 47.704790658961883 ], [ 16.50790297544205, 47.704800000219961 ], [ 16.508099999815215, 47.704886501510885 ], [ 16.50810242258882, 47.70488756630823 ], [ 16.508830000204398, 47.70520700010303 ], [ 16.509144125301191, 47.705384042439732 ], [ 16.509172439556494, 47.705400000010115 ], [ 16.510610484286531, 47.706210483427185 ], [ 16.510632976330839, 47.706223160270781 ], [ 16.510928999873613, 47.706389999798716 ], [ 16.512031433803713, 47.706800484554776 ], [ 16.512067830266233, 47.706814036438686 ], [ 16.514031735576282, 47.707545284187574 ], [ 16.514176000322209, 47.707598999794129 ], [ 16.514190547755675, 47.707595273902882 ], [ 16.51688246775177, 47.706905843729828 ], [ 16.516900770754091, 47.706901156463289 ], [ 16.516916999919658, 47.706896999796811 ], [ 16.524498999729133, 47.710632000266571 ], [ 16.524918000165599, 47.710556000359247 ], [ 16.52530967110448, 47.710518066056068 ], [ 16.525496202188037, 47.710500000474724 ], [ 16.526569999905632, 47.710396000175308 ], [ 16.527563999878794, 47.710326999691404 ], [ 16.52800899971561, 47.71032300040622 ], [ 16.533351999695128, 47.710680999828355 ], [ 16.533542676653269, 47.710719107700754 ], [ 16.533607956641958, 47.710732154165612 ], [ 16.534508023326794, 47.710912034762657 ], [ 16.534527102443917, 47.710915847888259 ], [ 16.538790999604998, 47.711767999593576 ], [ 16.53883536765818, 47.711800000169944 ], [ 16.538876497252716, 47.711829664307629 ], [ 16.541308234387543, 47.713583532054486 ], [ 16.541328445751333, 47.713598109165559 ], [ 16.541338000148585, 47.713604999770951 ], [ 16.542597515962711, 47.714909588706689 ], [ 16.543099593071872, 47.715429633371059 ], [ 16.543590424158936, 47.715938030016218 ], [ 16.543728601393923, 47.716081151723927 ], [ 16.54393652824831, 47.716296519568914 ], [ 16.5442850712991, 47.716657536216417 ], [ 16.545054506960071, 47.717454507319758 ], [ 16.545114515122748, 47.717516663063634 ], [ 16.545305999672223, 47.717715000446901 ], [ 16.545370077267364, 47.717770078526428 ], [ 16.546126577080031, 47.718420324338467 ], [ 16.546494999644665, 47.718736999912778 ], [ 16.547950000192429, 47.719845999793165 ], [ 16.548826000119959, 47.720429999744852 ], [ 16.549443999840889, 47.720812000273668 ], [ 16.549530071255958, 47.720864472117739 ], [ 16.550062299935178, 47.721188937619502 ], [ 16.551664999740069, 47.722165999761273 ], [ 16.552292999922088, 47.722545000151626 ], [ 16.552163000222322, 47.722733999874379 ], [ 16.549015999888582, 47.725951999885012 ], [ 16.542908999750637, 47.731250999634028 ], [ 16.536604000374382, 47.736659999959215 ], [ 16.536613935185017, 47.736691147978092 ], [ 16.536636070198483, 47.736760547761264 ], [ 16.537472773349862, 47.739383855780432 ], [ 16.537612090925336, 47.739820654699599 ], [ 16.537631652978462, 47.739881987563763 ], [ 16.537660999655543, 47.739973999900315 ], [ 16.538034640086664, 47.740152753646726 ], [ 16.538170404440734, 47.740217705382975 ], [ 16.538517999606029, 47.740383999921846 ], [ 16.538540351356176, 47.740394486916216 ], [ 16.538626227618352, 47.74043477654385 ], [ 16.540333999714335, 47.741235999641845 ], [ 16.542903000373315, 47.742342000283145 ], [ 16.543191069412501, 47.742399299687975 ], [ 16.543194589358961, 47.742400000259863 ], [ 16.543270000210384, 47.742415000052404 ], [ 16.543450999564016, 47.742421000328932 ], [ 16.543451883597697, 47.742420753914644 ], [ 16.543466304226627, 47.742416735743802 ], [ 16.543896000300208, 47.742297000006545 ], [ 16.544215999768539, 47.741804999800991 ], [ 16.544703999789931, 47.741156000449166 ], [ 16.54885699975091, 47.7431489997266 ], [ 16.546643000174356, 47.745288000341077 ], [ 16.546642715988696, 47.74529066683084 ], [ 16.546640852593384, 47.745308171235195 ], [ 16.546296272854818, 47.748545185611931 ], [ 16.546287851603211, 47.748624297173649 ], [ 16.546237000337385, 47.749101999957475 ], [ 16.546387129562561, 47.749299999195614 ], [ 16.546398309034828, 47.749314743580726 ], [ 16.54722662241079, 47.750407177049738 ], [ 16.547237951170587, 47.750422118386098 ], [ 16.547504000309345, 47.750772999674382 ], [ 16.548248999591749, 47.751389000202323 ], [ 16.55150499955613, 47.751438999810148 ], [ 16.558821999735585, 47.751432000386501 ], [ 16.566463999613973, 47.751402999948539 ], [ 16.574326999791367, 47.753070000380319 ], [ 16.583202999918569, 47.754935000050352 ], [ 16.588015999738786, 47.755361999956392 ], [ 16.589044290861466, 47.756966596431255 ], [ 16.589068710152901, 47.757004701605752 ], [ 16.589083000380242, 47.757027000295921 ], [ 16.592444999837028, 47.759102999803702 ], [ 16.592516059768457, 47.759081631012521 ], [ 16.592545535048487, 47.759072767294413 ], [ 16.593344688806383, 47.758832445960707 ], [ 16.593835000085278, 47.75868500031271 ], [ 16.594122630255242, 47.758570780117452 ], [ 16.595078999895975, 47.75819100001479 ], [ 16.595097550211904, 47.758183472689154 ], [ 16.595285951885216, 47.758107024020092 ], [ 16.595736999662847, 47.757924000292519 ], [ 16.596078345439366, 47.75776312057161 ], [ 16.596108022167641, 47.757749133415814 ], [ 16.596224999684011, 47.757693999578578 ], [ 16.596577999775036, 47.757515000317142 ], [ 16.596854999958396, 47.757374000110076 ], [ 16.597025304574288, 47.757274869639673 ], [ 16.597454381914361, 47.757025112618919 ], [ 16.598250000437247, 47.756562000435963 ], [ 16.598817999651146, 47.75621399967639 ], [ 16.599366860392308, 47.756462955401219 ], [ 16.599453126061064, 47.756502084004012 ], [ 16.603363999748922, 47.758276000337275 ], [ 16.603378224325638, 47.758281265867879 ], [ 16.603668403174368, 47.758388680893006 ], [ 16.605769643953977, 47.759166497336082 ], [ 16.606261332994222, 47.759348505729008 ], [ 16.608540000121025, 47.760191999661117 ], [ 16.608896000350171, 47.760263000237387 ], [ 16.609361000210129, 47.760332999868183 ], [ 16.609679999632363, 47.760351999845057 ], [ 16.610285440320865, 47.760329576149104 ], [ 16.610436000321272, 47.760324000352398 ], [ 16.610762798664325, 47.760305315138282 ], [ 16.611903600370908, 47.760240086410988 ], [ 16.612079999692355, 47.760229999614864 ], [ 16.612427000405887, 47.760202000122376 ], [ 16.612505402402405, 47.760188968945897 ], [ 16.612794000242957, 47.760141000007195 ], [ 16.612970070412416, 47.760104274392802 ], [ 16.61298592456086, 47.760100968484892 ], [ 16.615522000140231, 47.759571999847992 ], [ 16.615856934649855, 47.759499608020576 ], [ 16.615868999954557, 47.759496999986595 ], [ 16.616258999953061, 47.759384000171565 ], [ 16.616723999812848, 47.759234000448885 ], [ 16.61684115539515, 47.759192390616306 ], [ 16.617457256647128, 47.758973573871515 ], [ 16.617517999556128, 47.758952000034924 ], [ 16.617588150272979, 47.758921357434815 ], [ 16.618902999573891, 47.758347000014169 ], [ 16.619161999826417, 47.758215000222265 ], [ 16.619395999825542, 47.758087999761472 ], [ 16.619551342420493, 47.758002706259958 ], [ 16.61982399977785, 47.757852999716249 ], [ 16.620115893633567, 47.757680688712924 ], [ 16.620133999684469, 47.757670000270423 ], [ 16.6201501164349, 47.757663744586296 ], [ 16.620156498024016, 47.75766126695396 ], [ 16.620978999981048, 47.757342000433027 ], [ 16.62206006781787, 47.757209396296616 ], [ 16.622136670271175, 47.757200000180035 ], [ 16.62397100036145, 47.756974999696581 ], [ 16.625360650773473, 47.756904215856991 ], [ 16.625420768653726, 47.75690115366541 ], [ 16.627014000395832, 47.756819999743243 ], [ 16.628224999584234, 47.756960999950309 ], [ 16.628736999812759, 47.757209999741747 ], [ 16.629663000247319, 47.757844000200635 ], [ 16.630245000106811, 47.75809800022256 ], [ 16.63124000012607, 47.758525000128714 ], [ 16.633510999632904, 47.758997000311297 ], [ 16.634235999791656, 47.759001999642749 ], [ 16.634346703637561, 47.758889153611733 ], [ 16.63438241661521, 47.758852749055222 ], [ 16.636571191107748, 47.756621606602039 ], [ 16.636686326812594, 47.756504242377048 ], [ 16.637284000056638, 47.755895000254156 ], [ 16.637561000239998, 47.755585000347537 ], [ 16.638462999567821, 47.754016999984742 ], [ 16.638739999751351, 47.753194999849541 ], [ 16.638880999958246, 47.752641000381914 ], [ 16.638810000281353, 47.751626000339684 ], [ 16.638552000074867, 47.75106299955786 ], [ 16.63825599991452, 47.750236000091434 ], [ 16.638368999729721, 47.749643999770853 ], [ 16.638576000282228, 47.749310999702971 ], [ 16.638942000073428, 47.748859999589456 ], [ 16.639262000441136, 47.748527000420779 ], [ 16.639711999609176, 47.748137000422275 ], [ 16.642947999550586, 47.746456000244279 ], [ 16.645062999957588, 47.74549800013267 ], [ 16.645670000070538, 47.745259999949212 ], [ 16.655330000379365, 47.741821999685726 ], [ 16.65576904220768, 47.741755895018571 ], [ 16.655924028671166, 47.741732559410252 ], [ 16.656804429880708, 47.741600000239885 ], [ 16.657060596369604, 47.741561430116064 ], [ 16.65718300039515, 47.741543000309377 ], [ 16.658154075750076, 47.743266608567296 ], [ 16.658164999814915, 47.743285999749276 ], [ 16.662284659209661, 47.742391626672372 ], [ 16.66336999972583, 47.74215599979965 ], [ 16.665637999993749, 47.741638000193632 ], [ 16.669615999978475, 47.740835000035361 ], [ 16.670661469051538, 47.740628501304343 ], [ 16.670778317065867, 47.740605421103282 ], [ 16.671631000270622, 47.740436999667907 ], [ 16.67328169779222, 47.740271440774563 ], [ 16.679460117590395, 47.739651767415182 ], [ 16.680026531299404, 47.739594917671411 ], [ 16.68728900018732, 47.738866000065855 ], [ 16.696319174690245, 47.737853355348079 ], [ 16.713191112779725, 47.736086767590223 ], [ 16.719343931577271, 47.735495353627812 ], [ 16.719721456180366, 47.735459065983093 ], [ 16.720899999735366, 47.735345784680362 ], [ 16.720941789432061, 47.735341767408727 ], [ 16.721032999573367, 47.735332999918171 ], [ 16.721276029665205, 47.728976004439176 ], [ 16.721519000401713, 47.722618999966983 ], [ 16.722069482620668, 47.721769721595479 ], [ 16.723474376541333, 47.719602265532274 ], [ 16.741138000418459, 47.692350999898906 ], [ 16.748831999996924, 47.681053999642359 ], [ 16.761946999554539, 47.681279000125869 ], [ 16.763097000426342, 47.681423999617948 ], [ 16.775661292934387, 47.681712314172046 ], [ 16.788225724837503, 47.681999251864113 ], [ 16.799574771558525, 47.682257188218728 ], [ 16.80079029433665, 47.682284813593412 ], [ 16.81474271560387, 47.682600971158081 ], [ 16.81513604669118, 47.682609883439454 ], [ 16.819112999865069, 47.68270000000507 ], [ 16.825184742082172, 47.68267732719687 ], [ 16.826879000065844, 47.682670999567108 ], [ 16.828365000244617, 47.68269599982068 ], [ 16.828379087225244, 47.68270000000507 ], [ 16.828405051551954, 47.682707372647258 ], [ 16.828446000382769, 47.682718999981944 ], [ 16.828508999690769, 47.682759000027886 ], [ 16.832153999607385, 47.688033000422706 ], [ 16.832195999745693, 47.688886000188802 ], [ 16.832325000298681, 47.689988999792604 ], [ 16.83237299981414, 47.690263999883769 ], [ 16.832421000229033, 47.690417999791009 ], [ 16.832668999974544, 47.691084999972816 ], [ 16.83274299978973, 47.691268000318018 ], [ 16.834542000013357, 47.695223000141482 ], [ 16.836835294613252, 47.69990752461274 ], [ 16.839129000203343, 47.704591999621186 ], [ 16.839823999877865, 47.705032000126891 ], [ 16.840067112707118, 47.705182061003313 ], [ 16.840565999921125, 47.705489999663882 ], [ 16.840932988966358, 47.705699793510689 ], [ 16.841124899794352, 47.705809500907833 ], [ 16.841162944714313, 47.705831250112226 ], [ 16.841180000356871, 47.705840999662541 ], [ 16.842331000375395, 47.706283000260441 ], [ 16.844672999559464, 47.70716599961122 ], [ 16.844974216686808, 47.707278319539 ], [ 16.848399493342015, 47.708555555594558 ], [ 16.848633999659455, 47.708643000274321 ], [ 16.850906900333371, 47.709450495244255 ], [ 16.852067999738438, 47.709862999877714 ], [ 16.852081429314637, 47.709870494827612 ], [ 16.856482209586375, 47.712326544234656 ], [ 16.856485637801995, 47.712328456193461 ], [ 16.856664000343415, 47.712428000351963 ], [ 16.861026000049947, 47.715703000293217 ], [ 16.864660000358754, 47.718920000257981 ], [ 16.865711000262593, 47.720191999561166 ], [ 16.866962000396143, 47.721578999671181 ], [ 16.868391388252007, 47.721421550863909 ], [ 16.868713983163843, 47.721386016851227 ], [ 16.86881400036583, 47.721375000156286 ], [ 16.868817331454864, 47.721338262850622 ], [ 16.869013546438168, 47.719174690060015 ], [ 16.869640999832257, 47.71225599961474 ], [ 16.869789378976805, 47.710518771124441 ], [ 16.87012399962299, 47.706600999636578 ], [ 16.870299886330713, 47.704681265428178 ], [ 16.871460000079082, 47.692018999877121 ], [ 16.871579000170811, 47.69075299995103 ], [ 16.871664999640018, 47.690179999607324 ], [ 16.871698000262541, 47.690120000437787 ], [ 16.875330117391002, 47.688337821133587 ], [ 16.875407198283597, 47.68830000014492 ], [ 16.875610999947867, 47.688200000030065 ], [ 16.88382500012375, 47.688054999638666 ], [ 16.912722999966547, 47.687596000055407 ], [ 16.93233799979896, 47.689658999863013 ], [ 16.938542999959566, 47.690377999745067 ], [ 16.950290772801054, 47.691627203033079 ], [ 16.962039105919985, 47.692875203028336 ], [ 16.973788000216189, 47.694121999730669 ], [ 16.976031000230535, 47.694371999568205 ], [ 16.977291999925967, 47.69454300025933 ], [ 16.999074999911443, 47.697844999647202 ], [ 17.001893341204777, 47.698284367929375 ], [ 17.009384049933942, 47.699452140304174 ], [ 17.019693733978727, 47.701058353760118 ], [ 17.030004050246873, 47.702663640015146 ], [ 17.040314999637701, 47.704267999968295 ], [ 17.050917773636399, 47.705040559873964 ], [ 17.061520862397913, 47.705812140418118 ], [ 17.072124262324849, 47.706582739801718 ], [ 17.082727975216073, 47.707352359823631 ], [ 17.093316175700977, 47.708119852949039 ], [ 17.093332000171813, 47.708120999584537 ], [ 17.086022000315154, 47.714034999815397 ], [ 17.082098000122642, 47.717165000264629 ], [ 17.077962000046341, 47.720389999698909 ], [ 17.077555884196784, 47.720699426737212 ], [ 17.07567909981077, 47.722129381166042 ], [ 17.074509180754205, 47.72302076309785 ], [ 17.074355651192491, 47.723137739715014 ], [ 17.07414400024544, 47.723298999849021 ], [ 17.071195461401601, 47.727051971471383 ], [ 17.070408999775623, 47.728052999646366 ], [ 17.070409113090136, 47.728060110585773 ], [ 17.070424969037276, 47.729051741744627 ], [ 17.070430067293842, 47.729370615261757 ], [ 17.070495120653334, 47.733439036682284 ], [ 17.070496919297398, 47.733551544568172 ], [ 17.070506999798283, 47.734181999899477 ], [ 17.071051999750125, 47.738813000319794 ], [ 17.070932513125115, 47.744322502581497 ], [ 17.070813000419776, 47.749832000346657 ], [ 17.070786902993348, 47.750057172600521 ], [ 17.070560744183069, 47.752008475710682 ], [ 17.070232282094253, 47.75484247510019 ], [ 17.070207990506503, 47.755052055807823 ], [ 17.070200000030127, 47.755120999634471 ], [ 17.070147705352383, 47.755413767631353 ], [ 17.070095508700945, 47.755705988840361 ], [ 17.069814000216127, 47.757282000364114 ], [ 17.06971121040408, 47.757269542955157 ], [ 17.069702624576564, 47.757268502439558 ], [ 17.068725733305939, 47.757150112987517 ], [ 17.068435999621784, 47.757114999857549 ], [ 17.068435434847629, 47.757117017936196 ], [ 17.066211380850632, 47.765054475683655 ], [ 17.065918100240197, 47.766101172331389 ], [ 17.0658648720663, 47.766291137925748 ], [ 17.065862389038102, 47.76629999984516 ], [ 17.065707999724509, 47.7668510000737 ], [ 17.066428064403681, 47.766878748655415 ], [ 17.066979507997928, 47.766899999635427 ], [ 17.067165046230002, 47.766907150144959 ], [ 17.067197416427746, 47.766908397504665 ], [ 17.067239000179825, 47.766910000096516 ], [ 17.06555367696069, 47.772380014925886 ], [ 17.063868000308048, 47.777850000077478 ], [ 17.062597000151527, 47.77774299963977 ], [ 17.060868999604622, 47.777700000354798 ], [ 17.059232999703227, 47.78305800012663 ], [ 17.058279999822275, 47.786192999907144 ], [ 17.054702000297141, 47.790380999683407 ], [ 17.052937999888798, 47.792170000345322 ], [ 17.051067999988277, 47.794014999992442 ], [ 17.053641999978311, 47.797579999817231 ], [ 17.056121355316463, 47.799004918941932 ], [ 17.061367081925425, 47.802019709042384 ], [ 17.064509463341153, 47.803825678112673 ], [ 17.064676211138419, 47.803921509869951 ], [ 17.066906000111942, 47.805202999718745 ], [ 17.074460000428758, 47.808238000283552 ], [ 17.074577999575069, 47.808300000444831 ], [ 17.073711838230793, 47.808988161674336 ], [ 17.072713701376188, 47.809781176660124 ], [ 17.067965000384504, 47.813553999917303 ], [ 17.065316999679908, 47.815504999955976 ], [ 17.063474000124984, 47.816880000411686 ], [ 17.061238000433434, 47.818805000150689 ], [ 17.060587135887715, 47.819412863612854 ], [ 17.060343712792189, 47.81964020503159 ], [ 17.059906000161959, 47.820048999961443 ], [ 17.06095600001953, 47.82277599981262 ], [ 17.054020372642185, 47.825579210012563 ], [ 17.047083999726851, 47.828382000229169 ], [ 17.047077754834618, 47.828456842709159 ], [ 17.047074037936568, 47.828501386130199 ], [ 17.046739602550645, 47.832509339834189 ], [ 17.04671416612598, 47.832814165941159 ], [ 17.046713007799212, 47.832828052372861 ], [ 17.046704000189607, 47.832935999796689 ], [ 17.05161031726243, 47.837943138964874 ], [ 17.051619000216874, 47.837951999984853 ], [ 17.043834869683621, 47.84169260772768 ], [ 17.040803079698549, 47.843149512140258 ], [ 17.035806834917594, 47.845549469032903 ], [ 17.029984999907981, 47.848345999968046 ], [ 17.015870000100449, 47.855126999711445 ], [ 17.014231528862069, 47.855940030008412 ], [ 17.013767823126614, 47.856170126949905 ], [ 17.01124900014139, 47.857420000232992 ], [ 17.01061538459237, 47.857887179150055 ], [ 17.010046000422676, 47.858306999768331 ], [ 17.010070018616545, 47.858341650646764 ], [ 17.010423826298734, 47.858852080659176 ], [ 17.010431882425507, 47.858863702597944 ], [ 17.014704000289385, 47.865027000295925 ], [ 17.014783802530474, 47.865139670959138 ], [ 17.01481263119814, 47.865180373375665 ], [ 17.016354999983321, 47.867357999871899 ], [ 17.016440246720151, 47.867419918194798 ], [ 17.016452646572475, 47.867428924905028 ], [ 17.017091741690649, 47.867893118972347 ], [ 17.017374125215895, 47.868098221955506 ], [ 17.017774881105879, 47.868389302824255 ], [ 17.017785260181597, 47.868396840941557 ], [ 17.017802000162249, 47.868408999775681 ], [ 17.019378822874444, 47.868385881803079 ], [ 17.019439000109912, 47.868384999568207 ], [ 17.021828078802855, 47.868221089132021 ], [ 17.024073999815357, 47.868067000192013 ], [ 17.026841980872689, 47.86785164313892 ], [ 17.027749264617, 47.867781054452223 ], [ 17.028970999911849, 47.867685999709295 ], [ 17.029441760828661, 47.867699999455567 ], [ 17.029723166790802, 47.867708368546403 ], [ 17.03415008136119, 47.867840021200152 ], [ 17.03445199995997, 47.867849000031356 ], [ 17.037440000156039, 47.867966000031061 ], [ 17.037611437018256, 47.867944281403652 ], [ 17.037811000177669, 47.867918999662152 ], [ 17.037852737713763, 47.867899999685278 ], [ 17.038078999945981, 47.867797000331336 ], [ 17.038779999897258, 47.86741099961796 ], [ 17.038804758233084, 47.867398525121871 ], [ 17.040072000122791, 47.86676000017394 ], [ 17.049697999763055, 47.87004799981537 ], [ 17.048766999997213, 47.871902999923577 ], [ 17.055702880084027, 47.872802209554436 ], [ 17.062639000289664, 47.873701000101107 ], [ 17.062664184904236, 47.873707390683592 ], [ 17.06270227658888, 47.873717056597002 ], [ 17.062952379848582, 47.873780521753645 ], [ 17.071422999771755, 47.875930000369408 ], [ 17.073053749430983, 47.876339199994163 ], [ 17.076373210954955, 47.877172144878614 ], [ 17.077809618019558, 47.877532578765567 ], [ 17.077891000369448, 47.877552999671252 ], [ 17.08040890604633, 47.874499813915293 ], [ 17.080416999944646, 47.874489999613957 ], [ 17.081044482117193, 47.874486573196918 ], [ 17.085178000064673, 47.874464000213607 ], [ 17.08746331857742, 47.877446774449254 ], [ 17.091615186291961, 47.882865750953727 ], [ 17.096785258333171, 47.889613678128796 ], [ 17.097825806316052, 47.890971791115305 ], [ 17.104155466901432, 47.899233200851711 ], [ 17.104171509907303, 47.899254139766867 ], [ 17.104176000222424, 47.899259999749233 ], [ 17.104174090961578, 47.899261135593008 ], [ 17.103628992983829, 47.899585503068636 ], [ 17.099152999711237, 47.9022489999914 ], [ 17.099147333982387, 47.902252019914897 ], [ 17.099065838317756, 47.902295454471812 ], [ 17.095513000025051, 47.904189000422093 ], [ 17.096319909536362, 47.906084073421425 ], [ 17.096325194852, 47.906096485864225 ], [ 17.096337609093553, 47.906125642784275 ], [ 17.096344999722078, 47.906142999699853 ], [ 17.096427754437343, 47.906206862356896 ], [ 17.102525157909781, 47.91091231764949 ], [ 17.102534899366162, 47.910919835082382 ], [ 17.10253900027476, 47.910922999796753 ], [ 17.112014000146019, 47.926171999738074 ], [ 17.112270472404361, 47.926625026923602 ], [ 17.112589946668834, 47.927189340715586 ], [ 17.112663052557991, 47.927318474368178 ], [ 17.112684140760678, 47.927355724287395 ], [ 17.112716000143337, 47.927412000263644 ], [ 17.106560000443835, 47.92966599988614 ], [ 17.104666000335783, 47.930330999975808 ], [ 17.103163000272389, 47.930837999973846 ], [ 17.103037412646529, 47.930877764397451 ], [ 17.101467000301852, 47.931374999556624 ], [ 17.101462679958843, 47.931376279291896 ], [ 17.099657999617136, 47.931910999992681 ], [ 17.096634999605556, 47.932779999597358 ], [ 17.090978999581353, 47.934458999683159 ], [ 17.094024524012752, 47.937203933814544 ], [ 17.09540000021002, 47.938443651953037 ], [ 17.095437000117499, 47.938476999713828 ], [ 17.096638241661651, 47.939445774602916 ], [ 17.096652300763253, 47.93945711235591 ], [ 17.096672000412639, 47.939472999779184 ], [ 17.096892991718221, 47.939547371913761 ], [ 17.097398413406211, 47.939717466088268 ], [ 17.097711999809064, 47.939822999731746 ], [ 17.099304000379391, 47.940854999658541 ], [ 17.100577999774998, 47.941901000231098 ], [ 17.106750000212458, 47.948188999722674 ], [ 17.108033000023056, 47.949706000431718 ], [ 17.108516846975022, 47.951112906135847 ], [ 17.108574999836435, 47.9512820002642 ], [ 17.108668603073568, 47.951574414827519 ], [ 17.109167562233267, 47.953133143180139 ], [ 17.10917999985719, 47.953172000187692 ], [ 17.109310061610188, 47.953356120188914 ], [ 17.110143845562106, 47.954536456092626 ], [ 17.110151999715185, 47.95454799979052 ], [ 17.110411049430354, 47.954818130952049 ], [ 17.113128279046975, 47.957651603338888 ], [ 17.113627288568694, 47.958171960068 ], [ 17.114196000045524, 47.958765000004803 ], [ 17.114771630006828, 47.95906945559102 ], [ 17.115267589028065, 47.959331773442727 ], [ 17.116185000037774, 47.959816999954683 ], [ 17.117012000403577, 47.960881999604737 ], [ 17.116993578690881, 47.96089229504355 ], [ 17.11698828258335, 47.960895254712341 ], [ 17.116915543617552, 47.960935904968153 ], [ 17.116557510920359, 47.961135994230801 ], [ 17.113883631324597, 47.962630306843266 ], [ 17.113530484644173, 47.96282766486496 ], [ 17.113376000002575, 47.962913999781392 ], [ 17.112016503858626, 47.963544813942121 ], [ 17.111973000053979, 47.963565000124845 ], [ 17.111649153285896, 47.963671670511303 ], [ 17.110621999805574, 47.964009999961604 ], [ 17.104275000291182, 47.966015999838589 ], [ 17.10335442816438, 47.966248524050229 ], [ 17.102989146931748, 47.966340789096307 ], [ 17.100312000098825, 47.967017000134547 ], [ 17.099816999754808, 47.967129999949577 ], [ 17.099762398316045, 47.967155977766311 ], [ 17.099106423822491, 47.967468066797892 ], [ 17.096599771362492, 47.968660641575468 ], [ 17.096577999675105, 47.968670999966776 ], [ 17.096081805031361, 47.969256026044832 ], [ 17.095169519258036, 47.970331634997137 ], [ 17.094702050759111, 47.970882791707652 ], [ 17.094689999843808, 47.970897000096613 ], [ 17.095402881637767, 47.971241399970722 ], [ 17.101083999726939, 47.973985999554429 ], [ 17.102116999699831, 47.974481999944317 ], [ 17.102743972856217, 47.974759449788962 ], [ 17.103100000065012, 47.974917000219421 ], [ 17.104256366338291, 47.975486047143477 ], [ 17.104429000198252, 47.975570999801903 ], [ 17.106774255827418, 47.976779967421635 ], [ 17.108303488215597, 47.977568278953072 ], [ 17.108521268941502, 47.97768054402195 ], [ 17.10875299995115, 47.977800000070033 ], [ 17.111639999986096, 47.979345000271735 ], [ 17.112620960688787, 47.979913974350609 ], [ 17.112820999589644, 47.980030000384374 ], [ 17.113186000233725, 47.98024999973785 ], [ 17.113946000207818, 47.9808119995742 ], [ 17.114273500921456, 47.981068332437587 ], [ 17.114465999906031, 47.981219000356646 ], [ 17.115039626177861, 47.981808155222325 ], [ 17.115685000362532, 47.982470999637087 ], [ 17.116605999667286, 47.983384000371473 ], [ 17.116886704158219, 47.983591135822451 ], [ 17.117537000332447, 47.984070999676874 ], [ 17.118508000144175, 47.984703000043453 ], [ 17.119665271135432, 47.985280464621781 ], [ 17.119722281857946, 47.985308912876064 ], [ 17.119991000184655, 47.985442999994518 ], [ 17.124837999773888, 47.987424999664142 ], [ 17.129329255440837, 47.98976141225944 ], [ 17.131380198037732, 47.990828340055884 ], [ 17.131392999887112, 47.99083500043497 ], [ 17.131560941084558, 47.990951791791815 ], [ 17.132709660422563, 47.99175065237074 ], [ 17.134972341200751, 47.993324201550763 ], [ 17.135008000219045, 47.993349000356261 ], [ 17.134758953662867, 47.993553750805063 ], [ 17.134216373786728, 47.993999827130438 ], [ 17.134210266490754, 47.994004848944712 ], [ 17.134204000014677, 47.994010000261426 ], [ 17.144166161739065, 47.998916048436911 ], [ 17.144360999860339, 47.99901199980394 ], [ 17.14521728934659, 47.999407409224716 ], [ 17.147997000261341, 48.000690999889798 ], [ 17.152810000081558, 48.002586000044062 ], [ 17.15623499974555, 48.0039099999467 ], [ 17.156370277566282, 48.003944404410845 ], [ 17.156775637985334, 48.004047499092962 ], [ 17.156986000203801, 48.00410099976142 ], [ 17.157073363045413, 48.004159920643986 ], [ 17.160807000142995, 48.006677999889916 ], [ 17.161350980263705, 48.007091024331373 ], [ 17.161796075428697, 48.007419883920534 ], [ 17.162290000183475, 48.007779000300729 ], [ 17.162888999927475, 48.008161999976437 ], [ 17.163571999947976, 48.00849500004432 ], [ 17.164122000130249, 48.00871200015871 ], [ 17.165488000171138, 48.009211999834008 ], [ 17.175032001425848, 48.012543000559219 ], [ 17.176215000222214, 48.01284300000458 ], [ 17.177081000587862, 48.013059000072872 ], [ 17.177764000608306, 48.013208999795552 ], [ 17.178960354336937, 48.013565765347948 ], [ 17.179301042709028, 48.013667361759417 ], [ 17.181228000272142, 48.014241999768615 ], [ 17.184293000421803, 48.015175001425348 ], [ 17.194020000222963, 48.018189000122334 ], [ 17.194571918659278, 48.018363806744333 ], [ 17.199699999555378, 48.019988000346018 ], [ 17.20058300070508, 48.019988000346018 ], [ 17.200906294390052, 48.019979177097355 ], [ 17.202415000651854, 48.019937999838987 ], [ 17.203987503020869, 48.019770832058384 ], [ 17.210297850665313, 48.019099999865205 ], [ 17.211342000433035, 48.018989000142369 ], [ 17.217755000293039, 48.017490000263479 ], [ 17.219654000631692, 48.016707000128008 ], [ 17.220187000030137, 48.016523999782805 ], [ 17.220837000327435, 48.016323999553094 ], [ 17.221452999956171, 48.01620699955356 ], [ 17.222119000091936, 48.016190999714922 ], [ 17.226698999958899, 48.016107000337854 ], [ 17.235311001401726, 48.018206000007069 ], [ 17.236127000360796, 48.018438999959926 ], [ 17.240458000436547, 48.020438000413435 ], [ 17.240446504402712, 48.020573252153895 ], [ 17.240424000667133, 48.020837999973821 ], [ 17.240307000667599, 48.021471000386441 ], [ 17.240323714567864, 48.021481425327522 ], [ 17.240973999950256, 48.021886999785295 ], [ 17.241693000731459, 48.022283107979206 ], [ 17.241929721179872, 48.022413519568431 ], [ 17.242122999876528, 48.022520000197915 ], [ 17.244854999958363, 48.020321000413844 ], [ 17.245271000256537, 48.019888000231163 ], [ 17.245954000277038, 48.019006000027048 ], [ 17.24627100140566, 48.018488999567751 ], [ 17.246503999560105, 48.017939000284798 ], [ 17.246952999581254, 48.01612400022259 ], [ 17.2470870003649, 48.015191000364382 ], [ 17.247325784757322, 48.012667937975152 ], [ 17.247336000156338, 48.012560000443727 ], [ 17.247394335580111, 48.011999686836134 ], [ 17.24740793782621, 48.011869043221793 ], [ 17.247969000568958, 48.006479999752344 ], [ 17.248086000568549, 48.005546999894193 ], [ 17.248369000129401, 48.004664001442563 ], [ 17.248952000034819, 48.003815000062275 ], [ 17.249269000264235, 48.003381999879537 ], [ 17.249602000332118, 48.003016000088337 ], [ 17.250235000744738, 48.0024829997908 ], [ 17.250718001434677, 48.002083000230357 ], [ 17.252533000597566, 48.000783999681971 ], [ 17.252866000665392, 48.000617000074612 ], [ 17.253266000225835, 48.00043399972941 ], [ 17.255886463689478, 47.999334588420595 ], [ 17.256591000674121, 47.999039000149764 ], [ 17.257973000553648, 47.99854000142011 ], [ 17.271498000132624, 47.995059000072843 ], [ 17.272297000106505, 47.994891999566278 ], [ 17.273114000011219, 47.99472600000496 ], [ 17.273962999592811, 47.994576000282279 ], [ 17.27502900018834, 47.994408999775715 ], [ 17.27622800062187, 47.994326000444744 ], [ 17.277244000710198, 47.994259000052864 ], [ 17.277581910177162, 47.994239590884547 ], [ 17.281875000231082, 47.993993000376861 ], [ 17.28289100031941, 47.993975999592806 ], [ 17.283415777216362, 47.993971878899174 ], [ 17.285056000334237, 47.993958999708127 ], [ 17.289404000294496, 47.994326000444744 ], [ 17.290347474556427, 47.994497697211045 ], [ 17.290503000613171, 47.994525999775078 ], [ 17.293048822145579, 47.995048199215034 ], [ 17.293666999932213, 47.995175000026336 ], [ 17.295546592001585, 47.995561014229509 ], [ 17.296832000196787, 47.995825000323634 ], [ 17.300113000414797, 47.995990999884782 ], [ 17.301163000272311, 47.996007999769461 ], [ 17.30120195170889, 47.996006753309132 ], [ 17.308974999896407, 47.995757999931925 ], [ 17.313055000088298, 47.99544199974855 ], [ 17.313970899337562, 47.995414407648923 ], [ 17.320281566241476, 47.995224294565617 ], [ 17.322449000720837, 47.995159000187698 ], [ 17.324631000620343, 47.995108999680667 ], [ 17.326763000012477, 47.994909000350162 ], [ 17.328311784561265, 47.994752032680196 ], [ 17.329061999911346, 47.994676000397135 ], [ 17.330094999884409, 47.994542001412242 ], [ 17.330461000574758, 47.994476000167424 ], [ 17.332277000683121, 47.994075999707661 ], [ 17.33297892963401, 47.993773689904003 ], [ 17.333359000217683, 47.993609999801777 ], [ 17.334642000028452, 47.992977000288363 ], [ 17.336440000205982, 47.991844000200501 ], [ 17.338589000382228, 47.990161999976408 ], [ 17.343457107959352, 47.986342892210757 ], [ 17.343536000086488, 47.986280999968301 ], [ 17.344053001444991, 47.985847999785392 ], [ 17.344319000221788, 47.985548000340032 ], [ 17.344535000290136, 47.985280999718555 ], [ 17.344766993002452, 47.984934399203155 ], [ 17.34486900040406, 47.98478200008941 ], [ 17.34523500019526, 47.984282000414112 ], [ 17.346300999891412, 47.982965999981047 ], [ 17.347034000418887, 47.982066999892311 ], [ 17.347333999864247, 47.981700000055014 ], [ 17.348067000391723, 47.981067001441147 ], [ 17.348783000135313, 47.980451000013829 ], [ 17.351080999988312, 47.978719000181741 ], [ 17.351681000677615, 47.978302999883567 ], [ 17.353151375135894, 47.977504911822336 ], [ 17.35422900036815, 47.976919999958113 ], [ 17.357511000632257, 47.975120999734486 ], [ 17.35798838235803, 47.974805808941028 ], [ 17.358393999983207, 47.974537999828897 ], [ 17.359892999862097, 47.973504999855891 ], [ 17.365355999979442, 47.96931700007957 ], [ 17.365756000439035, 47.968999999850098 ], [ 17.370136000076513, 47.96461900016692 ], [ 17.371184999887987, 47.963519999848245 ], [ 17.372451000713227, 47.962187999576543 ], [ 17.373034000618816, 47.961587999786445 ], [ 17.373501000570798, 47.961172000387592 ], [ 17.374098136919486, 47.960677329195448 ], [ 17.375733000077958, 47.95932300055614 ], [ 17.376565000674361, 47.958755999589812 ], [ 17.378198000437521, 47.957689999893603 ], [ 17.378415561728787, 47.957548403436249 ], [ 17.378914000181112, 47.957223999987775 ], [ 17.381845000446503, 47.955692000385568 ], [ 17.382345000121802, 47.955475000271178 ], [ 17.384327000690632, 47.954709000020387 ], [ 17.385826000569523, 47.954175999722793 ], [ 17.391023000111488, 47.952576999728876 ], [ 17.391838999969934, 47.952343999775849 ], [ 17.394521000443888, 47.951660999755404 ], [ 17.397318999971958, 47.950995001418221 ], [ 17.398652000289758, 47.950645000566453 ], [ 17.39950099987135, 47.950311999599194 ], [ 17.399984000561233, 47.950012000153833 ], [ 17.401134001433206, 47.949296000410243 ], [ 17.401648098880685, 47.948958772629396 ], [ 17.402099000068858, 47.948662999997623 ], [ 17.402582999905519, 47.948313000045005 ], [ 17.403430199943841, 47.947369800076217 ], [ 17.40434800035996, 47.946348000260116 ], [ 17.405080999988229, 47.944897999942782 ], [ 17.405450478357011, 47.94394761259224 ], [ 17.405780000746461, 47.943099999765252 ], [ 17.407262999887564, 47.940285000352617 ], [ 17.407513000624647, 47.939852000169708 ], [ 17.408029000138356, 47.938985999804061 ], [ 17.408394999929385, 47.938452000359575 ], [ 17.408695000274122, 47.938019000176894 ], [ 17.411066391101087, 47.935502636837327 ], [ 17.411394000632754, 47.935155000303155 ], [ 17.412029219672831, 47.934658982825965 ], [ 17.412220364278369, 47.934509726842521 ], [ 17.412909000350112, 47.933971999708092 ], [ 17.414025000553465, 47.933239000079823 ], [ 17.415741001446122, 47.9323399999912 ], [ 17.418239000629455, 47.931140000410778 ], [ 17.419471999933023, 47.930574000389868 ], [ 17.420121000184054, 47.9304079999294 ], [ 17.420754000596673, 47.930057999976839 ], [ 17.422836000381153, 47.928842000558006 ], [ 17.423369000678917, 47.928474999821503 ], [ 17.423736001415421, 47.928125999915039 ], [ 17.424802000212196, 47.926826000219762 ], [ 17.425585000347667, 47.925877001422521 ], [ 17.427867000361857, 47.923827999562604 ], [ 17.428999000403678, 47.923162000326215 ], [ 17.429532000701442, 47.922861999981478 ], [ 17.430098000722126, 47.922562001435324 ], [ 17.430682000673812, 47.922263000237251 ], [ 17.431214000026159, 47.921930000169425 ], [ 17.431613999586546, 47.921480000101951 ], [ 17.433446000432696, 47.919347999810441 ], [ 17.434746000127973, 47.917149000026427 ], [ 17.43527900042551, 47.915717001438622 ], [ 17.435479000655448, 47.915149999572918 ], [ 17.435728000446886, 47.914368000383035 ], [ 17.435928000676768, 47.913685000362591 ], [ 17.436099999615408, 47.912834747126055 ], [ 17.436228000122128, 47.912202000322111 ], [ 17.436495000743776, 47.91083700032749 ], [ 17.436561000190181, 47.910403000098484 ], [ 17.436678000189545, 47.909869999800719 ], [ 17.436760127178161, 47.909614716446129 ], [ 17.43684400065024, 47.909354000287067 ], [ 17.437127000210921, 47.908853999712392 ], [ 17.437892999562337, 47.907539000224801 ], [ 17.438759999974081, 47.906123000576088 ], [ 17.439926000684466, 47.904324000352403 ], [ 17.440875000381027, 47.902941000427006 ], [ 17.441241000172056, 47.902475001420328 ], [ 17.442091000699236, 47.901576000432215 ], [ 17.44284100021207, 47.900842999904512 ], [ 17.444073000368689, 47.899692999932142 ], [ 17.445306000571634, 47.898411000167641 ], [ 17.447171000241553, 47.896311999599277 ], [ 17.447786999870232, 47.895446000132836 ], [ 17.449487000025101, 47.892980999773442 ], [ 17.449986000553508, 47.891981999569794 ], [ 17.450103000553213, 47.891549000286261 ], [ 17.450219001405856, 47.890966000380672 ], [ 17.450352000344651, 47.8904160001984 ], [ 17.451185000087833, 47.887884000346446 ], [ 17.451402000202222, 47.887335000210271 ], [ 17.451668999924493, 47.88698500025771 ], [ 17.452101000061134, 47.886535000190293 ], [ 17.452435000175228, 47.886202000122239 ], [ 17.454667000581594, 47.884720000128027 ], [ 17.456265001428847, 47.883753001400009 ], [ 17.459946000307696, 47.881921000553859 ], [ 17.461145999888117, 47.881372000417514 ], [ 17.462861000734677, 47.88068900039724 ], [ 17.463310999902717, 47.880572000397649 ], [ 17.464011000707274, 47.880555001412347 ], [ 17.464627000335838, 47.880538999775183 ], [ 17.466484910650138, 47.880377192853359 ], [ 17.468841000411999, 47.880171999937886 ], [ 17.469907000108151, 47.880022000215206 ], [ 17.470955999919624, 47.879855999754682 ], [ 17.47230641740731, 47.87961727022099 ], [ 17.473970999562084, 47.879323000356294 ], [ 17.47433700025249, 47.879240000126003 ], [ 17.474671000366413, 47.879140000011148 ], [ 17.478885000442403, 47.877174000180105 ], [ 17.480766999997229, 47.876290999929779 ], [ 17.485747000323784, 47.873726000354736 ], [ 17.489428000102237, 47.871743999785906 ], [ 17.490527000420855, 47.871145000041849 ], [ 17.493015116054949, 47.869851955703211 ], [ 17.493091999995954, 47.869811999724106 ], [ 17.496174000030123, 47.86821299973019 ], [ 17.497140001410003, 47.867797000331336 ], [ 17.497905999862041, 47.867480000102034 ], [ 17.498218338006041, 47.867381314795921 ], [ 17.498539000274832, 47.867279999872153 ], [ 17.499222000295106, 47.86708099968854 ], [ 17.50027100010675, 47.866881000358035 ], [ 17.503353000140976, 47.866514001420114 ], [ 17.506733999574465, 47.866380999783416 ], [ 17.50888300065003, 47.866331000175592 ], [ 17.510231999907035, 47.86634800006027 ], [ 17.511596999901656, 47.866373000313843 ], [ 17.514328999983491, 47.866531000405473 ], [ 17.515495000693875, 47.866664000243418 ], [ 17.516461000275001, 47.866813999966155 ], [ 17.5176100002015, 47.866997000311301 ], [ 17.51876000017387, 47.867230000264328 ], [ 17.519708999870488, 47.867396999871744 ], [ 17.520609000005379, 47.867413999756423 ], [ 17.521640999932288, 47.867330000379354 ], [ 17.522224000737083, 47.867230000264328 ], [ 17.522939999581467, 47.86708099968854 ], [ 17.524889000427152, 47.866464000013707 ], [ 17.52610500074519, 47.865848000385029 ], [ 17.526728344237767, 47.865471655692545 ], [ 17.526904999866019, 47.865364999695089 ], [ 17.527019965598925, 47.865235026075652 ], [ 17.528437000367433, 47.863632999863171 ], [ 17.52897000066497, 47.863000000349928 ], [ 17.529320000617588, 47.862567000167019 ], [ 17.529769000638908, 47.862049999707835 ], [ 17.532818000050781, 47.8587520014039 ], [ 17.533267000072158, 47.858368999929439 ], [ 17.534750000112581, 47.857270001409518 ], [ 17.534921741845096, 47.857148548866576 ], [ 17.535309836180033, 47.856874098261187 ], [ 17.535433000132855, 47.856786999820372 ], [ 17.53589900003891, 47.856487000374841 ], [ 17.53646500005982, 47.856154000306958 ], [ 17.537764000608149, 47.855520999894338 ], [ 17.538297000006594, 47.855371000171658 ], [ 17.538813999566514, 47.855204999710963 ], [ 17.540196000345247, 47.854521999690519 ], [ 17.540629001427362, 47.854271999852983 ], [ 17.541745000731339, 47.853506001400945 ], [ 17.542095000683901, 47.853238999879977 ], [ 17.542395000129261, 47.852956000319296 ], [ 17.542561000589785, 47.852655999974559 ], [ 17.543311000102563, 47.85128999993367 ], [ 17.543441839769116, 47.850872412331967 ], [ 17.543478000609355, 47.850757001434602 ], [ 17.54348680407287, 47.850197936985296 ], [ 17.543490376179932, 47.849971127965375 ], [ 17.543494000447936, 47.849741000446897 ], [ 17.543427000056056, 47.849241999918547 ], [ 17.543278000379416, 47.848526000174957 ], [ 17.543093999988173, 47.847775999762632 ], [ 17.542877999919824, 47.84692700018104 ], [ 17.542778000704345, 47.846376999998597 ], [ 17.543278000379416, 47.843912001437786 ], [ 17.543411000217588, 47.843444999687051 ], [ 17.543725402305597, 47.842864436944296 ], [ 17.549824000077649, 47.831603000378266 ], [ 17.550172999983943, 47.831186000033995 ], [ 17.550692112051422, 47.830807888173581 ], [ 17.551156000349124, 47.830470000290404 ], [ 17.551806000646479, 47.830004000384349 ], [ 17.552538000228651, 47.829571000201611 ], [ 17.553387999856341, 47.829138000018872 ], [ 17.554087000614743, 47.828687999951285 ], [ 17.555503000263286, 47.827489000417131 ], [ 17.556211922342413, 47.826815711276083 ], [ 17.556836000581086, 47.826222999591891 ], [ 17.55725199997994, 47.825756001438492 ], [ 17.55788500039256, 47.825024000057738 ], [ 17.558368000183123, 47.824407000382735 ], [ 17.559301000041273, 47.822942000273258 ], [ 17.559667000731679, 47.822275000091224 ], [ 17.560317000129601, 47.821376000002488 ], [ 17.561032999873191, 47.820475999867597 ], [ 17.56146600005593, 47.819942999569832 ], [ 17.562281999914546, 47.819226999826242 ], [ 17.565179999557472, 47.816861999581704 ], [ 17.565216406811714, 47.816832393899915 ], [ 17.566347000313954, 47.815912999885143 ], [ 17.566820522149555, 47.815533042615925 ], [ 17.566929000173275, 47.81544599993299 ], [ 17.568144999592107, 47.814813000419747 ], [ 17.569378000694201, 47.814329999729807 ], [ 17.569500225754894, 47.814299924601983 ], [ 17.570393999883379, 47.814079999892272 ], [ 17.570944000065651, 47.814014000445809 ], [ 17.571459999579361, 47.813980999823343 ], [ 17.57317500042609, 47.814064000053634 ], [ 17.573559000147895, 47.81409699977678 ], [ 17.573792000100752, 47.814196999891806 ], [ 17.574840999912396, 47.81466299979769 ], [ 17.576074000115113, 47.815262999587787 ], [ 17.577256000663908, 47.815846000392753 ], [ 17.577922999946566, 47.816196000345144 ], [ 17.579039000149749, 47.816762000366055 ], [ 17.579672000562368, 47.81707899969615 ], [ 17.583802000362141, 47.819143999595951 ], [ 17.585136033101492, 47.819720018064572 ], [ 17.585268001417262, 47.819777000008571 ], [ 17.585683999916739, 47.819942999569832 ], [ 17.586451000213629, 47.820227000076159 ], [ 17.587017000234482, 47.820376999798839 ], [ 17.588532999998108, 47.820709999866722 ], [ 17.59285807983656, 47.821275808332018 ], [ 17.602407000382925, 47.822524999928987 ], [ 17.603107000287878, 47.822558000551453 ], [ 17.603643999870826, 47.822558000551453 ], [ 17.603690000193467, 47.822558000551453 ], [ 17.604689000397116, 47.822558000551453 ], [ 17.60469956203525, 47.822557205550766 ], [ 17.606004999930974, 47.822458999583318 ], [ 17.606871000296451, 47.822275000091224 ], [ 17.607132333390439, 47.822209667042557 ], [ 17.607471000086719, 47.822125000368544 ], [ 17.608154000106992, 47.821926000184931 ], [ 17.608514219056076, 47.821816425887391 ], [ 17.608703000243395, 47.821759000577572 ], [ 17.609369000379161, 47.821525999725168 ], [ 17.610019000676459, 47.821292999772311 ], [ 17.61058500069737, 47.82099300032678 ], [ 17.611851000623233, 47.820227000076159 ], [ 17.612501000021155, 47.819660000009151 ], [ 17.613217000664122, 47.819026999596531 ], [ 17.61453300019781, 47.817844999946942 ], [ 17.615816000008579, 47.816595999905587 ], [ 17.617031000280519, 47.815362999702643 ], [ 17.617998223839038, 47.814408167003364 ], [ 17.618280000321874, 47.814130000399302 ], [ 17.618546248210862, 47.813877661425067 ], [ 17.620844999896917, 47.811698999809153 ], [ 17.6307890007119, 47.802903999819875 ], [ 17.632189001421352, 47.801771999778055 ], [ 17.633721000124183, 47.800689000197394 ], [ 17.634536999982629, 47.800139000014894 ], [ 17.635720000577749, 47.799355999879594 ], [ 17.636169000599068, 47.799107000088156 ], [ 17.637186000733493, 47.798572999744295 ], [ 17.638767999943354, 47.797807000392879 ], [ 17.640599999890128, 47.796941000027232 ], [ 17.658306000721495, 47.788913000334844 ], [ 17.659021999565709, 47.788596000105429 ], [ 17.660721000573858, 47.787846999739315 ], [ 17.663318999872047, 47.786864000273511 ], [ 17.664868000258139, 47.786330999975746 ], [ 17.665941967947504, 47.786020018908857 ], [ 17.666650000597031, 47.78581499956266 ], [ 17.66879899987407, 47.785165000164739 ], [ 17.670032000076787, 47.784731999982 ], [ 17.670613999936336, 47.784515999913651 ], [ 17.673196000295263, 47.783516000563168 ], [ 17.673829000707883, 47.783233000102939 ], [ 17.674678000289646, 47.782833001442043 ], [ 17.675595000308988, 47.782349999852784 ], [ 17.683140000210869, 47.778153000560678 ], [ 17.684756000089465, 47.77708699996515 ], [ 17.68548900061694, 47.776487000174996 ], [ 17.685892340259329, 47.776137681908608 ], [ 17.691701000201022, 47.771107000287998 ], [ 17.697631000270462, 47.765611000447507 ], [ 17.698347000014053, 47.764577999575124 ], [ 17.698813999966205, 47.764062000061415 ], [ 17.705162371846086, 47.758857866197673 ], [ 17.706942000672825, 47.757399000363648 ], [ 17.707374999956357, 47.757115999903647 ], [ 17.708074000714589, 47.756716000343204 ], [ 17.708807000342915, 47.756316999929709 ], [ 17.70949000036336, 47.756034000368857 ], [ 17.71213900021479, 47.755251000233557 ], [ 17.727029000687935, 47.752386000313777 ], [ 17.7276450003165, 47.752269000314186 ], [ 17.729028000242124, 47.752036000361159 ], [ 17.729793999593539, 47.751968999969449 ], [ 17.730494000397869, 47.751919000361625 ], [ 17.731227000026138, 47.751903001422363 ], [ 17.732009000115397, 47.751936000246303 ], [ 17.732874999581668, 47.752018999577274 ], [ 17.733592000270676, 47.752102999853719 ], [ 17.734341000636789, 47.752202999968574 ], [ 17.735291000379448, 47.75223599969172 ], [ 17.737023000211366, 47.75215300036075 ], [ 17.737439001408973, 47.752085999968983 ], [ 17.737989000691869, 47.751985999854128 ], [ 17.738705000435459, 47.751853000016013 ], [ 17.741420000632559, 47.751253000225859 ], [ 17.742909327403652, 47.750896891178741 ], [ 17.743302000187327, 47.750803000158442 ], [ 17.744085000322627, 47.750587000090093 ], [ 17.744360209955857, 47.750499999675412 ], [ 17.745034000019245, 47.750286999745356 ], [ 17.753826999916157, 47.748967000027108 ], [ 17.756892000065818, 47.749116999749845 ], [ 17.758192000660472, 47.749167000257046 ], [ 17.75979000060812, 47.749201000026233 ], [ 17.761223000141399, 47.749151000418408 ], [ 17.762022000115337, 47.749067000141963 ], [ 17.762905000365663, 47.748951000188697 ], [ 17.763537999878906, 47.748783999681962 ], [ 17.764321000014206, 47.748533999844199 ], [ 17.766120000237834, 47.747785000377519 ], [ 17.767301999887479, 47.747267999918336 ], [ 17.767968000023245, 47.746969001418449 ], [ 17.770517000659197, 47.745469999740806 ], [ 17.771091358079843, 47.745121693211615 ], [ 17.772166000260768, 47.744470000390265 ], [ 17.774365000044838, 47.743070999726854 ], [ 17.776096999876756, 47.741989000192291 ], [ 17.780294000068238, 47.740256000314275 ], [ 17.78101099985787, 47.740005999577363 ], [ 17.781676999993635, 47.739823000131537 ], [ 17.782443000244427, 47.739639999786164 ], [ 17.783292000725339, 47.739556999556044 ], [ 17.783975000745841, 47.739556999556044 ], [ 17.785508000393918, 47.739673000408686 ], [ 17.787606000017036, 47.739855999854683 ], [ 17.788406000036844, 47.739940000130957 ], [ 17.789255001417359, 47.740072999969072 ], [ 17.78985500030808, 47.740222999691809 ], [ 17.792458561913179, 47.740771961157236 ], [ 17.792620000113004, 47.740805999597399 ], [ 17.796784000581169, 47.74165500007831 ], [ 17.798999000203821, 47.742088000261049 ], [ 17.800215001421236, 47.742271999753143 ], [ 17.801148000380067, 47.742371999867999 ], [ 17.801747000124067, 47.7424220003752 ], [ 17.802430000144511, 47.742471999982854 ], [ 17.807994000422809, 47.742771000281493 ], [ 17.808926000234749, 47.742820999889318 ], [ 17.814873000188925, 47.742871000396519 ], [ 17.81642789113431, 47.742824036000627 ], [ 17.81762100010917, 47.742788000166229 ], [ 17.819520000447824, 47.742671000166638 ], [ 17.825216001417346, 47.742287999591554 ], [ 17.828914000181101, 47.741938001437745 ], [ 17.829713000154868, 47.741838999570234 ], [ 17.830346000567658, 47.741739000354755 ], [ 17.830946000357756, 47.741539000124874 ], [ 17.831712000608377, 47.741338999894992 ], [ 17.834044705298936, 47.740902436598333 ], [ 17.834560000643648, 47.740805999597399 ], [ 17.835143001448444, 47.740706000381692 ], [ 17.835876000177336, 47.740706000381692 ], [ 17.83617600142145, 47.740723000266428 ], [ 17.843787999916287, 47.741471999733108 ], [ 17.845803000208434, 47.741688999847554 ], [ 17.846586000343734, 47.741788999962409 ], [ 17.849201000425978, 47.742387999706409 ], [ 17.849568000263048, 47.742555000213201 ], [ 17.85011700039928, 47.742855000557938 ], [ 17.850617000074521, 47.743153999957201 ], [ 17.851007688054437, 47.743381537428036 ], [ 17.851333000717489, 47.743571000301529 ], [ 17.852232999953173, 47.744086999815181 ], [ 17.855013999596508, 47.745636000201273 ], [ 17.855797000631185, 47.745902999923544 ], [ 17.856963000442192, 47.746268999714744 ], [ 17.857446000232756, 47.74641900033663 ], [ 17.857929000023319, 47.746436000221308 ], [ 17.858262000091202, 47.746436000221308 ], [ 17.859228000571875, 47.746436000221308 ], [ 17.862293000721593, 47.746351999944864 ], [ 17.863375000256156, 47.746302000337209 ], [ 17.864458000736192, 47.746219000106919 ], [ 17.865041000641781, 47.746168999599718 ], [ 17.866640000635527, 47.745969000269156 ], [ 17.868006000676473, 47.745769000039445 ], [ 17.871537000732189, 47.7452199999031 ], [ 17.872252999576403, 47.745053000295854 ], [ 17.872953000380733, 47.744853000065973 ], [ 17.875247050411019, 47.743990597887887 ], [ 17.876717000389306, 47.743437999564151 ], [ 17.877633000362778, 47.743088001410115 ], [ 17.878666000335613, 47.742638000443492 ], [ 17.879199000633378, 47.742371999867999 ], [ 17.880430999890848, 47.741704999686135 ], [ 17.880880999958265, 47.741454999848429 ], [ 17.881580999863445, 47.7410890000574 ], [ 17.882214000276065, 47.740888999827519 ], [ 17.882880000411774, 47.740688999597808 ], [ 17.883596000155364, 47.740506000151811 ], [ 17.884212000683476, 47.740373000313866 ], [ 17.885695000723786, 47.740105999692219 ], [ 17.88767700039341, 47.73979000040822 ], [ 17.890675000151191, 47.739490000063483 ], [ 17.89282400032738, 47.739406999833363 ], [ 17.893908396555332, 47.739377481385759 ], [ 17.894073000368735, 47.739373000063949 ], [ 17.894483234214022, 47.739369281367317 ], [ 17.89489693764358, 47.739365531194494 ], [ 17.895837999923799, 47.739357000225539 ], [ 17.8986030006281, 47.739490000063483 ], [ 17.899269999910757, 47.7395229997868 ], [ 17.899903000323377, 47.739607000063074 ], [ 17.900568999559709, 47.739723000016511 ], [ 17.901368000433024, 47.739923000246392 ], [ 17.901751000108732, 47.740056000084394 ], [ 17.903317000379332, 47.740623000151402 ], [ 17.90381700005463, 47.740905999712254 ], [ 17.904533000697541, 47.741156000449166 ], [ 17.90574900011643, 47.741554999963455 ], [ 17.907198000387439, 47.741972000307612 ], [ 17.908464000313529, 47.742322000260174 ], [ 17.909280000171975, 47.742504999706 ], [ 17.913378000294472, 47.743270999956792 ], [ 17.914927000680564, 47.743537001431662 ], [ 17.919823000730958, 47.744203999814772 ], [ 17.920457000290469, 47.744254000321973 ], [ 17.922204999960968, 47.744303999929798 ], [ 17.924321000413897, 47.744354000436829 ], [ 17.926453000705578, 47.744387000159975 ], [ 17.927635000354996, 47.744404000044653 ], [ 17.928668000328059, 47.74437000027541 ], [ 17.930783000735005, 47.74437000027541 ], [ 17.934248000444938, 47.74437000027541 ], [ 17.938495000244245, 47.744404000044653 ], [ 17.940176999568962, 47.744454000551855 ], [ 17.941027000095971, 47.744487000275001 ], [ 17.944807999989223, 47.74465399988236 ], [ 17.946157000145433, 47.744820000342884 ], [ 17.947156000349253, 47.745186000133856 ], [ 17.947922000599874, 47.745469999740806 ], [ 17.948539000274707, 47.745736000316356 ], [ 17.950337999599128, 47.746701999897482 ], [ 17.950904001418564, 47.747135000080164 ], [ 17.951370000425243, 47.74753500143936 ], [ 17.953636000601023, 47.749067000141963 ], [ 17.95751669304093, 47.751682370744902 ], [ 17.959865000069783, 47.753265000379542 ], [ 17.960680999928229, 47.753698000562451 ], [ 17.962221634820764, 47.754439842325041 ], [ 17.967010999558113, 47.756745999928057 ], [ 17.968609000405138, 47.757361999556792 ], [ 17.969326000194826, 47.757595000409026 ], [ 17.969975000446027, 47.75777899990095 ], [ 17.970625000743155, 47.757812001422792 ], [ 17.971104000349385, 47.757812001422792 ], [ 17.972174000230098, 47.757812001422792 ], [ 17.97287400013505, 47.757812001422792 ], [ 17.973160567306479, 47.75776810281576 ], [ 17.974506000751489, 47.757561999786503 ], [ 17.975163717231851, 47.757342960909 ], [ 17.975605000170788, 47.757195999995531 ], [ 17.977120999934357, 47.756662999697767 ], [ 17.977736999562921, 47.75644599958332 ], [ 17.978470000090567, 47.756113000414814 ], [ 17.983800000369911, 47.753547999940395 ], [ 17.992577999575133, 47.749167000257046 ], [ 17.997125000618382, 47.746869000404217 ], [ 17.997773999970207, 47.746619000566511 ], [ 17.999982000169268, 47.746005000130765 ], [ 18.000801000166121, 47.746031000430435 ], [ 18.001858000346488, 47.746084000176552 ], [ 18.00286100073464, 47.746215999968456 ], [ 18.003352741036281, 47.746300000244844 ], [ 18.003944000315528, 47.746401000405967 ], [ 18.005952000284651, 47.746903000173461 ], [ 18.006876000627017, 47.747220000402876 ], [ 18.01656844038132, 47.750712602104954 ], [ 18.017618728921377, 47.751091065600349 ], [ 18.018193000006988, 47.751298001401835 ], [ 18.019209000095316, 47.751730999785991 ], [ 18.020991000434435, 47.752529999759702 ], [ 18.021657000570144, 47.752914000380883 ], [ 18.022740000151032, 47.753397000171447 ], [ 18.023189000172351, 47.753597000401328 ], [ 18.023922000699827, 47.753912999685326 ], [ 18.027049162888602, 47.755235906911764 ], [ 18.027820000592669, 47.755562000186274 ], [ 18.028869000404143, 47.755912000138835 ], [ 18.029685000262532, 47.756177999815009 ], [ 18.030651000743205, 47.756445000436599 ], [ 18.033100000364811, 47.756977999834987 ], [ 18.034599000243702, 47.75716100018019 ], [ 18.035382000379002, 47.757244000410367 ], [ 18.035998000007737, 47.757261000295046 ], [ 18.036813999866354, 47.757278000179554 ], [ 18.039775340559572, 47.757305801821474 ], [ 18.040329000083318, 47.75731099990287 ], [ 18.040448144966035, 47.75730000029489 ], [ 18.041228000172055, 47.757228000571899 ], [ 18.043377000348471, 47.756928000227163 ], [ 18.047707000377898, 47.756561000389922 ], [ 18.048707000627644, 47.756478000159746 ], [ 18.049873000438652, 47.756428000551921 ], [ 18.051055000088297, 47.75637800004472 ], [ 18.057933999854356, 47.756345000321573 ], [ 18.059900000584548, 47.75637800004472 ], [ 18.062048999861588, 47.756445000436599 ], [ 18.064447000728592, 47.75659500015928 ], [ 18.070776000312208, 47.756545000551455 ], [ 18.071792000400535, 47.75652799976757 ], [ 18.080636999997637, 47.756345000321573 ], [ 18.082003000038583, 47.75631100055233 ], [ 18.082902000127319, 47.756277999929864 ], [ 18.085983000115448, 47.756128000207184 ], [ 18.088099000568548, 47.755977999585127 ], [ 18.090414000306055, 47.755778000254566 ], [ 18.091680000231918, 47.755662000301129 ], [ 18.093778999900906, 47.755229000118391 ], [ 18.095844000700254, 47.754779000050974 ], [ 18.096677000443378, 47.754578999821092 ], [ 18.097326000694466, 47.754396000375266 ], [ 18.098908999950368, 47.753946000307849 ], [ 18.104638000643263, 47.752746999874319 ], [ 18.112832999943009, 47.751631000570342 ], [ 18.116114000161019, 47.751247999995257 ], [ 18.117131000295444, 47.751147999880402 ], [ 18.119845000446446, 47.750914999927375 ], [ 18.120628000581803, 47.750882000204228 ], [ 18.121428000601782, 47.750882000204228 ], [ 18.121911000392515, 47.750898000042639 ], [ 18.122677000643137, 47.750882000204228 ], [ 18.123760000223797, 47.750848000434985 ], [ 18.124708999920585, 47.750814999812519 ], [ 18.125975000745825, 47.750765000204694 ], [ 18.128057001429511, 47.750681999974347 ], [ 18.128440000205842, 47.750665000089839 ], [ 18.13150500035556, 47.750481999744636 ], [ 18.134020000322948, 47.750282000414131 ], [ 18.135236000640987, 47.750131999792075 ], [ 18.135714000201062, 47.750071999723161 ], [ 18.147678000639246, 47.747694999824546 ], [ 18.153991000384451, 47.74634799976053 ], [ 18.160277000683209, 47.744975000296165 ], [ 18.163340999887225, 47.744181999699606 ], [ 18.164424000367489, 47.74383900006984 ], [ 18.166298999599292, 47.743205001409876 ], [ 18.168306000421694, 47.742544999752113 ], [ 18.170366000090837, 47.741936999592895 ], [ 18.171395999925608, 47.741700000354911 ], [ 18.17337700044834, 47.741251000333534 ], [ 18.174434000628708, 47.741117999596042 ], [ 18.175489999863771, 47.741013000149906 ], [ 18.186504000559239, 47.739983000315306 ], [ 18.187639999886187, 47.739876999923752 ], [ 18.189858001445714, 47.739745000131677 ], [ 18.191945000561418, 47.739638999740123 ], [ 18.193054000441805, 47.739638999740123 ], [ 18.196434999875464, 47.739876999923752 ], [ 18.196884918104558, 47.739911507809893 ], [ 18.197193444921652, 47.739935171670993 ], [ 18.197465000609441, 47.739955999969538 ], [ 18.198599999890121, 47.740087999761442 ], [ 18.200318484710351, 47.740299999645401 ], [ 18.200740000550695, 47.740352000244798 ], [ 18.202827000565662, 47.740616999874646 ], [ 18.203830000054438, 47.740749000566097 ], [ 18.206022000415032, 47.741065999896023 ], [ 18.208426000659415, 47.741434999825458 ], [ 18.209481999894535, 47.741620000262856 ], [ 18.211595000209115, 47.741963999938662 ], [ 18.214950000242482, 47.74220100007625 ], [ 18.215498303404104, 47.742214042943829 ], [ 18.216085000422538, 47.742228000422017 ], [ 18.217221000648692, 47.742253999822367 ], [ 18.219387000709617, 47.74220100007625 ], [ 18.221552999871165, 47.742095999730736 ], [ 18.223717999885821, 47.741804999800991 ], [ 18.225831000200628, 47.741487999571575 ], [ 18.229027000096096, 47.741039000449575 ], [ 18.233280000171931, 47.740457999736975 ], [ 18.235472001431901, 47.740194000152997 ], [ 18.23784900043114, 47.740141000406936 ], [ 18.238851999919916, 47.740194000152997 ], [ 18.23998800014607, 47.740219999553517 ], [ 18.241071000626334, 47.740219999553517 ], [ 18.243025999950021, 47.74011500010721 ], [ 18.248519000551596, 47.739559999694279 ], [ 18.251741999893454, 47.739217000064514 ], [ 18.265951000438349, 47.737420999979349 ], [ 18.267958000361602, 47.736945001410788 ], [ 18.268961999896476, 47.736628000282167 ], [ 18.269913000584609, 47.736284999753025 ], [ 18.270757999981811, 47.735889000377142 ], [ 18.272554000067203, 47.734991000334446 ], [ 18.273320000317824, 47.734489000567009 ], [ 18.275063000657042, 47.73359100142369 ], [ 18.275988000146128, 47.733142001402371 ], [ 18.276859000742434, 47.73285199972014 ], [ 18.277836999977637, 47.732535000390101 ], [ 18.278682000274216, 47.732376000252202 ], [ 18.280927000380927, 47.732059000022957 ], [ 18.282048999961432, 47.731914001430084 ], [ 18.28308000074145, 47.731781999839427 ], [ 18.28521899955723, 47.731597000301463 ], [ 18.287385001416681, 47.731438000163621 ], [ 18.289603000278248, 47.731359000117777 ], [ 18.290659999559409, 47.731359000117777 ], [ 18.292355698256983, 47.731400000209817 ], [ 18.292851999919833, 47.731411999864065 ], [ 18.293595809399108, 47.731448400823126 ], [ 18.296100999561645, 47.731571000001736 ], [ 18.296846111259129, 47.731672019947951 ], [ 18.298240000175952, 47.731860999885271 ], [ 18.299296000310221, 47.732099000068899 ], [ 18.300577188886223, 47.732337151338641 ], [ 18.304551999875059, 47.733076000157382 ], [ 18.306638999889969, 47.733446000132915 ], [ 18.307063865704833, 47.733509145131109 ], [ 18.3090208606244, 47.733800000269866 ], [ 18.309835000684814, 47.733920999554584 ], [ 18.311974000399971, 47.734158999738213 ], [ 18.314087000714608, 47.734396999921728 ], [ 18.319449000671, 47.735004000034621 ], [ 18.321641000132217, 47.735294999964367 ], [ 18.325488351106571, 47.735863819359906 ], [ 18.329142000702745, 47.736403999844754 ], [ 18.33438999989869, 47.737180999703526 ], [ 18.335483999986707, 47.737371000371525 ], [ 18.338209539338777, 47.737972790711751 ], [ 18.34055199987489, 47.738489999813794 ], [ 18.345739999901127, 47.739656001423384 ], [ 18.346476203813893, 47.739822197936064 ], [ 18.357018000180744, 47.742202000122347 ], [ 18.357529672156829, 47.742304238649865 ], [ 18.359160000034137, 47.742630000074598 ], [ 18.362033054282165, 47.743056987390162 ], [ 18.364441999898474, 47.743415000302093 ], [ 18.366703000742973, 47.743724000162672 ], [ 18.367726000254777, 47.743843000254401 ], [ 18.368821000388891, 47.74396200034613 ], [ 18.36948437090706, 47.744100000414733 ], [ 18.371264902653252, 47.744470400588568 ], [ 18.373056001433497, 47.744843001403467 ], [ 18.382645000266677, 47.748293000421654 ], [ 18.385691000439465, 47.749410999817826 ], [ 18.38857400028985, 47.750302000437102 ], [ 18.390610000651066, 47.750815999858617 ], [ 18.391543001408422, 47.751006001425992 ], [ 18.392647000159002, 47.751178000364462 ], [ 18.395902000077285, 47.751538999925003 ], [ 18.400261001444107, 47.751709999716752 ], [ 18.40250700069771, 47.751825001422844 ], [ 18.404506000251843, 47.751977000338343 ], [ 18.405244169183163, 47.752074344755329 ], [ 18.408980000626627, 47.752567000566785 ], [ 18.414157000145508, 47.753557000355386 ], [ 18.424740999897324, 47.754736999912666 ], [ 18.426835000235258, 47.75494699970443 ], [ 18.42757584195158, 47.755099999565402 ], [ 18.427938999884987, 47.755175000326005 ], [ 18.42891000059609, 47.755422000025476 ], [ 18.431023000011578, 47.755993000276817 ], [ 18.431575000286216, 47.75614600013796 ], [ 18.432298000352603, 47.756392999837203 ], [ 18.434306536317706, 47.757275381353907 ], [ 18.434811000227626, 47.757497000386365 ], [ 18.436743807880589, 47.75866565679479 ], [ 18.437267000172028, 47.75898200141836 ], [ 18.441435999971475, 47.761342999679755 ], [ 18.443338999595312, 47.762046999769268 ], [ 18.445614004682739, 47.762773821954511 ], [ 18.448602094810951, 47.763728461299479 ], [ 18.449355000033393, 47.763969000269185 ], [ 18.45131499958768, 47.764560001443044 ], [ 18.452248000345037, 47.764826000219841 ], [ 18.453142000203172, 47.765015999988464 ], [ 18.453847000338953, 47.76513099989586 ], [ 18.454512999575343, 47.76513099989586 ], [ 18.455408000378952, 47.765111999918986 ], [ 18.455520464198173, 47.765100000264908 ], [ 18.459691000039641, 47.764655000428093 ], [ 18.464068999584754, 47.764084000176581 ], [ 18.465154000156986, 47.763855000408114 ], [ 18.467134000633621, 47.763437000017689 ], [ 18.468181000352899, 47.763170000295304 ], [ 18.470255000667862, 47.762618000020836 ], [ 18.473035000265156, 47.76151400037088 ], [ 18.47393000016956, 47.761132999888162 ], [ 18.477298999948971, 47.759172000287776 ], [ 18.47798400006161, 47.75869699996656 ], [ 18.478841000012267, 47.758144999692092 ], [ 18.482724000112569, 47.755746000577574 ], [ 18.484551000728231, 47.754642000028412 ], [ 18.485598000447339, 47.754146999684451 ], [ 18.486569000259294, 47.753785000077812 ], [ 18.489139000064768, 47.752948000150127 ], [ 18.49003299992313, 47.752757000335407 ], [ 18.492204000214485, 47.752490999759857 ], [ 18.493554999563685, 47.752490999759857 ], [ 18.494678000089664, 47.752528999713604 ], [ 18.495744000685193, 47.752586001442808 ], [ 18.501151000018808, 47.752948000150127 ], [ 18.507737000662132, 47.753881000008278 ], [ 18.510954000626668, 47.754395000329168 ], [ 18.512338396299981, 47.754619595218173 ], [ 18.513998999854039, 47.754888999727712 ], [ 18.517407001432048, 47.755442000048447 ], [ 18.523593000716573, 47.757039999996096 ], [ 18.524545000551427, 47.757306999718367 ], [ 18.527648000654892, 47.75825899955322 ], [ 18.529970000715025, 47.759782001438339 ], [ 18.532426000659427, 47.761342999679755 ], [ 18.532791050766548, 47.761552161303257 ], [ 18.535681000577711, 47.763208000249051 ], [ 18.536594999559668, 47.763645999763241 ], [ 18.537268199667778, 47.763834100163706 ], [ 18.537547000293898, 47.763912000338735 ], [ 18.538650999943798, 47.764198000037709 ], [ 18.539869000354201, 47.764463999713996 ], [ 18.543105000295668, 47.764368999829628 ], [ 18.546417000144629, 47.764217000014582 ], [ 18.548529999559889, 47.764065000199707 ], [ 18.550700000704524, 47.764084000176581 ], [ 18.55203300012289, 47.764122000130328 ], [ 18.553156000649096, 47.764292999922077 ], [ 18.556201999922507, 47.764902000127393 ], [ 18.557325000448486, 47.765149999872733 ], [ 18.558334000214018, 47.765416000448056 ], [ 18.559457000739997, 47.765569000309199 ], [ 18.5605990003437, 47.765721000124245 ], [ 18.561627000086105, 47.765702000147371 ], [ 18.56273100063521, 47.76564500021675 ], [ 18.564806000096894, 47.765530000309354 ], [ 18.568308000613854, 47.765282999710735 ], [ 18.569546000147852, 47.76513099989586 ], [ 18.585441000202138, 47.762731999881908 ], [ 18.587572999594443, 47.762409000275113 ], [ 18.58955200002481, 47.762084999723072 ], [ 18.594977000188578, 47.760905000165792 ], [ 18.603334000663665, 47.759096000380282 ], [ 18.609292000225651, 47.758086999715374 ], [ 18.61783899957021, 47.75734500057149 ], [ 18.619267000671584, 47.757459000432561 ], [ 18.627015000042377, 47.758563000082518 ], [ 18.637141000257031, 47.759058000426478 ], [ 18.639350001401567, 47.75898200141836 ], [ 18.640167999553626, 47.758963001441487 ], [ 18.641253000126028, 47.758944000565236 ], [ 18.64601200015386, 47.758905999712283 ], [ 18.658385000567421, 47.761571000301558 ], [ 18.667730999885862, 47.763721001423221 ], [ 18.681307000018137, 47.767181000003291 ], [ 18.683129000403198, 47.768 ], [ 18.687514000270937, 47.770060000568719 ], [ 18.690155000652851, 47.771302000287278 ], [ 18.691924000392476, 47.77214699968448 ], [ 18.694698000612391, 47.773493999748325 ], [ 18.695437001416565, 47.773863999723858 ], [ 18.698052000599432, 47.775210999787873 ], [ 18.699108000733702, 47.77579200139985 ], [ 18.699954000177001, 47.7763459999681 ], [ 18.702146001436802, 47.777904999915904 ], [ 18.702938000188738, 47.778538000328524 ], [ 18.703509306209526, 47.779041787948188 ], [ 18.703598000047748, 47.779120000187845 ], [ 18.70431200059835, 47.779727000300966 ], [ 18.704997999857881, 47.78028199981452 ], [ 18.705606000016928, 47.780678000089779 ], [ 18.707111000172688, 47.781548999786651 ], [ 18.707431999687117, 47.781709499993553 ], [ 18.707745000631405, 47.781866000015953 ], [ 18.708379000190746, 47.782104000199581 ], [ 18.70896000000397, 47.782315000037272 ], [ 18.71154900068592, 47.782737999758922 ], [ 18.714718000235621, 47.783293000171852 ], [ 18.715906000161965, 47.783504000009714 ], [ 18.716937000042662, 47.783742000193342 ], [ 18.717888000730795, 47.784163999868724 ], [ 18.722694000227989, 47.786778999950968 ], [ 18.723883000200431, 47.787491999556323 ], [ 18.724980128130483, 47.788364396799636 ], [ 18.726075000560854, 47.78923499989537 ], [ 18.726577000328291, 47.789737000562184 ], [ 18.727686000208848, 47.790926001434002 ], [ 18.728162000575992, 47.791453999702412 ], [ 18.72890099958164, 47.792405000390545 ], [ 18.730431473933493, 47.794462947806949 ], [ 18.730433000082996, 47.794465000059688 ], [ 18.730434909343671, 47.7944698177281 ], [ 18.731040000195947, 47.795997000561272 ], [ 18.73110000026486, 47.796413249971692 ], [ 18.731120000287831, 47.796552000074826 ], [ 18.731173000033948, 47.797264999680124 ], [ 18.731120000287831, 47.798083001429518 ], [ 18.73110000026486, 47.79917855644527 ], [ 18.731092999942064, 47.799562000386061 ], [ 18.731040000195947, 47.803312999795253 ], [ 18.731120000287831, 47.804 ], [ 18.731383999871809, 47.804713001403968 ], [ 18.731674000654664, 47.805452000409559 ], [ 18.7319920000308, 47.806113000314895 ], [ 18.732730999935825, 47.807301000241068 ], [ 18.732814343707162, 47.807414417341647 ], [ 18.733021999865571, 47.807697001415647 ], [ 18.733365000394542, 47.808146001436796 ], [ 18.73405200059932, 47.80904399968091 ], [ 18.734844000250462, 47.809837000277525 ], [ 18.736719000381584, 47.811579999717196 ], [ 18.737776000561951, 47.812239999576434 ], [ 18.738330000029578, 47.812504000059562 ], [ 18.739466000255732, 47.813005999827055 ], [ 18.740178999861087, 47.813270000310354 ], [ 18.74572600025482, 47.814512000028913 ], [ 18.747152000364622, 47.814801999912561 ], [ 18.75298900064189, 47.815831999747161 ], [ 18.754283000060468, 47.815964000438441 ], [ 18.755921000054229, 47.816123000576113 ], [ 18.757294000417915, 47.816228000022193 ], [ 18.758376999998632, 47.816308000114248 ], [ 18.759935999946606, 47.816412999560384 ], [ 18.761177001417593, 47.816412999560384 ], [ 18.761942999869632, 47.816387000160091 ], [ 18.763897000046597, 47.816493000551645 ], [ 18.764716000043506, 47.816571999698056 ], [ 18.76529699985673, 47.816650999743842 ], [ 18.766036000660904, 47.816809999881741 ], [ 18.766961000150218, 47.817020999719432 ], [ 18.768440000006137, 47.817548999786538 ], [ 18.768667093211889, 47.817645197567856 ], [ 18.769474136722124, 47.817987067649085 ], [ 18.770685000112849, 47.818499999575351 ], [ 18.771662000201275, 47.81892200015028 ], [ 18.773273999895196, 47.819821000239017 ], [ 18.778741000197101, 47.821351999795127 ], [ 18.790044999876841, 47.822726000204739 ], [ 18.791709000170329, 47.822805000250753 ], [ 18.793215000372015, 47.822857999996813 ], [ 18.795513000224844, 47.822805000250753 ], [ 18.796542000013346, 47.822726000204739 ], [ 18.805311000602273, 47.821775000415983 ], [ 18.806843000204481, 47.821537000232524 ], [ 18.808349000406167, 47.821220000003052 ], [ 18.808902999873624, 47.821034999565711 ], [ 18.809537000332341, 47.820744999682006 ], [ 18.810066000445545, 47.820296000560063 ], [ 18.812310001405535, 47.819239000379696 ], [ 18.813024000157554, 47.818948999596842 ], [ 18.813789000362078, 47.81873799975898 ], [ 18.816774000419912, 47.818024000107584 ], [ 18.817962000346085, 47.817839999716284 ], [ 18.818601000136198, 47.817813000269894 ], [ 18.81915100031847, 47.817813000269894 ], [ 18.820894000657745, 47.817972000407565 ], [ 18.821766000400771, 47.818129999599932 ], [ 18.822453000605549, 47.818262000291213 ], [ 18.82313899986508, 47.818421000428884 ], [ 18.823931999562262, 47.818605999967076 ], [ 18.82517300013393, 47.818632000266575 ], [ 18.82678400068113, 47.818499999575351 ], [ 18.827418000240641, 47.818446999829234 ], [ 18.830323000206363, 47.818183000245426 ], [ 18.833440000056044, 47.817760001422982 ], [ 18.834893001411046, 47.817548999786538 ], [ 18.835606000116968, 47.817390999694965 ], [ 18.836953000180984, 47.817047000019102 ], [ 18.838193999853274, 47.816783000435294 ], [ 18.840941000626799, 47.816493000551645 ], [ 18.844057999577103, 47.816255000368017 ], [ 18.844771000081778, 47.816201999722693 ], [ 18.847544000255425, 47.816069999930619 ], [ 18.84825699986078, 47.816096000230289 ], [ 18.848330214567795, 47.816708596824412 ], [ 18.848335999906567, 47.816757000135624 ], [ 18.848389000552004, 47.817469999740752 ], [ 18.848388999652684, 47.818201821257219 ], [ 18.848389000552004, 47.818262000291213 ], [ 18.848423342063711, 47.818468305667921 ], [ 18.848521000343908, 47.819054999988396 ], [ 18.848784999927886, 47.819609000355229 ], [ 18.849082000134388, 47.820064999800024 ], [ 18.849631000270563, 47.82082399972785 ], [ 18.850000000199827, 47.821193999703382 ], [ 18.850397001420561, 47.821537000232524 ], [ 18.853406999933213, 47.823676999993722 ], [ 18.854595999905655, 47.824494999944363 ], [ 18.855071000226474, 47.824892000265663 ], [ 18.855441000202063, 47.825313999941216 ], [ 18.855890000223383, 47.825842000008379 ], [ 18.856022000015457, 47.826211999983911 ], [ 18.856005500153685, 47.826258250318119 ], [ 18.855890000223383, 47.826581999959444 ], [ 18.855572999994138, 47.826872999889019 ], [ 18.854514025801677, 47.827567872759232 ], [ 18.851999999800285, 47.829217517174754 ], [ 18.851347000263843, 47.829646000062894 ], [ 18.85084600144188, 47.829831001399782 ], [ 18.850080000291882, 47.829910001445569 ], [ 18.849419000386604, 47.829856999900755 ], [ 18.848627000735519, 47.829725000108851 ], [ 18.847886999885191, 47.829593000316777 ], [ 18.847121001433152, 47.829381999579709 ], [ 18.846514000420882, 47.829223000341244 ], [ 18.84514100005714, 47.82895899985806 ], [ 18.842711000412464, 47.82850999983674 ], [ 18.841786000024001, 47.82848400043639 ], [ 18.84096800007319, 47.82850999983674 ], [ 18.840201000675677, 47.828616000228294 ], [ 18.839647000308844, 47.828774000319868 ], [ 18.83909199989597, 47.82893299955839 ], [ 18.831802000062282, 47.832049000261179 ], [ 18.831221000249059, 47.832340000190925 ], [ 18.829700994905068, 47.833259537197989 ], [ 18.829082001433278, 47.8336340014082 ], [ 18.828316000283337, 47.834162000575986 ], [ 18.827844918308472, 47.834610165127117 ], [ 18.827760999870407, 47.834689999743716 ], [ 18.822848999981431, 47.841346000018063 ], [ 18.822479000005899, 47.841901000430994 ], [ 18.821950999938736, 47.843169000449052 ], [ 18.821792000700441, 47.843829000308233 ], [ 18.821766000400771, 47.844516001412444 ], [ 18.821766000400771, 47.845097000326462 ], [ 18.821792000700441, 47.845704000439412 ], [ 18.821977000238462, 47.84636500034452 ], [ 18.822189000122421, 47.846893000411626 ], [ 18.822347000213995, 47.847367999833295 ], [ 18.822479000005899, 47.847895999900629 ], [ 18.822532000651336, 47.848319001420862 ], [ 18.822508494171757, 47.848687259409587 ], [ 18.822505000305569, 47.848742000243305 ], [ 18.822500000074967, 47.848765353838075 ], [ 18.822426000259782, 47.84911100017257 ], [ 18.822215000422091, 47.84950799959455 ], [ 18.821845000446558, 47.849930000169479 ], [ 18.821396000425182, 47.850326000444682 ], [ 18.820682999920507, 47.850880999958235 ], [ 18.820049000361166, 47.851329999979612 ], [ 18.819283000110374, 47.851831999747048 ], [ 18.817646000162881, 47.852887999881318 ], [ 18.815123198576941, 47.854386742554198 ], [ 18.815092767317481, 47.854404821625224 ], [ 18.814133000037941, 47.854974999896399 ], [ 18.81249500004435, 47.855502999963562 ], [ 18.81183500018517, 47.855634999755466 ], [ 18.811122000579985, 47.855741000147191 ], [ 18.810462000720804, 47.855820000192978 ], [ 18.809537000332341, 47.855899000238765 ], [ 18.809527196822671, 47.855900000284862 ], [ 18.806949000596035, 47.856162999822743 ], [ 18.806424478207134, 47.856229253777087 ], [ 18.803806000446684, 47.856560000143929 ], [ 18.803576863081958, 47.856600000190042 ], [ 18.801789611601407, 47.85691199659135 ], [ 18.801084999972829, 47.857034999565769 ], [ 18.800214548862527, 47.857199999980139 ], [ 18.800185128441058, 47.857205576676051 ], [ 18.79704400068016, 47.857800999816334 ], [ 18.796490000313327, 47.857986000253902 ], [ 18.795934999900396, 47.85822400043736 ], [ 18.795564999924864, 47.858514000320838 ], [ 18.795275000041386, 47.858884000296428 ], [ 18.7950369998577, 47.859358999718097 ], [ 18.794773000273722, 47.859966999877258 ], [ 18.794598268295545, 47.860528031143872 ], [ 18.79440300029836, 47.861154999803432 ], [ 18.794400000159897, 47.86117155722161 ], [ 18.794245000206786, 47.862027000445778 ], [ 18.79398000057671, 47.862555001412318 ], [ 18.793637000047568, 47.863030999980708 ], [ 18.793215000372015, 47.863559000047985 ], [ 18.792607000213025, 47.864139999861209 ], [ 18.791498000332638, 47.864985000157617 ], [ 18.790732000081846, 47.865355000133206 ], [ 18.790086089901195, 47.865603210319989 ], [ 18.790044999876841, 47.865618999717128 ], [ 18.789438000663324, 47.865804000154526 ], [ 18.788672000412532, 47.865988999692718 ], [ 18.787747000024069, 47.866094000038174 ], [ 18.786625711807289, 47.866037143998994 ], [ 18.786189000122363, 47.866014999992387 ], [ 18.785403022331764, 47.865951510553771 ], [ 18.785210999987783, 47.865935999946601 ], [ 18.784603999874832, 47.866014999992387 ], [ 18.783785999924021, 47.866174000130059 ], [ 18.782834000089167, 47.86638499996792 ], [ 18.781884000346452, 47.866727999597686 ], [ 18.781013036622426, 47.867173925736211 ], [ 18.779006999873218, 47.868201000076283 ], [ 18.778741000197101, 47.868365999591276 ], [ 18.77546600025579, 47.868233999799429 ], [ 18.773721999870475, 47.868207000352811 ], [ 18.772225000083722, 47.868297000006578 ], [ 18.771273000248868, 47.868391999891003 ], [ 18.770738865906083, 47.868483886322451 ], [ 18.769750000162446, 47.868654000281992 ], [ 18.769013000349844, 47.869033999819408 ], [ 18.768600000189906, 47.869382621111242 ], [ 18.766020335370342, 47.871560167567793 ], [ 18.76579900142292, 47.871746999924142 ], [ 18.764742000343176, 47.873093999988157 ], [ 18.764346000067974, 47.873806999593512 ], [ 18.764003000438208, 47.874520000098016 ], [ 18.76390000018489, 47.874828443278147 ], [ 18.763818000000811, 47.875073999565473 ], [ 18.763686000208907, 47.875919999908149 ], [ 18.763554000416832, 47.876791001403774 ], [ 18.763607000162949, 47.877504000109695 ], [ 18.76362277427171, 47.877590069726011 ], [ 18.76379100055442, 47.878508001443151 ], [ 18.763955625052063, 47.879139062917545 ], [ 18.763977000138482, 47.879221000149073 ], [ 18.764240000575739, 47.879987000399865 ], [ 18.764346000067974, 47.880462999867632 ], [ 18.764373000413741, 47.880911999888951 ], [ 18.764320000667624, 47.881387000209997 ], [ 18.76372927918294, 47.883609124261682 ], [ 18.760749933162913, 47.894816555639693 ], [ 18.760648000405013, 47.895199999580427 ], [ 18.760411000267482, 47.895437999763942 ], [ 18.76036243957509, 47.895708049087261 ], [ 18.759523427863996, 47.900373876653191 ], [ 18.758667999928377, 47.905130999795858 ], [ 18.758699999605426, 47.905348582671138 ], [ 18.758718367358767, 47.90547346702698 ], [ 18.759011386266593, 47.907465841275666 ], [ 18.759036999857642, 47.907640000385754 ], [ 18.759275000041328, 47.907984000061617 ], [ 18.760622000105343, 47.908618001419654 ], [ 18.761230000264334, 47.908775999712702 ], [ 18.76170500058538, 47.908722999966585 ], [ 18.762313000744371, 47.908803000058469 ], [ 18.762415393056074, 47.908978848095444 ], [ 18.762497000236465, 47.909119000241844 ], [ 18.76236500044439, 47.909701000101165 ], [ 18.762245612744834, 47.910215790026882 ], [ 18.761859799989963, 47.911879399115037 ], [ 18.76167900028571, 47.912658999813175 ], [ 18.76116682289063, 47.913433176699868 ], [ 18.760596000704993, 47.914295999760668 ], [ 18.760360674205913, 47.914517977622722 ], [ 18.760120000337906, 47.914744999782044 ], [ 18.759564999924976, 47.915009000265172 ], [ 18.759116999949697, 47.915247000448858 ], [ 18.758776563387755, 47.915538671272714 ], [ 18.758746999974164, 47.915563999778897 ], [ 18.758376999998632, 47.915907000307868 ], [ 18.758034000368866, 47.91648900016736 ], [ 18.757821999585701, 47.916938000188736 ], [ 18.757611000647216, 47.917492000555569 ], [ 18.757417417979639, 47.918111610962114 ], [ 18.757083000580053, 47.91918200024918 ], [ 18.756924000442382, 47.919711000362554 ], [ 18.756977000188499, 47.920185999784223 ], [ 18.757241000671684, 47.920503000013468 ], [ 18.757690000693003, 47.920793999943271 ], [ 18.758818022134051, 47.92127259035783 ], [ 18.759618000570242, 47.921611999894026 ], [ 18.762656000374136, 47.923090999749945 ], [ 18.763316000233374, 47.923460999725535 ], [ 18.769444000440387, 47.928427000305874 ], [ 18.770446999929163, 47.929483000440143 ], [ 18.770816999904696, 47.929985000207751 ], [ 18.771556999855818, 47.93146400006367 ], [ 18.771692476426779, 47.931800000269845 ], [ 18.772111000222651, 47.932837999574133 ], [ 18.772165006310047, 47.932973997751787 ], [ 18.773485000632434, 47.936297999952785 ], [ 18.773749000216242, 47.936984000111636 ], [ 18.773828000262029, 47.937724000062587 ], [ 18.773828000262029, 47.938304999875982 ], [ 18.772824999873876, 47.943482000294239 ], [ 18.77271856421055, 47.944010541753187 ], [ 18.772545565225812, 47.944869623634361 ], [ 18.772005999876967, 47.947548999886408 ], [ 18.771967745415168, 47.947854832334656 ], [ 18.771821000339003, 47.949027999742498 ], [ 18.772005999876967, 47.949820000292846 ], [ 18.772217000614205, 47.950322000060282 ], [ 18.772587000589738, 47.950876999574007 ], [ 18.773141000057194, 47.95137900024082 ], [ 18.773749000216242, 47.951749000216353 ], [ 18.774409000075423, 47.952144999592235 ], [ 18.775096000280257, 47.95248800012115 ], [ 18.775730000738974, 47.952937000142526 ], [ 18.776205000160815, 47.953386000163846 ], [ 18.776627999882464, 47.954019999723357 ], [ 18.77710300020334, 47.955242000318151 ], [ 18.777150000572249, 47.956383999921798 ], [ 18.776984000111554, 47.956932000011932 ], [ 18.776484000436312, 47.957217000564128 ], [ 18.775699000208817, 47.957407000332978 ], [ 18.77496100034989, 47.957668999824591 ], [ 18.774466617840233, 47.957960059109496 ], [ 18.774250999983849, 47.95808700021496 ], [ 18.773989838660157, 47.958583602251622 ], [ 18.77398700039987, 47.958588999982396 ], [ 18.773362346595093, 47.960003084075254 ], [ 18.773153000610648, 47.960476999813693 ], [ 18.772399366037973, 47.962100634037029 ], [ 18.771916000223371, 47.963142000402968 ], [ 18.7715300004092, 47.963555000562906 ], [ 18.771029000687861, 47.963766000400597 ], [ 18.764696555801549, 47.966774703889655 ], [ 18.76463699999772, 47.96680300015845 ], [ 18.758535000090205, 47.969734999570562 ], [ 18.757664000393333, 47.970158000191589 ], [ 18.757082897158114, 47.97055855193571 ], [ 18.756949495323113, 47.970650504916932 ], [ 18.756898000142712, 47.970686000258752 ], [ 18.756210999937878, 47.971240999772476 ], [ 18.755682999870601, 47.97195400027698 ], [ 18.755629580141147, 47.972051908568915 ], [ 18.755366001439882, 47.972535000090375 ], [ 18.755023000011533, 47.973194999949385 ], [ 18.754942999919649, 47.973934999900507 ], [ 18.754996000565143, 47.974621000059244 ], [ 18.755076000657027, 47.975387000309809 ], [ 18.755366001439882, 47.97591600042324 ], [ 18.755736001415414, 47.976548999936483 ], [ 18.756238000283474, 47.9771830003952 ], [ 18.756872000742362, 47.977737999908925 ], [ 18.760343212969019, 47.98000155482805 ], [ 18.764946241775647, 47.98300315906863 ], [ 18.767119000241792, 47.984419999583395 ], [ 18.7677800001469, 47.984711000412517 ], [ 18.768466000305807, 47.984895999950481 ], [ 18.769021000718737, 47.985027999742385 ], [ 18.769734000324036, 47.985133000088069 ], [ 18.771186999880285, 47.985264999879973 ], [ 18.771979000430576, 47.985318001424787 ], [ 18.772612999990088, 47.985264999879973 ], [ 18.773071061580367, 47.985276313351164 ], [ 18.780753488682649, 47.985466046920692 ], [ 18.781197000141503, 47.985476999763762 ], [ 18.783363000202371, 47.985979000430575 ], [ 18.784603999874832, 47.986162999922669 ], [ 18.785819000146773, 47.986322000060341 ], [ 18.787112999565352, 47.986401000106127 ], [ 18.788328000736669, 47.986401000106127 ], [ 18.78938500001783, 47.986322000060341 ], [ 18.790493999898217, 47.986216000568106 ], [ 18.791840999962233, 47.985979000430575 ], [ 18.793029999934674, 47.985713999901293 ], [ 18.794139000714381, 47.985397000571254 ], [ 18.7950369998577, 47.985213000179954 ], [ 18.796032993627819, 47.98511465841483 ], [ 18.796383999921716, 47.985080000341782 ], [ 18.797440000055985, 47.985001000295995 ], [ 18.799346791221524, 47.98507054576919 ], [ 18.79960600011691, 47.985080000341782 ], [ 18.800287652952932, 47.985219102979272 ], [ 18.800938396090203, 47.985351897772034 ], [ 18.801032000226712, 47.985371000271527 ], [ 18.801931000315506, 47.985634999855506 ], [ 18.802855000657871, 47.985979000430575 ], [ 18.809020829048109, 47.988785047092279 ], [ 18.809124000172574, 47.988831999797071 ], [ 18.809909889829555, 47.989225275126387 ], [ 18.811508000393985, 47.990024999953903 ], [ 18.814077000153588, 47.991706000131899 ], [ 18.814933000057977, 47.992409000175314 ], [ 18.815666000585622, 47.993203999964692 ], [ 18.815945294040091, 47.993645293695465 ], [ 18.81600927810581, 47.993746390983347 ], [ 18.816247000398846, 47.994122000030302 ], [ 18.816715126302029, 47.995015125747557 ], [ 18.816919999958031, 47.995405999887168 ], [ 18.817534274687091, 47.996999999650257 ], [ 18.818998667754499, 48.000800000419815 ], [ 18.818999999650373, 48.000803455615028 ], [ 18.819011000157502, 48.000832000096864 ], [ 18.820893000611477, 48.005994999869415 ], [ 18.820892527568219, 48.005995977432519 ], [ 18.81919439440594, 48.009503738107185 ], [ 18.819111000272528, 48.009676001446394 ], [ 18.817264645347223, 48.014290900404831 ], [ 18.817245000556397, 48.014339999791275 ], [ 18.815780000446694, 48.018203999914704 ], [ 18.815746000677507, 48.018604000374467 ], [ 18.815836073176285, 48.020041382304044 ], [ 18.815913000284866, 48.021269000064365 ], [ 18.815996001414419, 48.021768999739663 ], [ 18.816246000352749, 48.022268000268184 ], [ 18.816546000697485, 48.022567999713544 ], [ 18.817270356042286, 48.023080905559539 ], [ 18.819910000246466, 48.02494999984259 ], [ 18.821143000449183, 48.025732999978118 ], [ 18.821959000307629, 48.026249000391147 ], [ 18.822542000213218, 48.026581999559653 ], [ 18.822942000672867, 48.026781999789534 ], [ 18.823307999564634, 48.026915001426289 ], [ 18.823474490155775, 48.026978741775622 ], [ 18.823658000416401, 48.027049000411182 ], [ 18.824374000159992, 48.027415000202154 ], [ 18.824841000112144, 48.027715001446268 ], [ 18.825307000018199, 48.028064999600133 ], [ 18.825907000707673, 48.028548000290073 ], [ 18.826307000267889, 48.029014000196128 ], [ 18.826706000681384, 48.029480000101955 ], [ 18.826956001418296, 48.029913000284864 ], [ 18.827138999964973, 48.030396000075427 ], [ 18.827289000587029, 48.030929000373192 ], [ 18.827339000194854, 48.031529000163346 ], [ 18.827305999572332, 48.032128999953443 ], [ 18.827188999572797, 48.032694999974353 ], [ 18.826989000242236, 48.033160999880351 ], [ 18.826723000566119, 48.033527999717478 ], [ 18.826440000106061, 48.033894000407827 ], [ 18.825918953597011, 48.03426841065874 ], [ 18.825907000707673, 48.034277000083534 ], [ 18.824558000551463, 48.035177000218425 ], [ 18.822975000395957, 48.035909999846695 ], [ 18.822176000422246, 48.036276001436477 ], [ 18.8214429998946, 48.036526000374806 ], [ 18.82072700015101, 48.036842000557954 ], [ 18.820127000360856, 48.037809000185348 ], [ 18.819660999555651, 48.039890999969657 ], [ 18.821234566722012, 48.041490122271455 ], [ 18.821693000631512, 48.041955999869629 ], [ 18.822358999868072, 48.042556000559159 ], [ 18.822609000604984, 48.042654999728541 ], [ 18.824584555732827, 48.042678861440436 ], [ 18.825424000017733, 48.042689000397104 ], [ 18.825757000085616, 48.042538999775047 ], [ 18.826122999876645, 48.042372000167859 ], [ 18.826813843783839, 48.042105158726088 ], [ 18.827156000748857, 48.041972999754194 ], [ 18.828022000215299, 48.041639001438739 ], [ 18.828622000005396, 48.041456000194387 ], [ 18.829188000026306, 48.041356000079531 ], [ 18.829504000209454, 48.041689000147414 ], [ 18.830453999952169, 48.043355001432246 ], [ 18.830737000412398, 48.04392100055378 ], [ 18.831036999857758, 48.044587999836438 ], [ 18.831042904806282, 48.044599396045385 ], [ 18.831736000616047, 48.045936999992648 ], [ 18.832952000034879, 48.047768999939365 ], [ 18.833199812721318, 48.048040178811277 ], [ 18.833301999987441, 48.048152001413825 ], [ 18.833554695992518, 48.04811694673981 ], [ 18.833785000677381, 48.04808500012274 ], [ 18.834563504202492, 48.047787988225195 ], [ 18.835051000603244, 48.047602000332176 ], [ 18.836334000413842, 48.047102999803656 ], [ 18.837366000340751, 48.046652999736182 ], [ 18.837932000361661, 48.046570000405268 ], [ 18.838331999922048, 48.046803000358238 ], [ 18.839215000172203, 48.048584999797981 ], [ 18.839926285669549, 48.049992713992651 ], [ 18.839981000422995, 48.050100999561607 ], [ 18.840020185683045, 48.050145301964221 ], [ 18.840364000098702, 48.050533999744346 ], [ 18.840797000281441, 48.050766999697373 ], [ 18.844062000660813, 48.051983000015582 ], [ 18.844995001418226, 48.052283000360319 ], [ 18.845661000654786, 48.05241600019832 ], [ 18.846144000445349, 48.052382999575798 ], [ 18.851357999871823, 48.050600000089958 ], [ 18.851573999940172, 48.050467000251956 ], [ 18.851773731272772, 48.050342385692602 ], [ 18.85352299988665, 48.049250999933747 ], [ 18.859774603815083, 48.04987479038931 ], [ 18.860367999883351, 48.049933999954192 ], [ 18.860918000065624, 48.049884000346367 ], [ 18.861966999877268, 48.049684000116656 ], [ 18.863366001439886, 48.049335000210192 ], [ 18.866898000642323, 48.048451999959866 ], [ 18.871278000279631, 48.047386000263884 ], [ 18.871911000692251, 48.047269000264293 ], [ 18.874260000198944, 48.046936000196411 ], [ 18.874690048806883, 48.047143358679193 ], [ 18.874961498374603, 48.047274245110486 ], [ 18.879423232895988, 48.04942558891986 ], [ 18.881721999870479, 48.050533999744346 ], [ 18.882022000215215, 48.050733999974227 ], [ 18.883071000026632, 48.051966000130847 ], [ 18.883021000418807, 48.052348999806554 ], [ 18.883171000141715, 48.052682999920705 ], [ 18.886369000129378, 48.058246000152906 ], [ 18.886618999966913, 48.058611999943935 ], [ 18.886700000105066, 48.058632401963905 ], [ 18.88676747084213, 48.058649397351928 ], [ 18.886885001441783, 48.058679000335644 ], [ 18.887234999595648, 48.058628999828613 ], [ 18.887801001415255, 48.058329000383253 ], [ 18.888284000306442, 48.057979000430691 ], [ 18.888884000096596, 48.057446000132927 ], [ 18.888979544070708, 48.057346971285767 ], [ 18.889350000002594, 48.056963000342364 ], [ 18.890816000158395, 48.055413999956272 ], [ 18.891153898833466, 48.055343502101039 ], [ 18.89304826766346, 48.054948268947498 ], [ 18.905823000631074, 48.052283000360319 ], [ 18.906354485571228, 48.052198205982563 ], [ 18.909928955257158, 48.051627926987351 ], [ 18.910104000199624, 48.051600000339874 ], [ 18.917133000587569, 48.053065999596242 ], [ 18.917949000446185, 48.053248999941445 ], [ 18.920897000596142, 48.054148000030182 ], [ 18.922713000704448, 48.054781000442802 ], [ 18.923462000171355, 48.055080999888389 ], [ 18.925028000441955, 48.055814000415864 ], [ 18.927859000592548, 48.056945999558252 ], [ 18.928185805230839, 48.057000404944802 ], [ 18.928270867606443, 48.057014565669817 ], [ 18.933437909831639, 48.057874753716987 ], [ 18.935936434219229, 48.058290698257167 ], [ 18.936861924738139, 48.058444770110214 ], [ 18.937470000440271, 48.058545999598266 ], [ 18.939875263332738, 48.058631237341899 ], [ 18.942233155335998, 48.058714795151843 ], [ 18.942634000258977, 48.058728999943469 ], [ 18.945856514866307, 48.058528764990569 ], [ 18.946931000565257, 48.058462000221255 ], [ 18.949700663355088, 48.058132371711679 ], [ 18.949729000093328, 48.058129000153372 ], [ 18.954092999892055, 48.05792899992349 ], [ 18.954572711761386, 48.057966116742932 ], [ 18.958189999968681, 48.058246000152906 ], [ 18.95826501331976, 48.058239066379883 ], [ 18.964150352157162, 48.057695070071475 ], [ 18.965771053691242, 48.057545264602425 ], [ 18.966395785737063, 48.057487520033135 ], [ 18.967202000072348, 48.057413000409781 ], [ 18.967510063738473, 48.057348257316391 ], [ 18.970153663161057, 48.056792674142628 ], [ 18.972831000650331, 48.056229999814718 ], [ 18.972873077230815, 48.056214616011857 ], [ 18.974078951182776, 48.055773707190895 ], [ 18.97530463090402, 48.055325557028937 ], [ 18.975380000386792, 48.055298000002779 ], [ 18.980250688118872, 48.053849311796398 ], [ 18.980477000713108, 48.05378200023921 ], [ 18.980843001403514, 48.053699000009033 ], [ 18.981192999557322, 48.053699000009033 ], [ 18.98154300040926, 48.053798000077791 ], [ 18.982818714812026, 48.054277246997458 ], [ 18.985275001640161, 48.055199999980118 ], [ 18.986023000161424, 48.055481000347982 ], [ 18.986389999998551, 48.055663999793808 ], [ 18.98668900029719, 48.055896999746835 ], [ 18.987125154402349, 48.056275462342853 ], [ 18.988421114342998, 48.057399999810229 ], [ 18.989839120379145, 48.058630439643139 ], [ 18.990415971619882, 48.059130988804156 ], [ 18.99121788899447, 48.059826833841385 ], [ 18.991768848753395, 48.060304917038422 ], [ 18.992101999907504, 48.060594001412142 ], [ 18.992136000576124, 48.060844000350471 ], [ 18.992081124844219, 48.06135132500367 ], [ 18.991949028824763, 48.062572551282358 ], [ 18.991936000346186, 48.062693000181923 ], [ 18.991703000393215, 48.064208999945549 ], [ 18.991719000231797, 48.064592001419783 ], [ 18.991786000623506, 48.064924999689083 ], [ 18.991985999954068, 48.065240999872287 ], [ 18.992402000252241, 48.065624000447372 ], [ 18.995699333957191, 48.067832777660556 ], [ 18.995734000124173, 48.067855999954531 ], [ 18.996516000213376, 48.068189000022414 ], [ 18.99696600028085, 48.068322999906684 ], [ 18.99724330623377, 48.068380412626027 ], [ 18.998415000551859, 48.068623000251421 ], [ 18.999630999970748, 48.068856000204278 ], [ 19.001961000399945, 48.069188000226063 ], [ 19.002694000028214, 48.069272001401828 ], [ 19.004467511666405, 48.069470050102836 ], [ 19.00507600015726, 48.069538000178625 ], [ 19.006923999942671, 48.069721001423147 ], [ 19.008590000328297, 48.070020999969358 ], [ 19.008645090098923, 48.070042484772955 ], [ 19.008890000673034, 48.070137999968892 ], [ 19.009205999957032, 48.070354000037241 ], [ 19.00931879292807, 48.070456377959545 ], [ 19.012231338205765, 48.073099999865292 ], [ 19.012271000106693, 48.073135999726674 ], [ 19.012403999944695, 48.073302000187198 ], [ 19.01242100072858, 48.073585999794147 ], [ 19.012138000268578, 48.073818999747118 ], [ 19.012082161362798, 48.073848409376694 ], [ 19.011537999579048, 48.074134999930493 ], [ 19.010905000065804, 48.074335000160204 ], [ 19.010894796357888, 48.07433680330098 ], [ 19.010537100906504, 48.074399999560399 ], [ 19.010055999584893, 48.074484999882884 ], [ 19.009290000233477, 48.074535000390085 ], [ 19.008856000004471, 48.074568000113231 ], [ 19.008557000605151, 48.074668000228087 ], [ 19.008522999936588, 48.074901000181114 ], [ 19.008607000213033, 48.07515100001882 ], [ 19.009007000672625, 48.075767999693483 ], [ 19.009255999564857, 48.076134000384002 ], [ 19.009539000024915, 48.076251000383422 ], [ 19.009554765140365, 48.076255781179441 ], [ 19.014355966754579, 48.077711934658112 ], [ 19.014500047139563, 48.077755632716446 ], [ 19.014919999958181, 48.077883000100428 ], [ 19.015286000648587, 48.077899999985164 ], [ 19.0174850004326, 48.077883000100428 ], [ 19.017883999946775, 48.077766000100894 ], [ 19.018134000683688, 48.077600001438952 ], [ 19.018186929383319, 48.077494771766339 ], [ 19.018218000060699, 48.077433000033011 ], [ 19.018084000176657, 48.077349999802664 ], [ 19.017784000731069, 48.077216999964719 ], [ 19.017218000710216, 48.076367000336859 ], [ 19.020842428635262, 48.074219189963742 ], [ 19.020936636216902, 48.074163363648438 ], [ 19.021349000556029, 48.073918999861974 ], [ 19.023098000272626, 48.073036001410401 ], [ 19.023398000617362, 48.073053000395703 ], [ 19.02367407539839, 48.072999999750266 ], [ 19.023747001423089, 48.072986000003993 ], [ 19.024225750118319, 48.072810777895199 ], [ 19.024247000198955, 48.072803000558167 ], [ 19.024260942388764, 48.072795137785533 ], [ 19.025211280276437, 48.072259147241823 ], [ 19.03162516237137, 48.068641719639743 ], [ 19.032458000236545, 48.068172000137736 ], [ 19.032733734174599, 48.067932534059253 ], [ 19.032975000695899, 48.06772300011653 ], [ 19.033375000256115, 48.067223000441288 ], [ 19.033523999932697, 48.066972999704205 ], [ 19.033457999587085, 48.066657000420378 ], [ 19.033367471131953, 48.066395171799911 ], [ 19.03329099997984, 48.066173999730438 ], [ 19.033277266432776, 48.066138632991567 ], [ 19.033066093925186, 48.065594841728739 ], [ 19.033058000026813, 48.06557399994017 ], [ 19.032975000695899, 48.065191000264633 ], [ 19.032975000695899, 48.064874000035161 ], [ 19.033042000188232, 48.064625000243723 ], [ 19.033258000256524, 48.064508000244189 ], [ 19.033658000716343, 48.064391000244598 ], [ 19.034090999999705, 48.064375000406017 ], [ 19.034574000689645, 48.064375000406017 ], [ 19.041648928555389, 48.065025534900542 ], [ 19.042002000591879, 48.065058000426461 ], [ 19.042252000429642, 48.065123999872753 ], [ 19.042551999875002, 48.065291000379489 ], [ 19.04290200072694, 48.065557000055662 ], [ 19.043268001417118, 48.065823999777876 ], [ 19.043617999571154, 48.066039999846225 ], [ 19.044101000261094, 48.066224000237469 ], [ 19.044568000213019, 48.066372999914051 ], [ 19.044984001410626, 48.066423000421253 ], [ 19.045516999909808, 48.066406999683466 ], [ 19.04571551356014, 48.066393500859533 ], [ 19.046016999584879, 48.066372999914051 ], [ 19.046549999882643, 48.066240000076107 ], [ 19.047066000295729, 48.066024000007758 ], [ 19.047516000363146, 48.065790000008462 ], [ 19.047882000154345, 48.065541000217024 ], [ 19.048315000337084, 48.065140999757432 ], [ 19.048597999897936, 48.064874000035161 ], [ 19.048898000242673, 48.064508000244189 ], [ 19.048917901340133, 48.064483598039658 ], [ 19.049265000079799, 48.064058000176544 ], [ 19.049463341060402, 48.06386832866059 ], [ 19.049630999870772, 48.063708000224153 ], [ 19.050164000168536, 48.063259000202834 ], [ 19.050174897253896, 48.063250206631778 ], [ 19.050490056570879, 48.062995885551857 ], [ 19.05163000032428, 48.062076001406467 ], [ 19.055110999872852, 48.059378000194727 ], [ 19.055877000123587, 48.058878001418805 ], [ 19.057243000164362, 48.058012000153781 ], [ 19.057643312688811, 48.057783348422845 ], [ 19.057826000069952, 48.057679000085955 ], [ 19.058425999860049, 48.057446000132927 ], [ 19.058974999996224, 48.057378999741161 ], [ 19.059391000294454, 48.057396001424422 ], [ 19.059691000639191, 48.057446000132927 ], [ 19.060441000152196, 48.057912000038755 ], [ 19.060841000611788, 48.058394999829488 ], [ 19.061130318809262, 48.058804076247213 ], [ 19.061470697814627, 48.059285349339518 ], [ 19.061605966642219, 48.059476609058379 ], [ 19.061918474757931, 48.059918473858602 ], [ 19.062090000653143, 48.060161000330027 ], [ 19.063535718398839, 48.062171435663231 ], [ 19.063539000025003, 48.062175999722797 ], [ 19.063939458239474, 48.062728184358377 ], [ 19.064022000714942, 48.062841999858506 ], [ 19.065132033016937, 48.063986720810703 ], [ 19.065654000431834, 48.064525000128697 ], [ 19.065904000269541, 48.064690999690015 ], [ 19.065955106942738, 48.064700000105006 ], [ 19.06940200060194, 48.065307000217899 ], [ 19.069539560902172, 48.065291868225188 ], [ 19.0697020000473, 48.065273999595433 ], [ 19.070035000115354, 48.065223999987779 ], [ 19.070568000412948, 48.065123999872753 ], [ 19.070576274175778, 48.06512372557961 ], [ 19.071051000203681, 48.065108000034286 ], [ 19.071451000663274, 48.065191000264633 ], [ 19.071459844596177, 48.065193263858191 ], [ 19.072658014056174, 48.065500001024361 ], [ 19.073533000447583, 48.065724000562227 ], [ 19.074016000238373, 48.065874000285078 ], [ 19.074147839951024, 48.065923919853105 ], [ 19.077211579251127, 48.067083976944048 ], [ 19.077929999969626, 48.06735600027929 ], [ 19.078395999875625, 48.067538999725116 ], [ 19.07868000038178, 48.067706000231851 ], [ 19.078895999550923, 48.067905999562356 ], [ 19.078996000565155, 48.068321999860586 ], [ 19.079096000680011, 48.068972000157714 ], [ 19.079229001417332, 48.069405000340623 ], [ 19.079239830154165, 48.06942119713068 ], [ 19.079463001416457, 48.069755000293185 ], [ 19.07982900030828, 48.070104000199535 ], [ 19.080038292333427, 48.070275316552795 ], [ 19.080793473739902, 48.070893473655019 ], [ 19.081294999564648, 48.0713039997799 ], [ 19.081908328206907, 48.071783331235849 ], [ 19.081977000438371, 48.071837000077494 ], [ 19.082319614258893, 48.071989710356945 ], [ 19.082760000573671, 48.072185999984015 ], [ 19.083443000594173, 48.072452999706229 ], [ 19.084176000222271, 48.072636000051432 ], [ 19.084643000174367, 48.072736000166458 ], [ 19.085142000702945, 48.072819000396635 ], [ 19.085708999870519, 48.072869000004459 ], [ 19.086408000628808, 48.072869000004459 ], [ 19.086891000419371, 48.072869000004459 ], [ 19.087523999932785, 48.072803000558167 ], [ 19.088157000345404, 48.072703000443141 ], [ 19.088856000204316, 48.07256999970582 ], [ 19.089539000224761, 48.072419999983083 ], [ 19.090572000197767, 48.072053000146013 ], [ 19.091205000610387, 48.071820000192986 ], [ 19.094086000368804, 48.070421000428951 ], [ 19.096119000591557, 48.069254999718567 ], [ 19.096568000612876, 48.068955000273206 ], [ 19.096985000057828, 48.068622000205323 ], [ 19.098267000721648, 48.067706000231851 ], [ 19.098667000281864, 48.067456000394145 ], [ 19.098908352238823, 48.067395824058224 ], [ 19.099514158051932, 48.067244779323289 ], [ 19.105746000277861, 48.065690999939875 ], [ 19.106346000067958, 48.065590999824849 ], [ 19.10704499992687, 48.065507000447781 ], [ 19.108310999852904, 48.065541000217024 ], [ 19.117704999586181, 48.066074001414165 ], [ 19.118388001405208, 48.066156999845759 ], [ 19.11888800018113, 48.066372999914051 ], [ 19.119537000432331, 48.066657000420378 ], [ 19.12012000033792, 48.066972999704205 ], [ 19.120487000175046, 48.067305999772259 ], [ 19.1209029995739, 48.06772300011653 ], [ 19.121386000263783, 48.068722000320179 ], [ 19.12161900021681, 48.069254999718567 ], [ 19.121802000562013, 48.069671000016797 ], [ 19.122001999892518, 48.069905000015865 ], [ 19.122369000629021, 48.070170999692039 ], [ 19.122885000142674, 48.070521001443183 ], [ 19.123622811143946, 48.071005702751052 ], [ 19.126779439619554, 48.073079439564651 ], [ 19.126966000380719, 48.073202000072342 ], [ 19.127432000286774, 48.073451999910048 ], [ 19.127882000354191, 48.073619000416613 ], [ 19.128332000421608, 48.073669000024438 ], [ 19.128765000604346, 48.073701999747584 ], [ 19.130548028868589, 48.073737993313785 ], [ 19.134120204383976, 48.073810101854747 ], [ 19.134560999890368, 48.073818999747118 ], [ 19.136993001425992, 48.073735000370107 ], [ 19.137218593663135, 48.073681407071376 ], [ 19.140928734173883, 48.072800000419761 ], [ 19.142040000345787, 48.072535999936576 ], [ 19.142473001427845, 48.072319999868228 ], [ 19.143056000434115, 48.072020000422867 ], [ 19.143406000386676, 48.071820000192986 ], [ 19.143639000339704, 48.071604000124694 ], [ 19.143789000062384, 48.071286999895221 ], [ 19.143899999785219, 48.070952663434639 ], [ 19.143955001422228, 48.07078700021998 ], [ 19.144187999576673, 48.070088000361068 ], [ 19.14445500019815, 48.069421000179034 ], [ 19.14456053564038, 48.069219731905207 ], [ 19.144638001442672, 48.06907200027274 ], [ 19.144971000611349, 48.06885500015818 ], [ 19.149835000085318, 48.066923000096551 ], [ 19.156813999966232, 48.065174000379955 ], [ 19.157364000148561, 48.065058000426461 ], [ 19.157946000008053, 48.064974000150016 ], [ 19.158929000373234, 48.064924001441568 ], [ 19.159496000440242, 48.064991000034752 ], [ 19.160061999561776, 48.065058000426461 ], [ 19.161994001422102, 48.065407000332925 ], [ 19.16261000015146, 48.065557000055662 ], [ 19.163260000448815, 48.065624000447372 ], [ 19.163942999569883, 48.065674000055196 ], [ 19.164575999982503, 48.065674000055196 ], [ 19.165192001409764, 48.06564100033205 ], [ 19.165957999861803, 48.065507000447781 ], [ 19.169213365804353, 48.064624422878921 ], [ 19.172623076993432, 48.06369999985526 ], [ 19.173512000178846, 48.063459000432715 ], [ 19.178251590138814, 48.062180256213935 ], [ 19.178575000735748, 48.062093000391826 ], [ 19.181969223800706, 48.061317947565271 ], [ 19.182222999891678, 48.061259999749325 ], [ 19.187650885979622, 48.060583037777121 ], [ 19.188902000327232, 48.060427000006143 ], [ 19.18955200062436, 48.060394000283054 ], [ 19.189957999562125, 48.060394000283054 ], [ 19.190151000368417, 48.060394000283054 ], [ 19.190180533205194, 48.060399999660376 ], [ 19.190999999950179, 48.060566485754805 ], [ 19.195398000417413, 48.061459999979206 ], [ 19.196320570837827, 48.061700000254859 ], [ 19.197593176284101, 48.062031058686557 ], [ 19.199045999573343, 48.062409000574974 ], [ 19.203027872038717, 48.063339343835707 ], [ 19.203325999994945, 48.063408999925514 ], [ 19.211238000633273, 48.064425000013841 ], [ 19.211705000585425, 48.064425000013841 ], [ 19.212170999592047, 48.064408000129163 ], [ 19.212240279765126, 48.064399999760269 ], [ 19.212604000674162, 48.064358001420658 ], [ 19.214309833831919, 48.063945083998476 ], [ 19.219453492784567, 48.062700001404096 ], [ 19.221548000340022, 48.062193001406058 ], [ 19.222098001421671, 48.061976000392235 ], [ 19.222614000036174, 48.061676000047498 ], [ 19.223080999988326, 48.061277001432586 ], [ 19.223564000678266, 48.06079399984327 ], [ 19.22406300030724, 48.060244000560147 ], [ 19.224480000651567, 48.059777999754942 ], [ 19.225229000118247, 48.05871200005879 ], [ 19.225846000692457, 48.057979000430691 ], [ 19.226379000090844, 48.057412000363684 ], [ 19.227028000342102, 48.056945999558252 ], [ 19.227578001423751, 48.056662999997627 ], [ 19.228077000153519, 48.05651300027472 ], [ 19.238471000136542, 48.053730999686081 ], [ 19.238887000434772, 48.053648000355111 ], [ 19.239220001402032, 48.053614999732645 ], [ 19.239920000407778, 48.053597999847909 ], [ 19.240241096149816, 48.053607362689775 ], [ 19.240447056186724, 48.053613369261768 ], [ 19.240503000313197, 48.053614999732645 ], [ 19.241352999941057, 48.053681000078257 ], [ 19.241445022170183, 48.05370000005513 ], [ 19.242002000192258, 48.053814999962356 ], [ 19.242435000374996, 48.053964999685036 ], [ 19.242717999935849, 48.054114000260995 ], [ 19.24310200055703, 48.054380999983209 ], [ 19.245036405405756, 48.055804606997185 ], [ 19.246577446791832, 48.056938723143617 ], [ 19.24783200014673, 48.057862000431101 ], [ 19.248197999937929, 48.058144999991782 ], [ 19.248300000144923, 48.058256772232312 ], [ 19.248365000444494, 48.058328000336985 ], [ 19.248385337713273, 48.058385338412791 ], [ 19.248448000674841, 48.05856200033611 ], [ 19.248481000397931, 48.058811000127719 ], [ 19.248481000397931, 48.05922799957267 ], [ 19.24839800016764, 48.060727000350937 ], [ 19.248365000444494, 48.061743000439265 ], [ 19.24846500055952, 48.062359000067772 ], [ 19.24854799989032, 48.062792000250681 ], [ 19.248698001411753, 48.063058999972952 ], [ 19.248860750823042, 48.063321500387076 ], [ 19.248915000626937, 48.063408999925514 ], [ 19.250191502835776, 48.065091502870644 ], [ 19.253283397211135, 48.069166793313002 ], [ 19.253335601057188, 48.069235601341973 ], [ 19.253430036167401, 48.069360072009886 ], [ 19.253628000332128, 48.069621000408972 ], [ 19.254027999892344, 48.07000400008468 ], [ 19.254994000372847, 48.07078700021998 ], [ 19.255577000278436, 48.071120000287863 ], [ 19.256460001427968, 48.07157000035528 ], [ 19.256959000157792, 48.071803000308307 ], [ 19.258109000130389, 48.072253000375724 ], [ 19.259390999894833, 48.072753000050966 ], [ 19.260406999983161, 48.073069000234341 ], [ 19.260987940441225, 48.073199999980147 ], [ 19.261132626069866, 48.07323262558532 ], [ 19.264987999896448, 48.074102000207176 ], [ 19.265697601862939, 48.074241467070124 ], [ 19.266087000214952, 48.074318000275525 ], [ 19.266886000188833, 48.074352000044883 ], [ 19.267403000648017, 48.07436799988335 ], [ 19.267936000046404, 48.07436799988335 ], [ 19.268536000735878, 48.074285000552379 ], [ 19.269166860762141, 48.074161877968436 ], [ 19.271266999872239, 48.073752000254785 ], [ 19.272632999913128, 48.073451999910048 ], [ 19.273416000048428, 48.073368999679701 ], [ 19.274199000183728, 48.073385999564209 ], [ 19.274648000205104, 48.073419000186902 ], [ 19.275814000016112, 48.073552000024904 ], [ 19.276497000036557, 48.073719001430845 ], [ 19.277147000333855, 48.073918999861974 ], [ 19.278030000584238, 48.07421800016067 ], [ 19.278795999935426, 48.074601999882475 ], [ 19.279294999564627, 48.075018000180648 ], [ 19.279679000185808, 48.075500999971212 ], [ 19.280026152884716, 48.076126152899747 ], [ 19.28016230214871, 48.076371329673236 ], [ 19.2806780003894, 48.077300000194839 ], [ 19.2810440001806, 48.077966000330775 ], [ 19.281561000639783, 48.078916000073491 ], [ 19.282376999599023, 48.080297999952791 ], [ 19.282810000681081, 48.080880999858437 ], [ 19.283925999984945, 48.081829999554998 ], [ 19.284592000120824, 48.0821469997843 ], [ 19.286224999883984, 48.082913000035091 ], [ 19.286991000134606, 48.083246000102918 ], [ 19.2879400007306, 48.083612999940044 ], [ 19.292967873768475, 48.085471013676511 ], [ 19.300515000566861, 48.088260000198943 ], [ 19.301047999965249, 48.088425999760261 ], [ 19.301682000424137, 48.088542999759795 ], [ 19.302014999592643, 48.088576000382147 ], [ 19.302514000121164, 48.088593000266826 ], [ 19.302618500443543, 48.088593000266826 ], [ 19.303230999910852, 48.088593000266826 ], [ 19.304146000737433, 48.088593000266826 ], [ 19.304945999858035, 48.088560001443057 ], [ 19.306395883263576, 48.088413015348465 ], [ 19.3067609999203, 48.088376000152437 ], [ 19.30739400033292, 48.088292999922089 ], [ 19.307636626629062, 48.088225134382583 ], [ 19.308227000076045, 48.088059999969062 ], [ 19.308794000143052, 48.087877001422612 ], [ 19.310075999907554, 48.087527000570674 ], [ 19.311424705086154, 48.08736823605534 ], [ 19.311775000016326, 48.087327000340963 ], [ 19.312156272993775, 48.087299999995196 ], [ 19.312240999922324, 48.08729399971844 ], [ 19.313007000172945, 48.087244000110616 ], [ 19.314324000652277, 48.087259999949026 ], [ 19.31459352387202, 48.087299999995196 ], [ 19.314890000673017, 48.087344000225471 ], [ 19.315555999909577, 48.087444000340497 ], [ 19.316121999930488, 48.087577000178499 ], [ 19.318053999992287, 48.088059999969062 ], [ 19.320955688654237, 48.088841606155256 ], [ 19.321268999864628, 48.088926000334709 ], [ 19.322702000297113, 48.089359001416824 ], [ 19.323301000041283, 48.089541999963444 ], [ 19.323746435149985, 48.089720173647208 ], [ 19.324050999554117, 48.089842000308181 ], [ 19.325665201687855, 48.09028260066151 ], [ 19.325728945634467, 48.090299999845115 ], [ 19.326066000745413, 48.090391999591247 ], [ 19.326515999913511, 48.090442000098278 ], [ 19.328748000320047, 48.090591999820958 ], [ 19.329314000340901, 48.090591999820958 ], [ 19.32982999985478, 48.090508000443947 ], [ 19.333361999956423, 48.089875000031327 ], [ 19.342789000312223, 48.089609000355154 ], [ 19.343076583717504, 48.089594795563471 ], [ 19.348519000151839, 48.089325999895095 ], [ 19.349884000146631, 48.088943000219388 ], [ 19.350434000328903, 48.088809000335118 ], [ 19.350573000443603, 48.088809000335118 ], [ 19.350867001411018, 48.088809000335118 ], [ 19.351350000302375, 48.088809000335118 ], [ 19.352432999883092, 48.088875999827678 ], [ 19.353199000133884, 48.089009000565056 ], [ 19.353699000708502, 48.08912600056459 ], [ 19.354099000268718, 48.08922599978024 ], [ 19.354382000728776, 48.089376000402126 ], [ 19.35473100063524, 48.089575999732631 ], [ 19.354980999573627, 48.089825000423446 ], [ 19.355081000587802, 48.090109000030395 ], [ 19.35516499996487, 48.090442000098278 ], [ 19.355248000195218, 48.090725000558507 ], [ 19.35546400026351, 48.090940999727479 ], [ 19.355764000608303, 48.090924999889012 ], [ 19.358936824974535, 48.090399999960141 ], [ 19.359012526307197, 48.090387474202657 ], [ 19.3595411738861, 48.090299999845115 ], [ 19.359795000339091, 48.090257999707035 ], [ 19.360504605902918, 48.089995394072332 ], [ 19.364159000137931, 48.088642999874651 ], [ 19.364222557025528, 48.088599999690246 ], [ 19.366991000334451, 48.086727000550638 ], [ 19.367007000173032, 48.086593999813317 ], [ 19.367140000011034, 48.086460999975316 ], [ 19.367523000586118, 48.08636099986029 ], [ 19.368367314699867, 48.086232684590755 ], [ 19.368839000119806, 48.086161001429105 ], [ 19.369289000187223, 48.086143999745843 ], [ 19.369805000600479, 48.086143999745843 ], [ 19.370138000668362, 48.08621100013761 ], [ 19.370538000228578, 48.086311000252635 ], [ 19.371807601939452, 48.086707602174215 ], [ 19.372670001419465, 48.086977000388401 ], [ 19.373038263005469, 48.087099999765258 ], [ 19.373170000195387, 48.08714399999576 ], [ 19.373403000148357, 48.087276999833762 ], [ 19.373423295149109, 48.087400000110051 ], [ 19.373435999871674, 48.087477000063643 ], [ 19.37319999978024, 48.087757805278613 ], [ 19.37290400141859, 48.088109999576886 ], [ 19.372973122411793, 48.088199999230653 ], [ 19.374118999891948, 48.089691999686124 ], [ 19.375016721144846, 48.090000000399755 ], [ 19.378150001421488, 48.091075001410275 ], [ 19.378321815999186, 48.09112181741807 ], [ 19.378517000359409, 48.091174999726547 ], [ 19.378966000380785, 48.091273999795362 ], [ 19.379162244142435, 48.091309439379245 ], [ 19.38118100000321, 48.091674000254955 ], [ 19.381268120027869, 48.091684060071373 ], [ 19.381406159666597, 48.091699999655418 ], [ 19.381528179681823, 48.091714090233211 ], [ 19.381614000185948, 48.091723999862779 ], [ 19.382399999560334, 48.091730408431715 ], [ 19.38469651733044, 48.091749128719471 ], [ 19.385662000700847, 48.091756999585925 ], [ 19.386078000099701, 48.091740999747458 ], [ 19.386512000328707, 48.091708000024312 ], [ 19.387142079743285, 48.091400000209887 ], [ 19.387551222710783, 48.091199999980176 ], [ 19.387944000715208, 48.091008000119189 ], [ 19.388194000552744, 48.090858000396508 ], [ 19.388159999884181, 48.09057499993645 ], [ 19.388125169141233, 48.090512584288319 ], [ 19.388011000207598, 48.090308000214009 ], [ 19.388000656205463, 48.090301311056692 ], [ 19.387998628234243, 48.090299999845115 ], [ 19.387899999585386, 48.09023622262356 ], [ 19.387728000646746, 48.090124999869033 ], [ 19.387733195131034, 48.090099999615404 ], [ 19.387894000208007, 48.089325999895095 ], [ 19.387937796292306, 48.089299999595426 ], [ 19.389400000409694, 48.088431937084295 ], [ 19.389409999971633, 48.088425999760261 ], [ 19.389883096427866, 48.08820000013003 ], [ 19.391586349430668, 48.08738634930063 ], [ 19.391675000101259, 48.087344000225471 ], [ 19.3926349427486, 48.086900000434753 ], [ 19.396356945316825, 48.085178472308826 ], [ 19.396959011749061, 48.084899999935146 ], [ 19.398987000050113, 48.083961999846508 ], [ 19.399600000439762, 48.084070880766603 ], [ 19.401199999580399, 48.084355072828487 ], [ 19.404617000674193, 48.084962000096255 ], [ 19.405144577160684, 48.085200000279883 ], [ 19.405245552140514, 48.085245551840842 ], [ 19.405466000255785, 48.085344999771962 ], [ 19.406349001405317, 48.085910999792873 ], [ 19.406799000573528, 48.086311000252635 ], [ 19.40708200013438, 48.086661000205027 ], [ 19.407465000709294, 48.087227000225937 ], [ 19.407615000431974, 48.087509999786789 ], [ 19.407797999877971, 48.087827000016205 ], [ 19.408064999600242, 48.088109999576886 ], [ 19.408348000060244, 48.08834300042929 ], [ 19.408664000243448, 48.088560001443057 ], [ 19.409064000703211, 48.088675999597797 ], [ 19.409364000148571, 48.088693000381852 ], [ 19.409997666958816, 48.088702332646619 ], [ 19.412992898603363, 48.088746448889538 ], [ 19.413844999946832, 48.088758999828144 ], [ 19.414094000637647, 48.088758999828144 ], [ 19.414293999968152, 48.088642999874651 ], [ 19.415000567622144, 48.088599716403962 ], [ 19.418028458146978, 48.088414229433113 ], [ 19.418375000206197, 48.088393000037115 ], [ 19.419431712603568, 48.088634143351157 ], [ 19.421896643715229, 48.089196644110018 ], [ 19.422389000052476, 48.089309000010417 ], [ 19.423144811883731, 48.089555187621841 ], [ 19.426070000730078, 48.090508000443947 ], [ 19.426187893756435, 48.090575787742523 ], [ 19.431517000109636, 48.093640000085941 ], [ 19.432666000035908, 48.094323000106385 ], [ 19.433765000354583, 48.095021999965468 ], [ 19.43558099956357, 48.096770999682064 ], [ 19.435747000024207, 48.097054000142123 ], [ 19.435814000415917, 48.097371000371368 ], [ 19.435809510100967, 48.097409509341446 ], [ 19.435781000692657, 48.09765399993222 ], [ 19.435958614098922, 48.097782773856011 ], [ 19.437963000592163, 48.099236000041458 ], [ 19.438924208585547, 48.099499999625436 ], [ 19.44086742409246, 48.100033712186189 ], [ 19.441359999864233, 48.100168999899438 ], [ 19.446839999866143, 48.100068999784583 ], [ 19.447908573421955, 48.100200000429766 ], [ 19.449853973382233, 48.1004384934418 ], [ 19.450371999967956, 48.100501999967321 ], [ 19.452054000191993, 48.10093500015023 ], [ 19.452604000374492, 48.101035000265085 ], [ 19.453603000578084, 48.101152000264676 ], [ 19.45428353465752, 48.100467070299089 ], [ 19.456043542075861, 48.098695694550827 ], [ 19.45623500144427, 48.098503000413189 ], [ 19.456368000383065, 48.098253000575653 ], [ 19.456368000383065, 48.098003999884838 ], [ 19.456317999875864, 48.097553999817364 ], [ 19.456185000037863, 48.097186999980124 ], [ 19.455885000592275, 48.096853999912241 ], [ 19.455502000017418, 48.096620999959214 ], [ 19.455350571271936, 48.096583142997758 ], [ 19.455101999557598, 48.096520999844358 ], [ 19.454669000274237, 48.096588000236068 ], [ 19.454619375683762, 48.096599999890145 ], [ 19.454119000091964, 48.09672100007424 ], [ 19.453802999908646, 48.096921000303951 ], [ 19.453403000348374, 48.097121001433209 ], [ 19.453221464099443, 48.097178537359639 ], [ 19.453153740652681, 48.097200000579619 ], [ 19.453075064362849, 48.097224936082 ], [ 19.453037000557231, 48.097236999587949 ], [ 19.452687000604612, 48.097271000256512 ], [ 19.452460966800345, 48.097260967419743 ], [ 19.452304000029756, 48.097254000372004 ], [ 19.451871000746166, 48.097186999980124 ], [ 19.45153800067834, 48.097021000418977 ], [ 19.45135400028704, 48.096853999912241 ], [ 19.451154000057159, 48.096670999567039 ], [ 19.451088000610866, 48.096271000006823 ], [ 19.451038000103665, 48.09478900001244 ], [ 19.451038000103665, 48.094388999552848 ], [ 19.451488000171139, 48.091823999977805 ], [ 19.451604000124576, 48.091674000254955 ], [ 19.455750504282378, 48.088150504142618 ], [ 19.456280663621726, 48.087699999555412 ], [ 19.460699999605481, 48.083944663615398 ], [ 19.461248000594765, 48.083479000055945 ], [ 19.461663999993789, 48.083230000264336 ], [ 19.46198153981635, 48.08313787011673 ], [ 19.462180999553595, 48.083080001441033 ], [ 19.462680000082116, 48.083080001441033 ], [ 19.463407051594288, 48.083203526921352 ], [ 19.46757700017838, 48.083912000238684 ], [ 19.467944000015677, 48.083996001414505 ], [ 19.468310000706083, 48.084146000237808 ], [ 19.468742999989615, 48.084379000190836 ], [ 19.46906000021886, 48.084679001434949 ], [ 19.469276000287209, 48.084994999819571 ], [ 19.46942600001006, 48.085378000394428 ], [ 19.469360000563597, 48.085728000347046 ], [ 19.469160000333886, 48.086027999792407 ], [ 19.468863814013787, 48.086272374370765 ], [ 19.468777000658179, 48.086343999975782 ], [ 19.468427000705617, 48.086644000320518 ], [ 19.467959999854088, 48.087176999718906 ], [ 19.467858792849199, 48.087294139113283 ], [ 19.467744000685173, 48.087426999556442 ], [ 19.467543999556085, 48.087710000016671 ], [ 19.467377999994767, 48.088010000361407 ], [ 19.467294000617756, 48.088260000198943 ], [ 19.467294000617756, 48.088542999759795 ], [ 19.467661697429378, 48.089961697374463 ], [ 19.467894000407853, 48.090858000396508 ], [ 19.467899999785175, 48.090871534293854 ], [ 19.468027000246025, 48.091157999841869 ], [ 19.468260000198882, 48.091524001431594 ], [ 19.468893000611672, 48.092257000160544 ], [ 19.469360000563597, 48.092674001404191 ], [ 19.469383462077246, 48.09269173063899 ], [ 19.469417314357656, 48.092717313653282 ], [ 19.469863477017896, 48.093054491971259 ], [ 19.470413379174261, 48.093470068688816 ], [ 19.470585307066244, 48.093600000039999 ], [ 19.470645457322064, 48.093645457172101 ], [ 19.471541999563783, 48.094323000106385 ], [ 19.472008000368987, 48.094522000290226 ], [ 19.472508000044229, 48.094688999897585 ], [ 19.472613130791387, 48.094700000404771 ], [ 19.474257000660032, 48.094872000242788 ], [ 19.474517089092444, 48.094879272160767 ], [ 19.475258413744939, 48.094899999735276 ], [ 19.475473000078921, 48.094906000012031 ], [ 19.475687411944591, 48.094899999735276 ], [ 19.476688000351032, 48.094872000242788 ], [ 19.477320999864276, 48.094839001418848 ], [ 19.477728747983463, 48.094867812999325 ], [ 19.477788000715805, 48.094872000242788 ], [ 19.478237000737124, 48.094921999850442 ], [ 19.478654000182075, 48.095006000126887 ], [ 19.479069999580872, 48.095122000080323 ], [ 19.4794869999252, 48.095371999918029 ], [ 19.48162102009411, 48.096721019859331 ], [ 19.485226146769378, 48.098999999950195 ], [ 19.486865000219609, 48.100036000061493 ], [ 19.487148000679838, 48.100285999899029 ], [ 19.487298000402518, 48.100618999966912 ], [ 19.487298000402518, 48.100918000265551 ], [ 19.487237282674641, 48.101062717370496 ], [ 19.487165000564403, 48.101234999595647 ], [ 19.486898999989023, 48.101550999778965 ], [ 19.48656599992114, 48.101918001414617 ], [ 19.486182000199165, 48.102318000075684 ], [ 19.485465999556425, 48.103033999819274 ], [ 19.484767000596719, 48.103533000347795 ], [ 19.484450000367247, 48.103716999839719 ], [ 19.484333000367712, 48.103833999839253 ], [ 19.484200001429087, 48.103967000576802 ], [ 19.484017000184565, 48.104233000252748 ], [ 19.483983999562042, 48.1045159998136 ], [ 19.483983999562042, 48.104748999766628 ], [ 19.484049999907654, 48.105016000388275 ], [ 19.484200001429087, 48.105249000341075 ], [ 19.484516999859807, 48.105499000178838 ], [ 19.489296999956707, 48.108231000260616 ], [ 19.489713000254881, 48.108447000328965 ], [ 19.49014699958434, 48.108530000559085 ], [ 19.490679999882104, 48.108629999774791 ], [ 19.491712000708446, 48.108714000051179 ], [ 19.492245000106834, 48.108746999774326 ], [ 19.492958166986, 48.111826361197757 ], [ 19.492978000634309, 48.111912000038842 ], [ 19.492726112220339, 48.113713055213395 ], [ 19.49222843009801, 48.117271570926391 ], [ 19.492179000660542, 48.11762499999395 ], [ 19.492161999876487, 48.118024000407445 ], [ 19.492245000106834, 48.118323999852805 ], [ 19.49240721172356, 48.118499999875212 ], [ 19.492445000336545, 48.118540999967195 ], [ 19.493428000701726, 48.119557000055522 ], [ 19.495269527167068, 48.122299999745337 ], [ 19.495693195984302, 48.122931064816839 ], [ 19.495910000046649, 48.123254000571762 ], [ 19.496717903308763, 48.124900000035041 ], [ 19.496793000296805, 48.125052999896184 ], [ 19.496742000642882, 48.13406399995381 ], [ 19.496692000135852, 48.134714000250938 ], [ 19.495999999700416, 48.137546754079608 ], [ 19.495982787575713, 48.137617212364489 ], [ 19.495976000392261, 48.137645001415706 ], [ 19.49589999958539, 48.137765551938742 ], [ 19.495878282756678, 48.137799999570461 ], [ 19.495860000438768, 48.137829000008423 ], [ 19.494644000120559, 48.138760999820363 ], [ 19.494636937744644, 48.138763061965847 ], [ 19.494167932304322, 48.138899999935234 ], [ 19.494071986333154, 48.138928013816951 ], [ 19.493593263718139, 48.139067789147248 ], [ 19.493161000080136, 48.139194000003272 ], [ 19.492812000173785, 48.139311000002806 ], [ 19.492645000566426, 48.139460999725486 ], [ 19.492645000566426, 48.139660999955197 ], [ 19.492745000681282, 48.139927001430124 ], [ 19.492893497636828, 48.140100000414861 ], [ 19.492945000011787, 48.140159999584398 ], [ 19.493899999985103, 48.141066423576774 ], [ 19.493928000376968, 48.141093000341755 ], [ 19.494264531183262, 48.141400000109911 ], [ 19.4956260004397, 48.14264199982847 ], [ 19.500790000258348, 48.145739999701277 ], [ 19.501590000278384, 48.14610700043778 ], [ 19.502022999561916, 48.146240000275895 ], [ 19.502622000205122, 48.146406999883311 ], [ 19.503272001401854, 48.146573000343778 ], [ 19.503871000246647, 48.146723000066459 ], [ 19.504603999874746, 48.146906000411661 ], [ 19.505520000747595, 48.14698999978873 ], [ 19.505803000308276, 48.146906000411661 ], [ 19.506020000422723, 48.146872999789196 ], [ 19.506319999868253, 48.146890000573251 ], [ 19.506652999936136, 48.146923000296397 ], [ 19.507146748423736, 48.147146748024113 ], [ 19.507264260137674, 48.147199999580494 ], [ 19.507901999977491, 48.14748900031725 ], [ 19.508319000321762, 48.147739000154786 ], [ 19.508499999675394, 48.147889832649753 ], [ 19.508619000666499, 48.147988999992549 ], [ 19.508867999558618, 48.148221999945349 ], [ 19.512733000627463, 48.15441799969102 ], [ 19.512931999911928, 48.154768001442164 ], [ 19.513066000695517, 48.155134000333931 ], [ 19.513099000418663, 48.155518000055736 ], [ 19.513066000695517, 48.155916999569911 ], [ 19.512066000445657, 48.163812000323674 ], [ 19.511966000330801, 48.164129000552919 ], [ 19.511782999985599, 48.164529000113362 ], [ 19.511600001438978, 48.164928001426233 ], [ 19.509800000269877, 48.168730305359418 ], [ 19.509557553838079, 48.169242445882333 ], [ 19.509517999855916, 48.169326000094941 ], [ 19.508952000734382, 48.170458000136705 ], [ 19.508885178408434, 48.17057035603716 ], [ 19.508635001404343, 48.170991000434299 ], [ 19.508544047569785, 48.171077975668084 ], [ 19.508269000713938, 48.171341000386917 ], [ 19.507469000693959, 48.171841000062159 ], [ 19.506753000050992, 48.174388999752694 ], [ 19.506811088161328, 48.174633323069486 ], [ 19.507516412052837, 48.177600000339908 ], [ 19.507636000301318, 48.178103000153442 ], [ 19.507985000207611, 48.178352999991148 ], [ 19.508369050291435, 48.178565474716947 ], [ 19.511270947596302, 48.180170948030877 ], [ 19.513960292833303, 48.181658825994134 ], [ 19.514248000344992, 48.181817999701025 ], [ 19.516764822338814, 48.181929646036451 ], [ 19.516863000427236, 48.181934000553724 ], [ 19.520777112573796, 48.182961443615909 ], [ 19.521162643840967, 48.183062645224936 ], [ 19.521244000110642, 48.183084001425641 ], [ 19.522059999969031, 48.183382999925584 ], [ 19.522660000658561, 48.18366700043191 ], [ 19.522899566561819, 48.183799856378414 ], [ 19.522900215872312, 48.183800216107159 ], [ 19.523109000679881, 48.183916000223348 ], [ 19.523509000240267, 48.184150000222473 ], [ 19.527777778921404, 48.189138889448259 ], [ 19.528939000634523, 48.190495999690768 ], [ 19.529322000310231, 48.190979000380707 ], [ 19.529456503814743, 48.191169511863563 ], [ 19.529639001438852, 48.191428000402027 ], [ 19.529821999985472, 48.191762001415384 ], [ 19.529821999985472, 48.19219499979954 ], [ 19.529821999985472, 48.195542000363162 ], [ 19.529738000608404, 48.195909000200288 ], [ 19.529604999870912, 48.196342000383197 ], [ 19.529371999917885, 48.196757999782051 ], [ 19.529122000080349, 48.197107999734442 ], [ 19.528850665625839, 48.197348001809019 ], [ 19.528688999897611, 48.197491000309526 ], [ 19.528256000614078, 48.197790999754886 ], [ 19.527785189335191, 48.198099999615408 ], [ 19.527772999924139, 48.198107999984302 ], [ 19.52740700013311, 48.198356999775797 ], [ 19.527057000180548, 48.198657000120534 ], [ 19.526424000667134, 48.199207000302977 ], [ 19.526181386062262, 48.199437229444698 ], [ 19.526091000599251, 48.199522999586804 ], [ 19.52577400036995, 48.199873000438743 ], [ 19.525441000301896, 48.20025600011445 ], [ 19.525420939125183, 48.200339530944689 ], [ 19.52532500034863, 48.200738999905013 ], [ 19.525257999956921, 48.201056000134429 ], [ 19.525291000579386, 48.201421999925458 ], [ 19.525708000024338, 48.202322000060292 ], [ 19.526191000714277, 48.203004000034696 ], [ 19.526574000389985, 48.203387999756501 ], [ 19.526990000687988, 48.20375400044685 ], [ 19.527373000363696, 48.20405399989221 ], [ 19.52745267220314, 48.204100000214908 ], [ 19.527806001445981, 48.204303999729973 ], [ 19.527814015304727, 48.204307007062823 ], [ 19.52832834028078, 48.204499999775294 ], [ 19.528338999944992, 48.204503999959684 ], [ 19.528436377636865, 48.204536378251362 ], [ 19.528739000404642, 48.204636999797799 ], [ 19.52938900070194, 48.204820000143002 ], [ 19.529721012414825, 48.204900000234886 ], [ 19.530006029155004, 48.204968676063629 ], [ 19.530551041697265, 48.205099999565391 ], [ 19.530771000581296, 48.205153000210885 ], [ 19.531479604300443, 48.205289802382595 ], [ 19.531532426880176, 48.205299999795329 ], [ 19.53215400140607, 48.205419999933156 ], [ 19.533553000270899, 48.205686001408026 ], [ 19.534335000360102, 48.205836000231329 ], [ 19.534885001441808, 48.20595300023092 ], [ 19.535886365963052, 48.206186367107307 ], [ 19.535944868660863, 48.20620000082954 ], [ 19.536168000352973, 48.206252001428766 ], [ 19.536400000259903, 48.206336939698133 ], [ 19.536534000144172, 48.206386000413602 ], [ 19.536950999589124, 48.206601999582745 ], [ 19.537350000002618, 48.206818999697191 ], [ 19.5377340006238, 48.207069000434103 ], [ 19.538133000137918, 48.207367999833366 ], [ 19.538450000367334, 48.207685000062781 ], [ 19.538732999928015, 48.208001000246156 ], [ 19.538933000157897, 48.208283999806838 ], [ 19.539057552664019, 48.208399999760275 ], [ 19.539136991579028, 48.208473984287082 ], [ 19.539166000110924, 48.208500999921228 ], [ 19.539449000570983, 48.20868400026643 ], [ 19.539849000131369, 48.208883999596935 ], [ 19.540315000037253, 48.209034000218992 ], [ 19.54113099989587, 48.209234000448873 ], [ 19.541400000609656, 48.209257763235314 ], [ 19.54169699991678, 48.209284000056527 ], [ 19.542181000652818, 48.209267000172019 ], [ 19.542412365638256, 48.209243818347545 ], [ 19.542680000281962, 48.209217000564195 ], [ 19.542753276142889, 48.209200000679516 ], [ 19.542840448328093, 48.209179776725421 ], [ 19.543179999957033, 48.209100999711552 ], [ 19.543580000416853, 48.208901000381047 ], [ 19.543929000323146, 48.20868400026643 ], [ 19.544163000322271, 48.208351000198547 ], [ 19.544349885738711, 48.208050114920979 ], [ 19.544400001359008, 48.207969430444962 ], [ 19.544463000667008, 48.207868000407984 ], [ 19.54471199955924, 48.207318000225712 ], [ 19.544912000688328, 48.206752000204801 ], [ 19.545112000018833, 48.206319000021892 ], [ 19.545264008827075, 48.206090661255189 ], [ 19.54534499997186, 48.205969000069331 ], [ 19.545486000178926, 48.205827999862436 ], [ 19.545528000317063, 48.205785999724299 ], [ 19.545628000431918, 48.205686001408026 ], [ 19.545791246269005, 48.205608755040146 ], [ 19.545945000661334, 48.205535999886592 ], [ 19.546079379160062, 48.20550000002504 ], [ 19.546377999944923, 48.205419999933156 ], [ 19.546761001419156, 48.205470000440357 ], [ 19.547194000702689, 48.205570000555213 ], [ 19.547610000101542, 48.205719000231795 ], [ 19.548110000676161, 48.205936000346185 ], [ 19.554242294246535, 48.208599999989985 ], [ 19.554972000557541, 48.208917000219458 ], [ 19.555822000185231, 48.209351000448464 ], [ 19.555915237398381, 48.20940772068974 ], [ 19.556204999860938, 48.209584000401492 ], [ 19.556537999928821, 48.209866999962173 ], [ 19.556599735689304, 48.209899471783274 ], [ 19.561002000741894, 48.212215000322146 ], [ 19.56553300014798, 48.214246999599425 ], [ 19.572911000442389, 48.215496999686877 ], [ 19.573844000300426, 48.2155300003094 ], [ 19.576476000267348, 48.215663000147345 ], [ 19.577142000403114, 48.215712999755226 ], [ 19.577492000355676, 48.215795999985517 ], [ 19.577774999916358, 48.215962999592932 ], [ 19.578224999983945, 48.216229000168255 ], [ 19.586403000298219, 48.221893000561579 ], [ 19.588952224865295, 48.224300000045048 ], [ 19.589701000400964, 48.225007000273024 ], [ 19.591799000023855, 48.227056000334187 ], [ 19.59192184381817, 48.227121844197882 ], [ 19.596784297357544, 48.229728099272393 ], [ 19.599661000155152, 48.231270000410348 ], [ 19.604575000136265, 48.234800999566517 ], [ 19.606124001421563, 48.237016000088374 ], [ 19.606507000198064, 48.237549000386139 ], [ 19.606807001442007, 48.237948999946582 ], [ 19.607106999988218, 48.238298999898973 ], [ 19.60739000044822, 48.23859900024371 ], [ 19.607739000354741, 48.238832000196737 ], [ 19.608072999569345, 48.23901500144126 ], [ 19.608506000651403, 48.239214999872445 ], [ 19.608906000211846, 48.239364999595125 ], [ 19.610354999583706, 48.239748000170209 ], [ 19.610838000273645, 48.239848000285065 ], [ 19.615106851799794, 48.241137900593742 ], [ 19.615312364873887, 48.241199999680305 ], [ 19.615437946204281, 48.241237945674754 ], [ 19.615643309990901, 48.24129999979516 ], [ 19.615786587281207, 48.241343294057913 ], [ 19.615974252409956, 48.241399999910243 ], [ 19.616292063827871, 48.241496032216219 ], [ 19.616516999559906, 48.241564000278515 ], [ 19.616594459067187, 48.241598152932568 ], [ 19.617084001425667, 48.241814000116051 ], [ 19.619132001440903, 48.242779999697348 ], [ 19.620215000122244, 48.243345999718258 ], [ 19.623195999995517, 48.245095000334061 ], [ 19.623579000570544, 48.245345000171596 ], [ 19.623600000639613, 48.245371014860496 ], [ 19.62372137494151, 48.245521375211354 ], [ 19.623779999947203, 48.245593999963262 ], [ 19.623799999970174, 48.245645723571386 ], [ 19.62389599990064, 48.245894000307999 ], [ 19.624079000245843, 48.246310999752893 ], [ 19.624106668787761, 48.246353334438879 ], [ 19.624200000429767, 48.246496134189215 ], [ 19.624203753300662, 48.246501877259959 ], [ 19.624362000705901, 48.246743999935632 ], [ 19.62467900003594, 48.246976999888659 ], [ 19.629226000179813, 48.249542000363078 ], [ 19.629895043621445, 48.249695044291002 ], [ 19.629916710088139, 48.249699999555503 ], [ 19.630024703377444, 48.249724703032598 ], [ 19.630026000199848, 48.249724999809075 ], [ 19.630825000173729, 48.249808000039252 ], [ 19.631341000586815, 48.249692000085759 ], [ 19.631624713309975, 48.249516858016761 ], [ 19.641351999994924, 48.243512000178782 ], [ 19.641885000292689, 48.243179000110899 ], [ 19.643248091026692, 48.24232595537859 ], [ 19.643755224124334, 48.242008582829897 ], [ 19.644332999868197, 48.241647001408069 ], [ 19.644383000375228, 48.241430000394246 ], [ 19.644467000651616, 48.240597999798013 ], [ 19.644433865130793, 48.239964538932384 ], [ 19.644432999983053, 48.239948000400091 ], [ 19.644350000652082, 48.239398000217591 ], [ 19.644500000374762, 48.239148000380055 ], [ 19.646365000044852, 48.238531999852 ], [ 19.650646001411928, 48.237683000270408 ], [ 19.651229000418141, 48.237683000270408 ], [ 19.652845000296622, 48.237883001399496 ], [ 19.653386894889422, 48.237999999600277 ], [ 19.653460999925358, 48.238016000338291 ], [ 19.654510000636151, 48.238466000405708 ], [ 19.654915756756793, 48.238714006446287 ], [ 19.655027000195957, 48.238781999689706 ], [ 19.656526000075019, 48.240014999892423 ], [ 19.656885566116159, 48.240331340019509 ], [ 19.657075000211194, 48.240497999682987 ], [ 19.657708000623813, 48.240897000096481 ], [ 19.658145141285274, 48.241103212843143 ], [ 19.658274000644724, 48.241163999818923 ], [ 19.658810364406861, 48.241327590995638 ], [ 19.658874000434821, 48.241347000163955 ], [ 19.658892038137196, 48.24134801010274 ], [ 19.660356999575924, 48.241430000394246 ], [ 19.661072163849326, 48.241413917818136 ], [ 19.664804001403695, 48.24133000027939 ], [ 19.66492226405137, 48.241324453261086 ], [ 19.665870000200471, 48.241279999772189 ], [ 19.666504140054201, 48.241198964560624 ], [ 19.667036000011478, 48.241131000095606 ], [ 19.667352000194683, 48.241046999819218 ], [ 19.667868000607712, 48.240713999751335 ], [ 19.668402000052424, 48.240347999960306 ], [ 19.668901000580775, 48.239998000007745 ], [ 19.669739861205812, 48.239316464983062 ], [ 19.669972731656401, 48.239127268308891 ], [ 19.670233999999141, 48.238915000427028 ], [ 19.670315502858216, 48.238784497106906 ], [ 19.670733001426925, 48.23811599955377 ], [ 19.670967001425993, 48.237583000155382 ], [ 19.670832491626243, 48.236098736567612 ], [ 19.670674070651955, 48.234350619085888 ], [ 19.670650000297371, 48.234084999822983 ], [ 19.67450382189395, 48.222507644911957 ], [ 19.674531000305478, 48.222425999959967 ], [ 19.676690905660848, 48.218579799218446 ], [ 19.679844000700143, 48.212964999834981 ], [ 19.68032699959133, 48.212631999767098 ], [ 19.680434420012546, 48.212565580337298 ], [ 19.680624125702991, 48.212448280863555 ], [ 19.683209000295221, 48.210850000327355 ], [ 19.689000000249962, 48.207644383081913 ], [ 19.689351557828218, 48.207449777885074 ], [ 19.691304000379489, 48.2063690014283 ], [ 19.691499431154, 48.206299241916554 ], [ 19.696484000036605, 48.204519999798265 ], [ 19.696538392832679, 48.204499999775294 ], [ 19.697834761964884, 48.204023333010582 ], [ 19.699236439909782, 48.203507945035767 ], [ 19.702779999897132, 48.202205000060758 ], [ 19.705279000025882, 48.201105999742083 ], [ 19.705945000161819, 48.200988999742719 ], [ 19.706744000135586, 48.200871999743185 ], [ 19.707760000223914, 48.200971999858041 ], [ 19.708293001421055, 48.201105999742083 ], [ 19.70880900003533, 48.201572001446891 ], [ 19.709263823167021, 48.201931911029021 ], [ 19.709292999872162, 48.201955000223222 ], [ 19.709842000008393, 48.202288000291105 ], [ 19.709912032014699, 48.202306016409636 ], [ 19.710358999568143, 48.202421000129107 ], [ 19.710669278264618, 48.202407681169632 ], [ 19.713354471331968, 48.202292412365011 ], [ 19.714622000105294, 48.202237999783904 ], [ 19.717587000140099, 48.201904999716021 ], [ 19.718154000207107, 48.201788999762528 ], [ 19.720102000107318, 48.201554999763459 ], [ 19.720785000127762, 48.201589000432193 ], [ 19.720810887112748, 48.201596371275684 ], [ 19.7211658099543, 48.201697429892647 ], [ 19.721368000033351, 48.201754999993341 ], [ 19.724116999999694, 48.203137999918738 ], [ 19.724509217726279, 48.203490956842359 ], [ 19.725116000203343, 48.204037000007702 ], [ 19.725544963329526, 48.204462407214407 ], [ 19.726292502297269, 48.205203748954034 ], [ 19.726581420296498, 48.205490272058512 ], [ 19.728921083941032, 48.207810541823108 ], [ 19.729097000326476, 48.207985000407575 ], [ 19.729715325601887, 48.208830650913967 ], [ 19.729913000184922, 48.209100999711552 ], [ 19.730046000022924, 48.209367000286875 ], [ 19.731729000293228, 48.211931999861918 ], [ 19.733870471345313, 48.214380314200241 ], [ 19.734059999869203, 48.214596999552043 ], [ 19.734460000328795, 48.214964000288489 ], [ 19.734943000119529, 48.215313000194953 ], [ 19.735168586061434, 48.215379057197879 ], [ 19.735626000139973, 48.215513000424664 ], [ 19.736348317620809, 48.215700000055051 ], [ 19.736526000274864, 48.215746000377692 ], [ 19.738283196412397, 48.216009484650158 ], [ 19.739306999918199, 48.216162999822643 ], [ 19.739973000053965, 48.216213000329844 ], [ 19.740204681600801, 48.216223829965884 ], [ 19.740362403801953, 48.216231201708752 ], [ 19.740687592358597, 48.21624640204999 ], [ 19.743616560156113, 48.216383312140181 ], [ 19.743888000730692, 48.216395999775671 ], [ 19.745087000265016, 48.216429000398136 ], [ 19.745686000009016, 48.216429000398136 ], [ 19.746303000583055, 48.216363000052525 ], [ 19.747135000280082, 48.216145999938135 ], [ 19.74755200062441, 48.215863000377283 ], [ 19.747830956833297, 48.215769042807153 ], [ 19.748234675989693, 48.215633065313739 ], [ 19.749084000226617, 48.215346999964197 ], [ 19.752682000673872, 48.214164000268454 ], [ 19.753082000234258, 48.2141969999916 ], [ 19.753099149406296, 48.214200000130063 ], [ 19.753464999909966, 48.214264000383309 ], [ 19.754212429160361, 48.21440414263725 ], [ 19.754264999929831, 48.214414000106046 ], [ 19.755132859194248, 48.214522381003178 ], [ 19.755329999579885, 48.214546999944162 ], [ 19.759103715863887, 48.214075928761247 ], [ 19.759728000047346, 48.213997999807987 ], [ 19.760677000643113, 48.213680999578571 ], [ 19.761160000433847, 48.213381000133154 ], [ 19.761976000292293, 48.212665000389563 ], [ 19.762358999968001, 48.212198999584189 ], [ 19.763091999596099, 48.211248999841644 ], [ 19.763225000333648, 48.210816000558111 ], [ 19.763214060980204, 48.210370301947989 ], [ 19.763194000702697, 48.209552999871164 ], [ 19.763134830707941, 48.209030338179616 ], [ 19.763128000357085, 48.208969999965575 ], [ 19.763227999572564, 48.208652999736273 ], [ 19.763494000148057, 48.208186999830275 ], [ 19.763673930207744, 48.208039106319859 ], [ 19.764531405000412, 48.207334297739806 ], [ 19.765925999885155, 48.206188000276086 ], [ 19.766792000250803, 48.205605000370497 ], [ 19.767492000155755, 48.205289000187349 ], [ 19.768075000061344, 48.205072000072903 ], [ 19.773638000293545, 48.203573000193842 ], [ 19.774147809773694, 48.203426095038424 ], [ 19.777014639813899, 48.202600001189296 ], [ 19.778552000274715, 48.202157001444505 ], [ 19.780484000336514, 48.201374000409828 ], [ 19.781050000357197, 48.201140999557595 ], [ 19.781445604930866, 48.200805859103184 ], [ 19.782589432856184, 48.199836855786316 ], [ 19.783963669787568, 48.198672659116028 ], [ 19.785414000156095, 48.197443999940731 ], [ 19.786347000014075, 48.196643999920752 ], [ 19.786512999575393, 48.196426999806306 ], [ 19.786546000197859, 48.195944000015572 ], [ 19.786512999575393, 48.1955780002246 ], [ 19.786496690370029, 48.195414897379749 ], [ 19.786492000405474, 48.195368000433007 ], [ 19.786462999967512, 48.195078001448678 ], [ 19.786347000014075, 48.194512001427768 ], [ 19.786280001421062, 48.194112000068799 ], [ 19.786413000359687, 48.193462999817768 ], [ 19.786672363938521, 48.193059545062113 ], [ 19.786863000427161, 48.192762999912645 ], [ 19.787195999595838, 48.192446999729441 ], [ 19.78752900056304, 48.192263000237347 ], [ 19.787796000285311, 48.192230001413577 ], [ 19.792143000199474, 48.193513000324799 ], [ 19.793383121234115, 48.193800000069984 ], [ 19.796507928098436, 48.194523171007518 ], [ 19.79770409926482, 48.194800000319901 ], [ 19.797972000107848, 48.194861999581804 ], [ 19.798228478661429, 48.194800000319901 ], [ 19.798455999944451, 48.194744999582099 ], [ 19.798839001418912, 48.194594999859362 ], [ 19.799092123702565, 48.194473229855703 ], [ 19.799288001440289, 48.19437899979107 ], [ 19.800954000027161, 48.193229999864741 ], [ 19.801123026706421, 48.193064353736986 ], [ 19.801804000554228, 48.192397000121616 ], [ 19.802042803832308, 48.192014772064226 ], [ 19.802137000622054, 48.191863999823852 ], [ 19.805718000285651, 48.185916999869676 ], [ 19.805884000746119, 48.185284000356432 ], [ 19.805918001414739, 48.184584999598144 ], [ 19.805835000285185, 48.184169000199347 ], [ 19.805718000285651, 48.183751999855019 ], [ 19.805435000724799, 48.183418999787136 ], [ 19.805084999873031, 48.183136000226284 ], [ 19.80328600144793, 48.181853000415742 ], [ 19.800054999938425, 48.179637999893885 ], [ 19.797606000316819, 48.178288999737674 ], [ 19.794758323138126, 48.176715268894611 ], [ 19.793312054108071, 48.175916007218063 ], [ 19.792543000659066, 48.175491000209604 ], [ 19.79102699999612, 48.174441000351862 ], [ 19.789411000117639, 48.17329200042559 ], [ 19.789146868333489, 48.171706267230491 ], [ 19.789128000556786, 48.171593000316818 ], [ 19.789295000164202, 48.171076999903732 ], [ 19.789378000394549, 48.170376999998552 ], [ 19.789402732650046, 48.170108198934315 ], [ 19.789407785041305, 48.170053290826729 ], [ 19.789499999725365, 48.169051071949468 ], [ 19.789531031731826, 48.168713808195832 ], [ 19.789545000001908, 48.168561999936514 ], [ 19.789545000001908, 48.168231249972393 ], [ 19.789545000001908, 48.168011999754071 ], [ 19.789311000002783, 48.16772900019339 ], [ 19.786995414806711, 48.166997248824032 ], [ 19.786462999967512, 48.166829000058499 ], [ 19.784007838191258, 48.165778648565777 ], [ 19.782882000304141, 48.165296999556915 ], [ 19.782566000120994, 48.165030999880798 ], [ 19.782673936752872, 48.164726063157445 ], [ 19.78274899956682, 48.164514000320992 ], [ 19.786399999760363, 48.160863000127449 ], [ 19.787096000380131, 48.16016700040683 ], [ 19.787240602372037, 48.160035639133525 ], [ 19.791868481245388, 48.155831519009496 ], [ 19.793152803059456, 48.154664797942189 ], [ 19.794008999915434, 48.153887000384771 ], [ 19.794491000559276, 48.153554000316888 ], [ 19.794991000234575, 48.153270999856886 ], [ 19.805884000746119, 48.154220999599545 ], [ 19.805946466756097, 48.154313957123577 ], [ 19.806508355076687, 48.155150121580846 ], [ 19.808033000022988, 48.157418999587208 ], [ 19.808216000368134, 48.15916700015697 ], [ 19.808216337613942, 48.159174506798138 ], [ 19.808231269957275, 48.159506189359206 ], [ 19.80824900009145, 48.159899999785239 ], [ 19.808183000645045, 48.160417000244365 ], [ 19.810738163435531, 48.163300000094978 ], [ 19.813775789121451, 48.166727364076735 ], [ 19.813896000600096, 48.166862999827742 ], [ 19.814346000667513, 48.167146000287801 ], [ 19.81461247698428, 48.167228119182369 ], [ 19.814995000019394, 48.167346001416831 ], [ 19.815160896158488, 48.167386966435458 ], [ 19.815213682765432, 48.167400001209216 ], [ 19.815299999695355, 48.167421316040929 ], [ 19.81804844837734, 48.16810000021502 ], [ 19.818247337944399, 48.16814911309126 ], [ 19.818858381409314, 48.168300000444731 ], [ 19.819138186578186, 48.168369093558908 ], [ 19.81926334612649, 48.16839999966038 ], [ 19.820374341602758, 48.16867434234706 ], [ 19.820458000136739, 48.168694999774516 ], [ 19.820498850042043, 48.168700000005117 ], [ 19.820500372594267, 48.168700186164642 ], [ 19.821275000041226, 48.168794999889371 ], [ 19.821891000569337, 48.168761000120128 ], [ 19.823790000008671, 48.168428000052245 ], [ 19.826571000551382, 48.167929000423101 ], [ 19.826702913109045, 48.167898676183086 ], [ 19.828819999943107, 48.167411999963917 ], [ 19.828872079682696, 48.16740000030984 ], [ 19.829037000057667, 48.167362000356093 ], [ 19.829453000355727, 48.167246000402656 ], [ 19.829753000700464, 48.166946000057862 ], [ 19.830085999869141, 48.16658000026689 ], [ 19.83038500016778, 48.166213000429764 ], [ 19.830458481074118, 48.166107595389349 ], [ 19.830651999890051, 48.165829999854679 ], [ 19.830919001410848, 48.16509700022641 ], [ 19.831002000741819, 48.164747000274019 ], [ 19.830819000396616, 48.164614000435847 ], [ 19.830369000329199, 48.164514000320992 ], [ 19.829836000031435, 48.164431000090644 ], [ 19.828270000660154, 48.164013999746373 ], [ 19.827671000016778, 48.163798000577401 ], [ 19.827585003245474, 48.163681499701624 ], [ 19.827437000017653, 48.163481000347986 ], [ 19.832834000688763, 48.162398999913989 ], [ 19.840063000407213, 48.161999000353774 ], [ 19.840796000035482, 48.162065999846163 ], [ 19.843911000692231, 48.162382000029311 ], [ 19.84502599995011, 48.162499000028845 ], [ 19.845276000687022, 48.162682000374048 ], [ 19.845281110634858, 48.162700000304824 ], [ 19.845300000894326, 48.162766539344375 ], [ 19.845387663210147, 48.163075325166176 ], [ 19.845400001009409, 48.163118784904043 ], [ 19.847125001417851, 48.169195000349134 ], [ 19.850140000160991, 48.171177000018588 ], [ 19.850356000229283, 48.171409999971615 ], [ 19.851789000661938, 48.173775000216153 ], [ 19.851906000661472, 48.174141000007126 ], [ 19.851972000107708, 48.17459100007477 ], [ 19.851972000107708, 48.174973999750478 ], [ 19.851906000661472, 48.175306999818361 ], [ 19.851906000661472, 48.175756999885778 ], [ 19.851906000661472, 48.176240000575717 ], [ 19.851935384210776, 48.176670767741825 ], [ 19.851956000269297, 48.176973000203986 ], [ 19.851988999992443, 48.177389001401366 ], [ 19.852043750718678, 48.177412498887804 ], [ 19.852221999945471, 48.177488999717696 ], [ 19.852263029715061, 48.177500000224825 ], [ 19.852678394192651, 48.177611357877879 ], [ 19.854087001414086, 48.177989000292314 ], [ 19.855287000095132, 48.178306001420935 ], [ 19.855293707238957, 48.178306293700587 ], [ 19.855652999886161, 48.178322000360197 ], [ 19.856102999953578, 48.178322000360197 ], [ 19.856403000298315, 48.178106000291848 ], [ 19.857052001448722, 48.177523000386259 ], [ 19.857985000407552, 48.17667299985925 ], [ 19.858317999576059, 48.17608999995366 ], [ 19.858718000035822, 48.17537400021007 ], [ 19.858718000035822, 48.174941000027161 ], [ 19.857751999555319, 48.173924999938833 ], [ 19.856901999927516, 48.173041999688678 ], [ 19.856568999859633, 48.172592001419787 ], [ 19.856482942833736, 48.172334113628494 ], [ 19.856463421249941, 48.172275613628813 ], [ 19.856269000414045, 48.171693000431674 ], [ 19.856264227712018, 48.171667885964325 ], [ 19.856192999607345, 48.171292999972025 ], [ 19.85616879525378, 48.171165602910435 ], [ 19.8561360005761, 48.170993001426041 ], [ 19.85631900002187, 48.170544001404721 ], [ 19.85701899992705, 48.170060999815405 ], [ 19.857435000225053, 48.169877000323481 ], [ 19.860117000699063, 48.1693110003024 ], [ 19.860817000604186, 48.169294000417892 ], [ 19.861921445418545, 48.169478554791624 ], [ 19.862450422149436, 48.16956694825609 ], [ 19.863114999557638, 48.169678000139697 ], [ 19.86466399994373, 48.170127000161017 ], [ 19.866713000005063, 48.170810000181461 ], [ 19.867729000093391, 48.171227001425166 ], [ 19.868194999999275, 48.17139300008688 ], [ 19.868277258288856, 48.171411371437728 ], [ 19.868495000344183, 48.17145999957944 ], [ 19.877812359852669, 48.170522471634911 ], [ 19.879341076929336, 48.170368649793431 ], [ 19.879755000692853, 48.170327000390728 ], [ 19.879967893603464, 48.17022935739908 ], [ 19.880114585619651, 48.170162077318196 ], [ 19.880154000206971, 48.170144000045752 ], [ 19.880536999882679, 48.169195000349134 ], [ 19.880636999997535, 48.168927999727543 ], [ 19.881187000180034, 48.167411999963917 ], [ 19.881792964274041, 48.165690831566792 ], [ 19.88192000070751, 48.165330000179438 ], [ 19.882237000037549, 48.1642980002527 ], [ 19.882453000105897, 48.163981000023227 ], [ 19.887149999972621, 48.16416400036843 ], [ 19.88767509702825, 48.164211355070108 ], [ 19.888650766120065, 48.164299343839787 ], [ 19.890383396376762, 48.164455597447898 ], [ 19.891030999980728, 48.164514000320992 ], [ 19.89249700013653, 48.164896999996699 ], [ 19.893263000387321, 48.16509700022641 ], [ 19.896393999983218, 48.16579700013159 ], [ 19.896844000050692, 48.165897000246446 ], [ 19.898143000599021, 48.166079999692272 ], [ 19.898626000389584, 48.166079999692272 ], [ 19.898843001403577, 48.166013000199882 ], [ 19.898939702805137, 48.165880893388703 ], [ 19.899025999950027, 48.165763000362347 ], [ 19.903673000208926, 48.156153000560721 ], [ 19.904480824330676, 48.154228765245477 ], [ 19.904510454294211, 48.154158184652545 ], [ 19.904672999559466, 48.153771000431504 ], [ 19.90478369531138, 48.153432610726441 ], [ 19.90498900064199, 48.152804999950831 ], [ 19.905663272742004, 48.151810184292685 ], [ 19.906005000730318, 48.151306000071941 ], [ 19.906118573413494, 48.151154285342102 ], [ 19.906404000244436, 48.150772999774176 ], [ 19.906584376367903, 48.150631248633374 ], [ 19.906871000196588, 48.15040599993705 ], [ 19.907537493160874, 48.150108929583496 ], [ 19.907654000331888, 48.150057000030586 ], [ 19.908654675073365, 48.149672663063029 ], [ 19.909086000718446, 48.149506999848313 ], [ 19.910202000022423, 48.149224000287461 ], [ 19.910727598899541, 48.148999999850219 ], [ 19.910799999720382, 48.148969144110765 ], [ 19.911105700867438, 48.148838860225396 ], [ 19.91121800011075, 48.148791000104723 ], [ 19.911485675223787, 48.14867621603463 ], [ 19.911801000016169, 48.148541000267016 ], [ 19.912180279196662, 48.148354929636469 ], [ 19.912651001442555, 48.148123999922689 ], [ 19.913250000287405, 48.147807999739541 ], [ 19.914206348344351, 48.14719365216547 ], [ 19.914471999982993, 48.147023000411252 ], [ 19.914722000719905, 48.14682500027368 ], [ 19.91456600072047, 48.146512000228597 ], [ 19.909836000231223, 48.141777999555188 ], [ 19.909676178113216, 48.141671466764762 ], [ 19.902872074786387, 48.137136037298319 ], [ 19.902763993363635, 48.137063992609342 ], [ 19.902740000350775, 48.137047999965318 ], [ 19.902040999592487, 48.136565000174755 ], [ 19.898154477746971, 48.129592686753199 ], [ 19.898000000299817, 48.129315557966606 ], [ 19.897992999976964, 48.129302999833612 ], [ 19.898000000299817, 48.129156377065271 ], [ 19.898038202601015, 48.128356172899032 ], [ 19.898159999584379, 48.125805000400533 ], [ 19.898243000714103, 48.125288999987504 ], [ 19.898300000644554, 48.125170796694988 ], [ 19.898430584004302, 48.124900000035041 ], [ 19.898459999929116, 48.124838999920087 ], [ 19.9003692111703, 48.124130790103948 ], [ 19.90045221319923, 48.124100000914439 ], [ 19.900525000728294, 48.124073000568671 ], [ 19.905158290822612, 48.126264572851937 ], [ 19.905489000317232, 48.126421000029268 ], [ 19.906856326858133, 48.128537961857546 ], [ 19.906888000081267, 48.128587000090022 ], [ 19.906989675633156, 48.12882989168628 ], [ 19.907104000149616, 48.129103001402427 ], [ 19.908253000075945, 48.129635999901666 ], [ 19.908803000258388, 48.129768999739667 ], [ 19.910218999906931, 48.129885999739201 ], [ 19.911002000042458, 48.129836000131377 ], [ 19.911785000177758, 48.129719000131786 ], [ 19.912601000036204, 48.129503000063494 ], [ 19.913200000679581, 48.129220001402018 ], [ 19.914149529177564, 48.128890095002021 ], [ 19.914782999935539, 48.128670000320369 ], [ 19.914899999935074, 48.128630052434971 ], [ 19.915030480772259, 48.128585501819543 ], [ 19.915565000024912, 48.128402999698721 ], [ 19.915799000023867, 48.128386999860311 ], [ 19.922207720010363, 48.12929999969532 ], [ 19.923335601157248, 48.129460679766737 ], [ 19.923394000432893, 48.12946900029425 ], [ 19.92868982557502, 48.130099999715355 ], [ 19.929730732387497, 48.130224025218638 ], [ 19.937187498904109, 48.131112502340216 ], [ 19.937442936942148, 48.131142938096161 ], [ 19.937519000701343, 48.131152000564441 ], [ 19.937668000378096, 48.131367999733584 ], [ 19.938568001412136, 48.133250000187331 ], [ 19.938683999567047, 48.133732999978122 ], [ 19.938681698201947, 48.133742263894476 ], [ 19.938601000236076, 48.134067000092045 ], [ 19.937734999870486, 48.135416000248256 ], [ 19.937469000194312, 48.135698999809108 ], [ 19.93715199996484, 48.135999000153845 ], [ 19.93696900141839, 48.136597999897901 ], [ 19.936935000749827, 48.136980999573609 ], [ 19.937100001164197, 48.137105779608078 ], [ 19.937322786617415, 48.137274261298217 ], [ 19.940217000114558, 48.139462999817681 ], [ 19.940280287205667, 48.139500358554756 ], [ 19.941151742858722, 48.140014784255015 ], [ 19.944280999568662, 48.141861999831463 ], [ 19.944329226612695, 48.141887679972456 ], [ 19.946313000644523, 48.142944000265572 ], [ 19.9464713892433, 48.143100000264781 ], [ 19.946624566270771, 48.143250866934011 ], [ 19.949628000631719, 48.146208999745625 ], [ 19.949653466734219, 48.146270693238023 ], [ 19.949726360383352, 48.146447281416954 ], [ 19.950284745844442, 48.147800000269797 ], [ 19.95031032975794, 48.147861977948082 ], [ 19.950577000328337, 48.148508001443247 ], [ 19.950577000328337, 48.148991000334433 ], [ 19.95068871591161, 48.149388715616851 ], [ 19.95069999970525, 48.149428888332636 ], [ 19.95078306108951, 48.149724591716563 ], [ 19.951143000349248, 48.151005999727204 ], [ 19.951527000071053, 48.151472001431785 ], [ 19.951598879284916, 48.151497759813878 ], [ 19.951603804871752, 48.151499525183056 ], [ 19.951992999977051, 48.151639000139824 ], [ 19.956106026871794, 48.151875890560007 ], [ 19.956524618116816, 48.151899999585339 ], [ 19.957556639627398, 48.15195944027613 ], [ 19.957825098050023, 48.151974902320035 ], [ 19.958905709930661, 48.152037139902234 ], [ 19.958938000088779, 48.15203899970021 ], [ 19.962070000630206, 48.152121999930387 ], [ 19.962104140693611, 48.15211656532739 ], [ 19.962208193153742, 48.152099999815221 ], [ 19.963119000441679, 48.151955000323142 ], [ 19.963602000232243, 48.151921999700676 ], [ 19.963835000185213, 48.152155000552852 ], [ 19.964217999860921, 48.152721999720654 ], [ 19.964658761192936, 48.153358761097991 ], [ 19.965031529281646, 48.153897294025057 ], [ 19.965376278092833, 48.154395346668082 ], [ 19.965601000685751, 48.154720000127952 ], [ 19.966800000219905, 48.156285759380296 ], [ 19.966810905399029, 48.156300000144995 ], [ 19.972463000567132, 48.163681000577867 ], [ 19.973296000310256, 48.164731000435438 ], [ 19.97434500012173, 48.16594699985427 ], [ 19.974365087378885, 48.165953449791914 ], [ 19.974481769917929, 48.165990914649058 ], [ 19.974862000580856, 48.166113000314738 ], [ 19.978893000311871, 48.16579700013159 ], [ 19.979541216354107, 48.165700001054347 ], [ 19.98000900141443, 48.165630001423551 ], [ 19.980657999866878, 48.165514000570738 ], [ 19.981125000718237, 48.165379999787262 ], [ 19.981723999563087, 48.164913999881207 ], [ 19.982473999975241, 48.164281000367964 ], [ 19.983073000618617, 48.16381499956276 ], [ 19.983477875403707, 48.163533187107078 ], [ 19.984105379160042, 48.163096414268182 ], [ 19.984389000152362, 48.162898999589288 ], [ 19.984407830157295, 48.162892170137582 ], [ 19.985172000287662, 48.162614999982338 ], [ 19.986447206573473, 48.162277526686637 ], [ 19.98655500021323, 48.162249000191309 ], [ 19.987769999585851, 48.162116000353137 ], [ 19.98828599999905, 48.162116000353137 ], [ 19.988685999559323, 48.1621819997996 ], [ 19.988694311093695, 48.162199999730376 ], [ 19.988714767972169, 48.162244303931573 ], [ 19.989386000363652, 48.163697999562999 ], [ 19.99332250832714, 48.168199999430499 ], [ 19.993333000717598, 48.168211999983953 ], [ 19.995598999993945, 48.168278000329565 ], [ 19.996681000427941, 48.16844499993698 ], [ 19.998300000444829, 48.169022361992518 ], [ 19.999530001408459, 48.169461000025308 ], [ 20.000403770117941, 48.169999999700394 ], [ 20.001190000618067, 48.170484999583152 ], [ 20.002099651377932, 48.170899650898207 ], [ 20.004009000215376, 48.171770000385266 ], [ 20.004438280802049, 48.171732343972678 ], [ 20.004807001042366, 48.17170000075447 ], [ 20.005092000695413, 48.171675001400388 ], [ 20.005485220266792, 48.17170000075447 ], [ 20.006020000322792, 48.171734001423033 ], [ 20.006079493174127, 48.171739747191737 ], [ 20.010844523156265, 48.172200000429712 ], [ 20.011444999587184, 48.17225800040643 ], [ 20.011957000715029, 48.172353000290855 ], [ 20.01245879363853, 48.172558793953328 ], [ 20.015457315003232, 48.173788536811628 ], [ 20.015990001437387, 48.174007000123083 ], [ 20.01664400012055, 48.174376000052519 ], [ 20.016787000419754, 48.174969999565917 ], [ 20.017183606838046, 48.175083607322733 ], [ 20.021273000448673, 48.17625500036803 ], [ 20.021569354042583, 48.176299999745254 ], [ 20.022360308681414, 48.176420103305247 ], [ 20.02486217225163, 48.176800000319872 ], [ 20.027233000102967, 48.177159999834146 ], [ 20.027444061993947, 48.177106295019541 ], [ 20.032004000684253, 48.175946001406885 ], [ 20.032849614318309, 48.175551160357941 ], [ 20.033788000216191, 48.175112999865178 ], [ 20.034669000374151, 48.174852000419662 ], [ 20.035947835424452, 48.174500000374906 ], [ 20.035965999930966, 48.174495000144248 ], [ 20.036644000620186, 48.174387999706596 ], [ 20.037524000732049, 48.174376000052519 ], [ 20.037856999900725, 48.174423000421257 ], [ 20.038809000635013, 48.174446999729412 ], [ 20.03976099957066, 48.174340000190966 ], [ 20.039828126766736, 48.174323958084301 ], [ 20.039928375993782, 48.174300000145024 ], [ 20.040509999936603, 48.174161000030097 ], [ 20.041046000372603, 48.174031000330558 ], [ 20.041689506665477, 48.173836831304811 ], [ 20.041795000738716, 48.173804999801007 ], [ 20.042390000298383, 48.173579000170776 ], [ 20.042925000688342, 48.173245000056795 ], [ 20.043158884674824, 48.173020557153109 ], [ 20.043218164386815, 48.172963672335698 ], [ 20.043247000249039, 48.172936000196444 ], [ 20.043521000294049, 48.172364999944932 ], [ 20.043517519917714, 48.172264959360575 ], [ 20.043493972069257, 48.17158794432828 ], [ 20.043449000570888, 48.17029499981453 ], [ 20.04339853601374, 48.16970292934684 ], [ 20.043377999994846, 48.169462000071348 ], [ 20.043543999556107, 48.168497999683041 ], [ 20.043600000339893, 48.16839609030734 ], [ 20.043839187628521, 48.167960813940397 ], [ 20.043877001422572, 48.167892001414771 ], [ 20.043924208635474, 48.167851585881976 ], [ 20.044293999968147, 48.167535000240207 ], [ 20.044591000174591, 48.167380000286869 ], [ 20.045127000610648, 48.167367999733472 ], [ 20.045650000447324, 48.167380000286869 ], [ 20.049279001424907, 48.167499000378598 ], [ 20.051145268239566, 48.167607544952318 ], [ 20.051944000215599, 48.167654000331936 ], [ 20.052002614429171, 48.16766921596161 ], [ 20.052491000259636, 48.167795999685723 ], [ 20.053728000646743, 48.169153000210827 ], [ 20.054120999884333, 48.169617000024687 ], [ 20.054123514388834, 48.169649008694876 ], [ 20.054166750195407, 48.170199501705724 ], [ 20.054191999561226, 48.170521000344081 ], [ 20.05420400011468, 48.171068000387947 ], [ 20.054334999860487, 48.171294000018122 ], [ 20.056048000614851, 48.174077999799977 ], [ 20.056431795291246, 48.174603533026698 ], [ 20.056465000059802, 48.174649000051488 ], [ 20.060605000320606, 48.176874000135058 ], [ 20.060663444562408, 48.176890333622111 ], [ 20.065031000280612, 48.178111001421712 ], [ 20.065702407140463, 48.178049398760777 ], [ 20.066007176589949, 48.178021436140455 ], [ 20.066328000736803, 48.177992000430606 ], [ 20.068598531696978, 48.178500245090277 ], [ 20.068609271400874, 48.178502648978224 ], [ 20.071395069826792, 48.179126232589624 ], [ 20.071954111792934, 48.179251370554482 ], [ 20.072015000391957, 48.179264999780059 ], [ 20.072930000319332, 48.17955100037841 ], [ 20.073524999878828, 48.179765000354507 ], [ 20.078677000043626, 48.183238999580226 ], [ 20.078879000365703, 48.18367900008576 ], [ 20.078760000273974, 48.183822000385192 ], [ 20.078651002441859, 48.183898663992238 ], [ 20.078160120093628, 48.184243928114938 ], [ 20.074611479836051, 48.186739880441166 ], [ 20.073990000638162, 48.187177000418387 ], [ 20.073359000317737, 48.187272000302755 ], [ 20.072692000135874, 48.187283999956662 ], [ 20.071574000739702, 48.187224999933846 ], [ 20.071063000557103, 48.187058000326431 ], [ 20.070527000121047, 48.186748999566703 ], [ 20.070145667788438, 48.186667231407739 ], [ 20.070027999592696, 48.186642000028428 ], [ 20.069899758966756, 48.186660143850702 ], [ 20.069611000147574, 48.186701000051244 ], [ 20.068884676186997, 48.187282373982441 ], [ 20.06776700144593, 48.1881769997687 ], [ 20.06769364104872, 48.188241813908746 ], [ 20.067458000686372, 48.18844999976784 ], [ 20.067433999579521, 48.188867000111998 ], [ 20.067493001400919, 48.189200000180051 ], [ 20.067754999993326, 48.189450000017587 ], [ 20.067890654630162, 48.189571964274762 ], [ 20.067965649994733, 48.189639390045841 ], [ 20.069268856672466, 48.190811070874304 ], [ 20.07024199956868, 48.191685999709307 ], [ 20.070263115650334, 48.191700000354899 ], [ 20.076702000696798, 48.195969000269201 ], [ 20.078022999561767, 48.196374000060246 ], [ 20.078855000158228, 48.196517000359279 ], [ 20.078934652212581, 48.196526929774109 ], [ 20.079617000224459, 48.196612000243704 ], [ 20.080452003657228, 48.196668500151191 ], [ 20.081021000219096, 48.196707000128129 ], [ 20.081348565683811, 48.196669713336689 ], [ 20.081961000399929, 48.19659999969042 ], [ 20.082579000120802, 48.196457000290366 ], [ 20.082905114979155, 48.196318607218075 ], [ 20.08305499958874, 48.196254999968289 ], [ 20.083176680559461, 48.19602331932083 ], [ 20.083305000325652, 48.195779001399956 ], [ 20.083674000254973, 48.195373999810329 ], [ 20.084530000159532, 48.195303000133435 ], [ 20.085256000364154, 48.195303000133435 ], [ 20.085921999600714, 48.195314999787513 ], [ 20.086303000083433, 48.195433999879242 ], [ 20.089959743347549, 48.196746609868285 ], [ 20.090479000205846, 48.196932999758303 ], [ 20.090899999835131, 48.197245344197313 ], [ 20.092175948061708, 48.198191983173615 ], [ 20.09236917459782, 48.198335339604341 ], [ 20.093013000149938, 48.198813000119912 ], [ 20.093042005983762, 48.198861337780556 ], [ 20.093384204317658, 48.199431593393399 ], [ 20.096065598648579, 48.203899999985197 ], [ 20.096083001429463, 48.203929000423159 ], [ 20.101894071554284, 48.209182216586214 ], [ 20.102031001429737, 48.209306000171864 ], [ 20.102233999999157, 48.209436999917671 ], [ 20.102971000711193, 48.209568000562854 ], [ 20.103614000685695, 48.209544000355379 ], [ 20.104232000406569, 48.209495999940486 ], [ 20.105398000217576, 48.209758000331476 ], [ 20.105754999593614, 48.209900999731531 ], [ 20.109991000684317, 48.212411000367524 ], [ 20.111918001414665, 48.213791000154686 ], [ 20.116041973958033, 48.216036860912482 ], [ 20.12178833966027, 48.219166255218624 ], [ 20.122077999600037, 48.219323999902826 ], [ 20.127681999924448, 48.220584999598032 ], [ 20.128122000430153, 48.220631999966997 ], [ 20.12840800012907, 48.220798999574356 ], [ 20.129358999918054, 48.221418000240533 ], [ 20.134272999899054, 48.225152999811144 ], [ 20.134297000106528, 48.225415000202133 ], [ 20.134107000337906, 48.228865000119697 ], [ 20.134030036357103, 48.229630036297237 ], [ 20.133776904180934, 48.232146191893264 ], [ 20.133773000223925, 48.232185000337552 ], [ 20.133773000223925, 48.233470000240345 ], [ 20.133827063868011, 48.233727064252719 ], [ 20.133928000177093, 48.234207000053118 ], [ 20.13420200022216, 48.234884999842961 ], [ 20.134335751893559, 48.235214511440688 ], [ 20.134463000567052, 48.235527999817464 ], [ 20.134582000658952, 48.235682999770802 ], [ 20.135142000403107, 48.236229999814611 ], [ 20.135701000101221, 48.236765000204741 ], [ 20.136724001411721, 48.237610001400526 ], [ 20.13750900073984, 48.238264000083632 ], [ 20.138183920351764, 48.23918928016127 ], [ 20.138341999583758, 48.239405999687165 ], [ 20.138817999950902, 48.240072999869142 ], [ 20.139100000364863, 48.240976349079347 ], [ 20.139246889332526, 48.241446888762994 ], [ 20.139299999695368, 48.241617023407002 ], [ 20.139368954313909, 48.24183790769348 ], [ 20.139499999925079, 48.242257695936075 ], [ 20.13953099955603, 48.242356999975698 ], [ 20.139603000178397, 48.242595000159213 ], [ 20.139651000593233, 48.242998999903989 ], [ 20.139600000939481, 48.243158553124715 ], [ 20.139580528818499, 48.24321947230095 ], [ 20.13947200043259, 48.243559001446897 ], [ 20.139282000663968, 48.243832001445867 ], [ 20.139100000364863, 48.243943449031065 ], [ 20.139007647185338, 48.244000001099323 ], [ 20.138698999859002, 48.244188999922471 ], [ 20.137996999861628, 48.244593999713345 ], [ 20.136819000396542, 48.245212000333652 ], [ 20.136594733760035, 48.245305266324976 ], [ 20.136189000122386, 48.245473999825265 ], [ 20.135709301742907, 48.245672675353717 ], [ 20.135356000379261, 48.245819000446545 ], [ 20.134772999574295, 48.246188000376037 ], [ 20.13359500010921, 48.247021000119162 ], [ 20.133012000203792, 48.24746099972549 ], [ 20.13252400018257, 48.247961000299938 ], [ 20.132226999976126, 48.248459999929139 ], [ 20.132144000645155, 48.248769999835758 ], [ 20.132128102430158, 48.249156202896586 ], [ 20.132120000437851, 48.249352999741177 ], [ 20.133201999972414, 48.254063000207452 ], [ 20.133535000040297, 48.254254000022172 ], [ 20.135938000238582, 48.255062999557822 ], [ 20.136392538285065, 48.255097512839995 ], [ 20.136425293392676, 48.255100000364848 ], [ 20.13655700000561, 48.255109999926731 ], [ 20.136613075433274, 48.255113074708731 ], [ 20.136911655748406, 48.255129447765967 ], [ 20.143505000255743, 48.255491000409449 ], [ 20.143777761034869, 48.255399999810209 ], [ 20.144408765851949, 48.255189481109767 ], [ 20.145738022291994, 48.254746007422341 ], [ 20.145789000362129, 48.254729000343218 ], [ 20.147799999570509, 48.254039882234849 ], [ 20.148287000444839, 48.253873000438659 ], [ 20.148952524839331, 48.2535327716202 ], [ 20.150381999929493, 48.252802001411396 ], [ 20.150659920119267, 48.252620240331964 ], [ 20.151619000316771, 48.25199300007705 ], [ 20.153197215179375, 48.251000000149929 ], [ 20.153204726317199, 48.250995274212642 ], [ 20.153356148767443, 48.250900000035074 ], [ 20.153399999710246, 48.250872408834653 ], [ 20.153735999916535, 48.250660999805348 ], [ 20.154189000122415, 48.250541999713619 ], [ 20.154951050550721, 48.250534034418195 ], [ 20.158781001442037, 48.250494000197989 ], [ 20.15928100021813, 48.250494000197989 ], [ 20.160209000744885, 48.250494000197989 ], [ 20.161232000256632, 48.250494000197989 ], [ 20.161755000093308, 48.250494000197989 ], [ 20.162778001403808, 48.250732000381618 ], [ 20.164657999966892, 48.251065000449501 ], [ 20.16500489995633, 48.251108934130173 ], [ 20.166361476900761, 48.251280738815126 ], [ 20.168226999976184, 48.251516999709906 ], [ 20.169570543945611, 48.251311783412064 ], [ 20.169647679696709, 48.251300001394043 ], [ 20.170250000637054, 48.251207999849385 ], [ 20.171392000240701, 48.250970000565246 ], [ 20.172058000376467, 48.250827000266042 ], [ 20.172344000075611, 48.250660999805348 ], [ 20.172748000719707, 48.250256000014474 ], [ 20.17301000021132, 48.249971000361484 ], [ 20.173213000579665, 48.249780999693485 ], [ 20.173471356917617, 48.249557287039352 ], [ 20.17365300018588, 48.249400000109915 ], [ 20.174070836899716, 48.249207290683898 ], [ 20.17411699999974, 48.249186000133989 ], [ 20.174139705183393, 48.24918014734601 ], [ 20.174438999560266, 48.249102999903641 ], [ 20.174457881725914, 48.249099999765349 ], [ 20.175187999926322, 48.248983999811912 ], [ 20.175948999946456, 48.248923999742829 ], [ 20.177008000219189, 48.248947999950303 ], [ 20.177352999941149, 48.248972000157835 ], [ 20.17746529378843, 48.248986940594989 ], [ 20.178066999592545, 48.249067000042032 ], [ 20.178982999565847, 48.24922199999537 ], [ 20.179899000438695, 48.249352999741177 ], [ 20.180542000413027, 48.249387999556689 ], [ 20.181223450002392, 48.249374778623178 ], [ 20.181524228260685, 48.249368942922558 ], [ 20.181778999901098, 48.249364000248534 ], [ 20.182124001421585, 48.249281000018186 ], [ 20.18283800017366, 48.24907899969611 ], [ 20.183266000125911, 48.248900000434844 ], [ 20.183458857040705, 48.248800001219195 ], [ 20.183563000332242, 48.24874600142698 ], [ 20.183983934311243, 48.248608033733888 ], [ 20.185466401053702, 48.248122133629749 ], [ 20.185598000647303, 48.248079000345626 ], [ 20.190547000443757, 48.248020000322754 ], [ 20.191868000208103, 48.248079000345626 ], [ 20.192121759211943, 48.248100000414865 ], [ 20.192814686848465, 48.248157343886305 ], [ 20.194176001421397, 48.248270000160517 ], [ 20.195068000288131, 48.248376999698962 ], [ 20.195569875949161, 48.248499999975081 ], [ 20.195825101747175, 48.248562551420719 ], [ 20.196186000583509, 48.248650999744029 ], [ 20.196261061598875, 48.24869026504382 ], [ 20.1963222982356, 48.248722297995755 ], [ 20.196662000051447, 48.248900000434844 ], [ 20.196960000303818, 48.249234001448201 ], [ 20.197376000602048, 48.249721001423268 ], [ 20.19753100055533, 48.249947000154123 ], [ 20.197701238621278, 48.250099724822576 ], [ 20.197774000070069, 48.25016500031461 ], [ 20.198553000021036, 48.250246999599483 ], [ 20.201659053322714, 48.2504765587463 ], [ 20.202098000722174, 48.250508999990473 ], [ 20.206214999922395, 48.250889999573815 ], [ 20.206761999966432, 48.251246999849229 ], [ 20.20747600141641, 48.252032000076895 ], [ 20.207666000285826, 48.252436999867768 ], [ 20.207656030401552, 48.252568091344415 ], [ 20.207618999917088, 48.253054999588642 ], [ 20.207607172033534, 48.25313207058872 ], [ 20.207524000032663, 48.253674000255046 ], [ 20.207048000564896, 48.254506999998171 ], [ 20.206143000199404, 48.255553999717449 ], [ 20.205501000270999, 48.256076999553954 ], [ 20.204835000135233, 48.256505000405582 ], [ 20.204395549115304, 48.256813356351358 ], [ 20.204359000667523, 48.256839001418939 ], [ 20.204073000069002, 48.257194999849503 ], [ 20.202930999566149, 48.258980000326858 ], [ 20.202812000373569, 48.259455999794625 ], [ 20.20288400009656, 48.260002999838662 ], [ 20.203002000142249, 48.260479000205748 ], [ 20.203192999957139, 48.261026000249785 ], [ 20.203455000348129, 48.261455000248134 ], [ 20.203588287969239, 48.261564863227989 ], [ 20.203859000092848, 48.261788000316017 ], [ 20.204454000551721, 48.26197800008481 ], [ 20.205001000595757, 48.261953999877335 ], [ 20.205477000063524, 48.261930999715901 ], [ 20.205953000430782, 48.261907000407916 ], [ 20.206336117018338, 48.261651843857635 ], [ 20.20645300010591, 48.261574000339863 ], [ 20.207403999894836, 48.260931000365531 ], [ 20.207649579564531, 48.260714526354377 ], [ 20.207809000585087, 48.260574000090173 ], [ 20.209022999911554, 48.259645999563418 ], [ 20.209617000324329, 48.259408000279166 ], [ 20.214567000167051, 48.258861000235129 ], [ 20.215257001409498, 48.258980000326858 ], [ 20.215299120258351, 48.258999874444669 ], [ 20.215727513214347, 48.259202009665046 ], [ 20.216518000205724, 48.259574999886524 ], [ 20.217208001448171, 48.260027000046136 ], [ 20.217369999925609, 48.260134999630509 ], [ 20.217564999924832, 48.260265000229595 ], [ 20.217922000200247, 48.26050300041328 ], [ 20.218312002896653, 48.260837145318078 ], [ 20.219088000011254, 48.261501999717552 ], [ 20.219582429285822, 48.261938914649306 ], [ 20.220111000422378, 48.262406000036947 ], [ 20.2204200002829, 48.262621000059141 ], [ 20.220944000165503, 48.262810999827764 ], [ 20.221538000578448, 48.262978000334556 ], [ 20.221604288707056, 48.262988035869284 ], [ 20.221702976711128, 48.263002977205758 ], [ 20.222323999952664, 48.263097000426285 ], [ 20.223512999925106, 48.263168000103178 ], [ 20.224037000707085, 48.26319200031071 ], [ 20.225964001437603, 48.262859000242827 ], [ 20.226032374194858, 48.262916905790746 ], [ 20.228549781647132, 48.265048910578912 ], [ 20.233296496036473, 48.269068925090949 ], [ 20.234364000298342, 48.269973000053938 ], [ 20.23452999985966, 48.270211000237566 ], [ 20.235030000434278, 48.271019999773216 ], [ 20.235316000133423, 48.271615000232202 ], [ 20.235285832375325, 48.271914167804709 ], [ 20.235268000617793, 48.272090999699969 ], [ 20.23489823266749, 48.272301766613396 ], [ 20.234768000043289, 48.272376000252393 ], [ 20.234172999584302, 48.272710000366374 ], [ 20.232865000419451, 48.273257000410354 ], [ 20.232858637716049, 48.273260339593151 ], [ 20.231225842099093, 48.274117698373232 ], [ 20.229573557273909, 48.274985288740254 ], [ 20.229058000226701, 48.275255999964543 ], [ 20.228968118384103, 48.275395644893194 ], [ 20.228415000252198, 48.276255000168305 ], [ 20.228269417999286, 48.276545873293571 ], [ 20.228057856984492, 48.276968571742259 ], [ 20.2279150005769, 48.277254000371954 ], [ 20.233399935159014, 48.278979947766402 ], [ 20.236005999577287, 48.279799999970123 ], [ 20.236244381073391, 48.279827809705807 ], [ 20.240812581835371, 48.280360738057709 ], [ 20.241312001447739, 48.280418999737094 ], [ 20.241468541939753, 48.280387638578816 ], [ 20.241906000061931, 48.280300001443948 ], [ 20.247974000200031, 48.278730000089581 ], [ 20.248059680409995, 48.278699999605351 ], [ 20.250830000604196, 48.277729999839721 ], [ 20.253303650643147, 48.276731305405519 ], [ 20.258087267813266, 48.27479999962037 ], [ 20.258490999560138, 48.274637000197515 ], [ 20.26171630926035, 48.27295107263393 ], [ 20.26525755529201, 48.271099999865271 ], [ 20.26582000029282, 48.270805999797233 ], [ 20.269602049694811, 48.268016402635055 ], [ 20.269626999586421, 48.267997999807903 ], [ 20.269649489832148, 48.267987627926743 ], [ 20.270555000113347, 48.267569999855596 ], [ 20.271292999972047, 48.267355999879669 ], [ 20.272245000706278, 48.267236999787769 ], [ 20.272792000750314, 48.267189000272253 ], [ 20.273482000194235, 48.267141999903515 ], [ 20.274553000120989, 48.267117999695984 ], [ 20.278391658248552, 48.266621668355356 ], [ 20.278559239717254, 48.266600000089966 ], [ 20.279526000124974, 48.266474999721481 ], [ 20.280335000559944, 48.266214000275966 ], [ 20.280763001411458, 48.265928000576878 ], [ 20.281192765833509, 48.265428936196429 ], [ 20.281327352974984, 48.265272646615529 ], [ 20.281413965782008, 48.265172068236495 ], [ 20.281501000371009, 48.265070999727016 ], [ 20.281589562908039, 48.264910436567448 ], [ 20.281600000439767, 48.264891514831618 ], [ 20.281762999862622, 48.264596000305346 ], [ 20.281977000738095, 48.264214999822457 ], [ 20.282500000574601, 48.2634769999637 ], [ 20.283023999557997, 48.263000999596613 ], [ 20.283642000178304, 48.262596999851837 ], [ 20.284118001444767, 48.262287999991258 ], [ 20.284715368019818, 48.262000000199976 ], [ 20.284761001419099, 48.26197800008481 ], [ 20.286712000558452, 48.261501999717552 ], [ 20.287378000694162, 48.261406999833298 ], [ 20.289400999556676, 48.261360000363766 ], [ 20.290971000011609, 48.261501999717552 ], [ 20.291542000263178, 48.261597001400673 ], [ 20.297277000333395, 48.262835000035295 ], [ 20.298837503048503, 48.263099999665371 ], [ 20.300446454940072, 48.263373227192744 ], [ 20.30722300034131, 48.264523999682979 ], [ 20.309269000264237, 48.264810000281329 ], [ 20.310007000122937, 48.264952999681384 ], [ 20.310529999959613, 48.265167000556687 ], [ 20.310861910049255, 48.265553969839971 ], [ 20.31095687486004, 48.265664688074935 ], [ 20.310957999911921, 48.265666000185888 ], [ 20.310007000122937, 48.26766499974002 ], [ 20.309674000055054, 48.268189001421376 ], [ 20.309519281589644, 48.268365026624849 ], [ 20.309507000447866, 48.268379000290793 ], [ 20.308674000704741, 48.268830999551028 ], [ 20.307842000108337, 48.269164001417664 ], [ 20.307355063085879, 48.269300001394072 ], [ 20.306909872592712, 48.269424340760793 ], [ 20.306818001449642, 48.269450000217432 ], [ 20.305866999862303, 48.269783000285258 ], [ 20.305891117880833, 48.269860949023609 ], [ 20.30669899955933, 48.272472000182688 ], [ 20.30691300043469, 48.272637999744006 ], [ 20.307699000708453, 48.272924000342471 ], [ 20.308460000728587, 48.273184999787986 ], [ 20.30898400061119, 48.273257000410354 ], [ 20.309864000723053, 48.273352000294608 ], [ 20.312361999906386, 48.273233000202879 ], [ 20.313600000339932, 48.273019000226725 ], [ 20.315357100250139, 48.272750010304833 ], [ 20.315931999962004, 48.27266199995131 ], [ 20.316692999982138, 48.272614000435851 ], [ 20.31672799440139, 48.272612771961974 ], [ 20.318716000643008, 48.272542999859581 ], [ 20.321190001417563, 48.272542999859581 ], [ 20.325806000246757, 48.272686000158842 ], [ 20.325949001445395, 48.273208999995518 ], [ 20.326116000153377, 48.274041999738643 ], [ 20.326282000613901, 48.275017999781028 ], [ 20.327067999988287, 48.280609000405093 ], [ 20.327234000448925, 48.281846999939091 ], [ 20.327543000309277, 48.284250000137433 ], [ 20.327780999593585, 48.286106000291852 ], [ 20.327865042138058, 48.287063728808107 ], [ 20.327877000423257, 48.287200000379698 ], [ 20.327877000423257, 48.287700000054997 ], [ 20.327987399399092, 48.287912580900866 ], [ 20.328186000283836, 48.288295001413189 ], [ 20.329804000254455, 48.288437999913867 ], [ 20.330256000414238, 48.288462000121399 ], [ 20.33063699999758, 48.288462000121399 ], [ 20.331361100834272, 48.288312966270553 ], [ 20.331565001423655, 48.288271000306509 ], [ 20.331945000061751, 48.288176000422084 ], [ 20.332374000060099, 48.287985999754085 ], [ 20.33332599989501, 48.287700000054997 ], [ 20.333492000355648, 48.287675999847636 ], [ 20.335110000326267, 48.287629000378104 ], [ 20.335515000117312, 48.287938000238626 ], [ 20.335523389892614, 48.288009444180602 ], [ 20.335800000669565, 48.290364999745066 ], [ 20.335800000669565, 48.29039999956035 ], [ 20.335800000669565, 48.290499999675433 ], [ 20.335800000669565, 48.290599999790288 ], [ 20.335800000669565, 48.290602999928694 ], [ 20.335539000324673, 48.290816999904678 ], [ 20.335418951623353, 48.290881047822211 ], [ 20.335383429301942, 48.290900000135025 ], [ 20.335181000003161, 48.291007999719568 ], [ 20.334847999935278, 48.291149999972561 ], [ 20.334603646041558, 48.291203646331383 ], [ 20.334193656811976, 48.291293655877666 ], [ 20.333700000055103, 48.291402034976102 ], [ 20.333272000102795, 48.291495999740789 ], [ 20.333031000680251, 48.291272000202753 ], [ 20.332135999876641, 48.291340999787451 ], [ 20.331945000061751, 48.291578999970909 ], [ 20.331969000269282, 48.29195900040753 ], [ 20.332234489130542, 48.29288850370159 ], [ 20.332409147364388, 48.293500000424729 ], [ 20.332873000588677, 48.295123999772898 ], [ 20.333420122041161, 48.296079879283184 ], [ 20.333775063768201, 48.29669999960538 ], [ 20.335119000741258, 48.29904799996541 ], [ 20.335489999863739, 48.299292000425623 ], [ 20.336124000322457, 48.299687999801449 ], [ 20.336738043925777, 48.300038043820848 ], [ 20.336846726994906, 48.300099999915119 ], [ 20.338834424768891, 48.301233115116247 ], [ 20.338950000242392, 48.301299000348649 ], [ 20.339334338109325, 48.301516566136797 ], [ 20.342302956116555, 48.303197043808666 ], [ 20.342577867174953, 48.303352666092792 ], [ 20.344528678355971, 48.304456983203238 ], [ 20.344810084317942, 48.304616281016592 ], [ 20.345949000146277, 48.305260999595532 ], [ 20.347127272106093, 48.305872728343729 ], [ 20.347387366833573, 48.306007763347736 ], [ 20.347983000415297, 48.306316999729802 ], [ 20.349990000338323, 48.307214999772498 ], [ 20.350929733420628, 48.307514866118311 ], [ 20.351196528097319, 48.307600000439777 ], [ 20.351231000010785, 48.307611000047757 ], [ 20.352182000698747, 48.307849000231215 ], [ 20.354533000297863, 48.308509000090453 ], [ 20.35631512114611, 48.30902076559596 ], [ 20.357385001416844, 48.309328000087305 ], [ 20.357760527726271, 48.309681781688994 ], [ 20.35783400143805, 48.309750999808955 ], [ 20.357864429100175, 48.309871144737656 ], [ 20.358864000373387, 48.313818000300557 ], [ 20.360752048768177, 48.314630410065433 ], [ 20.361572160327114, 48.314983295942397 ], [ 20.364260842763827, 48.316140210802132 ], [ 20.365678000739308, 48.316749999712897 ], [ 20.366099492297792, 48.31709949244771 ], [ 20.366761000320025, 48.317647999755536 ], [ 20.369895226683411, 48.321089521764065 ], [ 20.36998400056126, 48.321187000179975 ], [ 20.370000000399727, 48.321207633325685 ], [ 20.37418299994556, 48.326601999882485 ], [ 20.374097478915644, 48.326797478321112 ], [ 20.374015000292104, 48.326986001402872 ], [ 20.373862610171443, 48.327079130697371 ], [ 20.372119519900082, 48.328144384855648 ], [ 20.37101400039586, 48.328820001442011 ], [ 20.370352999591375, 48.329164000218498 ], [ 20.369941934772555, 48.329314516152067 ], [ 20.369560999940234, 48.329454000102146 ], [ 20.368636999598039, 48.329903000123466 ], [ 20.368169987954673, 48.330890036646053 ], [ 20.367712000108781, 48.331858000346529 ], [ 20.367554000017208, 48.332332999768198 ], [ 20.368769000289319, 48.332781999789518 ], [ 20.369350000102543, 48.332967000226915 ], [ 20.370803000558169, 48.333283999557125 ], [ 20.37191400412803, 48.334171991943947 ], [ 20.376247482735266, 48.337635612093948 ], [ 20.376686526362107, 48.337986525757742 ], [ 20.377379000740405, 48.338540000021169 ], [ 20.377848656390427, 48.338958924015117 ], [ 20.380072999969116, 48.340943000219454 ], [ 20.380787317980435, 48.341587317700601 ], [ 20.381420000033131, 48.342157999592189 ], [ 20.384245999953066, 48.345116000203404 ], [ 20.386148000430012, 48.347230000564139 ], [ 20.386217081852863, 48.347417082032848 ], [ 20.386332999967976, 48.347731000285478 ], [ 20.386332999967976, 48.34857599968268 ], [ 20.386201000176072, 48.349236999588015 ], [ 20.385989000292113, 48.349843999700909 ], [ 20.385513999971295, 48.350557000205413 ], [ 20.385368105653697, 48.350809112550678 ], [ 20.384933000157844, 48.351560999740514 ], [ 20.38593608058568, 48.352058320335345 ], [ 20.394202999568961, 48.35615700034532 ], [ 20.394745967952133, 48.356122984388321 ], [ 20.395048999911467, 48.356103999699997 ], [ 20.395736000116472, 48.355998000207649 ], [ 20.396343000229365, 48.355733999724464 ], [ 20.396977000688082, 48.355522999886603 ], [ 20.397452000109752, 48.355601999932389 ], [ 20.398905000565378, 48.356236000391277 ], [ 20.399407000332985, 48.356499999975085 ], [ 20.40328900038719, 48.360409000375228 ], [ 20.403997941351975, 48.360765979966175 ], [ 20.404134989038596, 48.360834989443276 ], [ 20.406961000649801, 48.36225800020668 ], [ 20.407262956120576, 48.362720984685723 ], [ 20.407600001339119, 48.363237772905052 ], [ 20.408901901301761, 48.365233966574465 ], [ 20.409825184884482, 48.366649629876576 ], [ 20.411767000146995, 48.369627000086155 ], [ 20.411899999985167, 48.370076000107304 ], [ 20.411899999985167, 48.370446000082893 ], [ 20.41150000042478, 48.370954778040755 ], [ 20.411319000171773, 48.371184999987861 ], [ 20.410737000312452, 48.371793000146909 ], [ 20.410527596771203, 48.37205792243526 ], [ 20.40914896035639, 48.37380207930255 ], [ 20.408044000230461, 48.375199999880238 ], [ 20.402549999582845, 48.382516000013425 ], [ 20.402574820871337, 48.382525179393497 ], [ 20.404374977623149, 48.383190901638841 ], [ 20.404401186565565, 48.383200593632523 ], [ 20.404478000359461, 48.383229001417476 ], [ 20.407674000255099, 48.384497001435534 ], [ 20.408968000572884, 48.385316001432386 ], [ 20.412137000122584, 48.38737600020238 ], [ 20.412638999890021, 48.387718999832146 ], [ 20.41294284483655, 48.388228555703392 ], [ 20.413379000740463, 48.388960000403756 ], [ 20.413509933037119, 48.389194693780155 ], [ 20.415606875956712, 48.392953438150641 ], [ 20.416680000082067, 48.394876999873702 ], [ 20.416666930234669, 48.394949604840576 ], [ 20.41642757657155, 48.39627925158635 ], [ 20.416390000198419, 48.396488000421073 ], [ 20.416336999552925, 48.397809000185248 ], [ 20.416759324783186, 48.399532157882845 ], [ 20.417023000611039, 48.400607999759416 ], [ 20.417158732589598, 48.401058731875025 ], [ 20.41718200074888, 48.401135999826522 ], [ 20.417499000078976, 48.401480000401762 ], [ 20.418106000191869, 48.401929000423081 ], [ 20.41815466700433, 48.401953333379709 ], [ 20.418846000142821, 48.402299000398671 ], [ 20.4196910004394, 48.402852999866127 ], [ 20.420324999998911, 48.403566000370802 ], [ 20.420357523980613, 48.403668142670767 ], [ 20.420510000436252, 48.404147000184025 ], [ 20.420355252293064, 48.40458949720761 ], [ 20.420324999998911, 48.404676000297229 ], [ 20.418925000188779, 48.407607000562678 ], [ 20.418607999959363, 48.408109000330285 ], [ 20.4180799998922, 48.408584999798052 ], [ 20.41774684064427, 48.408812637093718 ], [ 20.417578000124763, 48.408928000327023 ], [ 20.416839000219738, 48.409139000164885 ], [ 20.415729000293311, 48.409509000140417 ], [ 20.415501499694471, 48.409599999840282 ], [ 20.415069000434073, 48.409772999724225 ], [ 20.414831000250615, 48.410380999883216 ], [ 20.414673000158871, 48.411198999834028 ], [ 20.414620000412754, 48.412045000176704 ], [ 20.414725999905102, 48.412757999782002 ], [ 20.414856258609575, 48.413197938234248 ], [ 20.416168302924916, 48.417629242395719 ], [ 20.416336999552925, 48.418198999784011 ], [ 20.416578603319977, 48.418778602950226 ], [ 20.416733000727561, 48.419149000426103 ], [ 20.417768564667597, 48.41998428264867 ], [ 20.419189000671963, 48.421130000049629 ], [ 20.419693379146224, 48.421395586037534 ], [ 20.420694999974444, 48.421922999746641 ], [ 20.421618281758469, 48.422347313377998 ], [ 20.421672000062927, 48.422371999768018 ], [ 20.421706212072138, 48.422382484963805 ], [ 20.423310000056517, 48.422874000434831 ], [ 20.423399107582838, 48.422899999835295 ], [ 20.423578526827669, 48.422952351170125 ], [ 20.424393001435931, 48.423189999718772 ], [ 20.425106000141909, 48.423455000248225 ], [ 20.426399999560431, 48.424273000198866 ], [ 20.431575999932591, 48.428737000112562 ], [ 20.431607620994953, 48.428767936791019 ], [ 20.435273999595495, 48.432354999683639 ], [ 20.435367167560742, 48.432434336975177 ], [ 20.435988000146267, 48.43296299984263 ], [ 20.436885000142695, 48.433701999747655 ], [ 20.438787000619641, 48.43504899981167 ], [ 20.440504000659189, 48.436185000037824 ], [ 20.441507000148022, 48.436793000196815 ], [ 20.442352999591321, 48.437479000355722 ], [ 20.442722000420133, 48.437981000123159 ], [ 20.443436000071529, 48.439275000440944 ], [ 20.444122000230266, 48.440780999743424 ], [ 20.444360000413724, 48.441441001401188 ], [ 20.444518001404674, 48.442234000199051 ], [ 20.444657624749766, 48.442715249009609 ], [ 20.444699999905197, 48.442861305205213 ], [ 20.444756685972436, 48.443056685617648 ], [ 20.444809000435043, 48.443236999687826 ], [ 20.444967001425994, 48.443764999754933 ], [ 20.44531100020248, 48.444320000168034 ], [ 20.445812999970144, 48.444874999681588 ], [ 20.446367000336977, 48.445164999565066 ], [ 20.450778001403762, 48.447305000225697 ], [ 20.450826964992473, 48.447326965267393 ], [ 20.454133001436901, 48.448810000381286 ], [ 20.456675919058455, 48.449593979878443 ], [ 20.456702029974736, 48.449602029709979 ], [ 20.457302000087282, 48.449786999570563 ], [ 20.457390439417281, 48.449800000169944 ], [ 20.457545621932979, 48.449822810574346 ], [ 20.458070742370978, 48.44990000028497 ], [ 20.458200000129921, 48.449919000261843 ], [ 20.458887000334926, 48.449945999708234 ], [ 20.459161698253922, 48.44990000028497 ], [ 20.459520000747546, 48.449840000215886 ], [ 20.460154000307057, 48.449786999570563 ], [ 20.46110500009587, 48.44981399991633 ], [ 20.462055999884626, 48.450078000399515 ], [ 20.469014702966319, 48.452800000020034 ], [ 20.469699999855266, 48.453068063640274 ], [ 20.470160000383771, 48.453247999995313 ], [ 20.470077000153594, 48.454681000427911 ], [ 20.469696000570082, 48.45936899987953 ], [ 20.469478000409367, 48.46000899971574 ], [ 20.469082000134335, 48.460404999990828 ], [ 20.468645928766705, 48.460654070828696 ], [ 20.468323263707759, 48.460838367996473 ], [ 20.467999999700396, 48.461023006906316 ], [ 20.467972000207681, 48.461039000449489 ], [ 20.466440000605644, 48.461936999592979 ], [ 20.465727000100969, 48.462411999914025 ], [ 20.464961000749554, 48.462992999727248 ], [ 20.464486000428735, 48.463390000048605 ], [ 20.464228022705072, 48.463635988909857 ], [ 20.464008082706982, 48.463845709012332 ], [ 20.46392496376609, 48.463924963566342 ], [ 20.463905000615284, 48.463944000415438 ], [ 20.463954254685291, 48.463954255384749 ], [ 20.465807000193024, 48.464339999791321 ], [ 20.467787000669716, 48.464709999766853 ], [ 20.468473999975117, 48.464868999904525 ], [ 20.472436000121434, 48.465819001445936 ], [ 20.473255000118286, 48.466163000222423 ], [ 20.479382000279202, 48.469227000325873 ], [ 20.481390000248382, 48.470494000298004 ], [ 20.488257000360363, 48.475300999841295 ], [ 20.488785000427526, 48.475856000254396 ], [ 20.489023000611155, 48.476278999976046 ], [ 20.489498000032825, 48.477598999694123 ], [ 20.489709999916613, 48.478471000336469 ], [ 20.490581001412238, 48.48103299977322 ], [ 20.490728706064999, 48.481343057236302 ], [ 20.491538999725094, 48.483044000780012 ], [ 20.491902000277207, 48.483805999947094 ], [ 20.492693999928292, 48.485205999757227 ], [ 20.493365886126867, 48.485965886416579 ], [ 20.494304999576116, 48.487028000142061 ], [ 20.494627023418559, 48.487227022808895 ], [ 20.495203001417565, 48.487583000555162 ], [ 20.495658239136503, 48.487637974313145 ], [ 20.496480386760481, 48.487737254071078 ], [ 20.496812942563281, 48.487777412397691 ], [ 20.497952630009934, 48.48791503744917 ], [ 20.499799000223788, 48.488138000068716 ], [ 20.502255000168191, 48.488427999952364 ], [ 20.502354675627885, 48.488499999675355 ], [ 20.504632000066806, 48.490144999991799 ], [ 20.505689000247344, 48.497778000354572 ], [ 20.506500000774508, 48.503378969064215 ], [ 20.506503562089847, 48.50340356102555 ], [ 20.506680295958972, 48.504624130799186 ], [ 20.50685424192983, 48.505825448785572 ], [ 20.507200000679632, 48.508213343970624 ], [ 20.507257000610139, 48.508606999713322 ], [ 20.507376000702038, 48.509273999895356 ], [ 20.508090000353263, 48.509820999939336 ], [ 20.508852000419665, 48.51029700030648 ], [ 20.509518000555431, 48.510701000051256 ], [ 20.510612000643448, 48.511391000394497 ], [ 20.510329916592411, 48.512059833394687 ], [ 20.509971576327189, 48.512909475092329 ], [ 20.50900000004998, 48.515213120888916 ], [ 20.508717821570315, 48.515882177820345 ], [ 20.50868499991293, 48.51595999975433 ], [ 20.508441537247222, 48.516116926055417 ], [ 20.508157506164139, 48.516300000145009 ], [ 20.506589023764548, 48.517310975720989 ], [ 20.506184119301679, 48.517571959878126 ], [ 20.505300000294881, 48.518141825185239 ], [ 20.504735000320068, 48.518506000251875 ], [ 20.503282999910596, 48.519267000272009 ], [ 20.502594001412149, 48.519552999971154 ], [ 20.502546000097936, 48.519791000154612 ], [ 20.502545358881264, 48.519799999670226 ], [ 20.502535687571992, 48.519935687582006 ], [ 20.502022000215163, 48.527143000149351 ], [ 20.502072828098562, 48.52726358574597 ], [ 20.50233609833225, 48.527888172101598 ], [ 20.503617000024519, 48.530927000180895 ], [ 20.503711640180143, 48.531034920625245 ], [ 20.505513054184291, 48.533089120566558 ], [ 20.506496000590118, 48.534209999591894 ], [ 20.506682692652305, 48.534233916162293 ], [ 20.50923600014147, 48.534560999590553 ], [ 20.514110000076528, 48.535637999793892 ], [ 20.514475844284959, 48.535763285247583 ], [ 20.517654999878459, 48.536852000019962 ], [ 20.517777790612683, 48.536791457659831 ], [ 20.52103400011913, 48.535186001432862 ], [ 20.521771999977886, 48.53383000005465 ], [ 20.522700001404019, 48.532450000267488 ], [ 20.523270999856948, 48.531758999877979 ], [ 20.523794000592829, 48.531260000248949 ], [ 20.524722000220208, 48.530664999789906 ], [ 20.525135759407817, 48.530451392817668 ], [ 20.525235307163825, 48.530400000160057 ], [ 20.525460000078908, 48.530284000206564 ], [ 20.526150000422206, 48.530094000437941 ], [ 20.534645000066746, 48.527929000423114 ], [ 20.535858000246662, 48.527667000032125 ], [ 20.537143000149399, 48.527691000239656 ], [ 20.53742900074792, 48.527761999916549 ], [ 20.537619001415919, 48.527975999892533 ], [ 20.537738000608272, 48.528284999753055 ], [ 20.538024000307416, 48.529071000026818 ], [ 20.538146228065955, 48.529543714271085 ], [ 20.538189999868678, 48.529712999955052 ], [ 20.538452000259667, 48.530617000274447 ], [ 20.539808000738674, 48.534328999683623 ], [ 20.541212000733367, 48.538016999784872 ], [ 20.541335590964934, 48.538206771125715 ], [ 20.541522000639986, 48.538493000151959 ], [ 20.541972560085753, 48.539012891032201 ], [ 20.545819428124275, 48.543451711727187 ], [ 20.546162000575919, 48.543846999739287 ], [ 20.546471000436441, 48.544133000337808 ], [ 20.547113000364675, 48.543942001422295 ], [ 20.548541000566843, 48.543276000387152 ], [ 20.54916000033387, 48.542894999904433 ], [ 20.549945000561365, 48.542466999952126 ], [ 20.551490999909788, 48.542181000253038 ], [ 20.553109999926676, 48.541895999700785 ], [ 20.554084999922793, 48.541872000392686 ], [ 20.554918000565351, 48.541895999700785 ], [ 20.55558400070106, 48.542110000576145 ], [ 20.555878924372848, 48.542339461696827 ], [ 20.556012000653368, 48.542442999744821 ], [ 20.5565840000516, 48.542775999812704 ], [ 20.556905127269943, 48.542905127170059 ], [ 20.557059000372647, 48.54296700142595 ], [ 20.55746400016352, 48.54296700142595 ], [ 20.558035000415032, 48.54287199974317 ], [ 20.559485999879087, 48.542586000043912 ], [ 20.561605370091911, 48.542072986279436 ], [ 20.563270354243514, 48.541669961399634 ], [ 20.564803343099925, 48.54129888583509 ], [ 20.565372949402104, 48.541161007174935 ], [ 20.570789000412105, 48.539849999777744 ], [ 20.572407000382896, 48.539398001416657 ], [ 20.572589983640967, 48.539343759706867 ], [ 20.572785451287643, 48.539285820884061 ], [ 20.572890838341607, 48.539254582033436 ], [ 20.57323048260082, 48.539153903829742 ], [ 20.576904000019567, 48.538065000199708 ], [ 20.577394489364224, 48.537922204046652 ], [ 20.579531700327777, 48.537299999995184 ], [ 20.584423001420475, 48.535875999977577 ], [ 20.586183999891773, 48.535495000394008 ], [ 20.586588001435302, 48.535637999793892 ], [ 20.586779000350646, 48.535875999977577 ], [ 20.586755000143114, 48.536517999905811 ], [ 20.586820394345693, 48.537181574570184 ], [ 20.586944999911964, 48.538445999783221 ], [ 20.587182884082949, 48.538722975684834 ], [ 20.587231001409634, 48.538778999851104 ], [ 20.588562999882583, 48.538922000150365 ], [ 20.589349000156346, 48.538992999827258 ], [ 20.59011000017648, 48.539041000242094 ], [ 20.590942999919605, 48.539041000242094 ], [ 20.591752000354631, 48.539017000034562 ], [ 20.592585000097756, 48.539255000218247 ], [ 20.593465000209619, 48.539539999871067 ], [ 20.596579397421408, 48.540700000304923 ], [ 20.59691500012724, 48.540824999774031 ], [ 20.597043690414068, 48.540887380348295 ], [ 20.597701000400946, 48.54120600025675 ], [ 20.598050703577258, 48.541505946642133 ], [ 20.598200000030147, 48.541634000209001 ], [ 20.59851031559856, 48.541810315893542 ], [ 20.598922468597095, 48.542044493958201 ], [ 20.59908000014201, 48.5421339998843 ], [ 20.599245231682119, 48.54219046381894 ], [ 20.599913999931289, 48.542419000436666 ], [ 20.600683509336591, 48.542503298388567 ], [ 20.603162261229443, 48.54277484058656 ], [ 20.604304762654806, 48.542900000135035 ], [ 20.611644000370347, 48.543704000339403 ], [ 20.611877134322469, 48.543669282911196 ], [ 20.613892481752714, 48.543369171949905 ], [ 20.614195938192097, 48.543323983715027 ], [ 20.614356999576046, 48.543299999695307 ], [ 20.615474999871424, 48.543394999579675 ], [ 20.615923921651699, 48.543499999925189 ], [ 20.616023226590755, 48.543523226715649 ], [ 20.616189000422196, 48.543562000086297 ], [ 20.616760000673537, 48.543728001446141 ], [ 20.617236000141475, 48.544060999715441 ], [ 20.617783000185284, 48.544537000082585 ], [ 20.618025211894121, 48.544899999735321 ], [ 20.618100000414756, 48.545012084040536 ], [ 20.61816400066823, 48.545108000334096 ], [ 20.61825578997292, 48.545255788623763 ], [ 20.618381999929511, 48.545459000332755 ], [ 20.618459809272849, 48.545640191241944 ], [ 20.618525000228601, 48.545792000400638 ], [ 20.618862758609509, 48.546756895614294 ], [ 20.618902001426306, 48.5468689997046 ], [ 20.618999999650441, 48.547248011786394 ], [ 20.619068000088248, 48.547511001431758 ], [ 20.619251870077846, 48.547725934904008 ], [ 20.619287000295003, 48.547766999747296 ], [ 20.619596000155354, 48.548004999930924 ], [ 20.620214999922382, 48.548409000575077 ], [ 20.62301341673583, 48.550226834400917 ], [ 20.623895763179064, 48.550800000219908 ], [ 20.623905000115769, 48.550805999597287 ], [ 20.624024583867538, 48.550808194842489 ], [ 20.625920999554637, 48.550843000404313 ], [ 20.628158000191604, 48.550770999781946 ], [ 20.629181000602784, 48.550675999897578 ], [ 20.629641626160208, 48.55057918698003 ], [ 20.629837929277073, 48.550537928782489 ], [ 20.630085000022802, 48.550486000128899 ], [ 20.630489000666955, 48.550414000405965 ], [ 20.633940000630616, 48.550819000196782 ], [ 20.634677000443219, 48.551080999688395 ], [ 20.634835401632643, 48.551167080096832 ], [ 20.63578088138263, 48.551680880768174 ], [ 20.638223000291305, 48.55300800041897 ], [ 20.638556000359188, 48.553294000118058 ], [ 20.643854953343464, 48.553790093138446 ], [ 20.643886000638531, 48.553792999747259 ], [ 20.648239999976113, 48.556291999876009 ], [ 20.648668999974518, 48.556863000127407 ], [ 20.649136829101394, 48.557473657783191 ], [ 20.649216000018498, 48.557576999778803 ], [ 20.649425078005095, 48.557750051823461 ], [ 20.653499000578449, 48.561121999580735 ], [ 20.653880000161962, 48.561408000179256 ], [ 20.654062333210163, 48.561399999810192 ], [ 20.654427000205942, 48.561383999971724 ], [ 20.655692706053628, 48.561251823912642 ], [ 20.656188966347827, 48.561199999580481 ], [ 20.661494001447068, 48.560646000112854 ], [ 20.661554785724945, 48.56065178185429 ], [ 20.668036716821177, 48.561268357948506 ], [ 20.668075000061378, 48.561272000202621 ], [ 20.668622000105245, 48.56153300144689 ], [ 20.669515020601864, 48.561902504097418 ], [ 20.670001999892349, 48.562103999899705 ], [ 20.670787000120015, 48.562366000290865 ], [ 20.671257087444644, 48.562457087224914 ], [ 20.671478552693088, 48.562500000174907 ], [ 20.671524999978942, 48.562508999690749 ], [ 20.67155793495084, 48.562500000174907 ], [ 20.67234632742111, 48.562284557686382 ], [ 20.672757412924341, 48.562172220671641 ], [ 20.675430338339538, 48.561441796701615 ], [ 20.676403000098503, 48.561176000272326 ], [ 20.676782426767602, 48.561019306895673 ], [ 20.678592000320691, 48.560271999952931 ], [ 20.678932522318121, 48.560167478046765 ], [ 20.67982999985469, 48.559892000415459 ], [ 20.679995062322348, 48.559962277037528 ], [ 20.686087000614691, 48.562556000059487 ], [ 20.689875445095822, 48.563766167374808 ], [ 20.69280208185063, 48.564701041419994 ], [ 20.698007999969263, 48.566364000298506 ], [ 20.70430175512206, 48.56820000042984 ], [ 20.706062741902088, 48.568713711168868 ], [ 20.70697899998089, 48.568980999573569 ], [ 20.708526000274844, 48.569362000056287 ], [ 20.708625256650407, 48.569384378786083 ], [ 20.712642000328117, 48.570289999683837 ], [ 20.712967691605797, 48.570320615304297 ], [ 20.713142000003415, 48.570337000052575 ], [ 20.713827115229265, 48.570296125865525 ], [ 20.715998784616374, 48.570166565934414 ], [ 20.718802022695343, 48.569999326208006 ], [ 20.725194833674777, 48.569617933620805 ], [ 20.72619999963041, 48.569557965927572 ], [ 20.726300000644642, 48.56955199982491 ], [ 20.726396000574937, 48.568648000405062 ], [ 20.727901097857512, 48.566333699440861 ], [ 20.727990000338423, 48.566196999791771 ], [ 20.728680000681493, 48.566245000206777 ], [ 20.729260603893749, 48.566400000159945 ], [ 20.734295000613884, 48.567744000085668 ], [ 20.734010000061517, 48.569218999757084 ], [ 20.733867000661633, 48.570003999984749 ], [ 20.733919779174585, 48.570007697097537 ], [ 20.741005000680218, 48.570504000559367 ], [ 20.741386000263788, 48.570527999867295 ], [ 20.74352800011718, 48.570575000236261 ], [ 20.74750099987142, 48.570789000212187 ], [ 20.755782000439012, 48.571337000302492 ], [ 20.761540000670607, 48.571765000254572 ], [ 20.762705999582295, 48.571884000346529 ], [ 20.772486000028948, 48.572931000065637 ], [ 20.782717000589287, 48.573882999900661 ], [ 20.795998703877217, 48.575079221429064 ], [ 20.796185000237756, 48.575096000080407 ], [ 20.796613000189893, 48.574834999735515 ], [ 20.797922000300105, 48.574382000429011 ], [ 20.799350001401478, 48.574478000359534 ], [ 20.799730000039574, 48.574524999829066 ], [ 20.802632999913101, 48.575001000196039 ], [ 20.805226999926106, 48.575500999871281 ], [ 20.811842000108243, 48.576809999981549 ], [ 20.814269001413436, 48.577309001409446 ], [ 20.815628395034537, 48.577699999655351 ], [ 20.815800000069999, 48.577749358046503 ], [ 20.818076000706981, 48.578403999744864 ], [ 20.8206478153445, 48.579091302121981 ], [ 20.821193000556718, 48.579237000387366 ], [ 20.8240509596842, 48.579947175222003 ], [ 20.829141000157222, 48.581211999734194 ], [ 20.829855000707823, 48.581378000194661 ], [ 20.831724080601873, 48.581804377769856 ], [ 20.83392300034626, 48.582305999822211 ], [ 20.834105724599624, 48.582347535910174 ], [ 20.834970000065539, 48.582544000005669 ], [ 20.835898000592294, 48.582687000304929 ], [ 20.836850000427148, 48.582116000053418 ], [ 20.839158000741236, 48.580521000244005 ], [ 20.839593415603815, 48.580199999830199 ], [ 20.839705999931994, 48.580116999599852 ], [ 20.839039000649507, 48.579592999717306 ], [ 20.838278000629316, 48.579022000365114 ], [ 20.837444999986815, 48.578499001427815 ], [ 20.837159000287727, 48.578237000137619 ], [ 20.8366238326239, 48.577735750404713 ], [ 20.835660000408836, 48.576833000142983 ], [ 20.835658009309782, 48.576829005354455 ], [ 20.835518000155673, 48.576547999590559 ], [ 20.835518000155673, 48.576421332778409 ], [ 20.835518000155673, 48.576310000306307 ], [ 20.835636000201305, 48.576047999915318 ], [ 20.836541000566797, 48.5750729999192 ], [ 20.837825999570384, 48.573930000269399 ], [ 20.838040000445687, 48.573930000269399 ], [ 20.838706000581624, 48.574240000175848 ], [ 20.842798999574313, 48.576167000007217 ], [ 20.844012000653493, 48.576809999981549 ], [ 20.845583000255317, 48.577974999746459 ], [ 20.847558001400728, 48.579475000570994 ], [ 20.850497716096754, 48.581489951400329 ], [ 20.850508000743673, 48.58149700028639 ], [ 20.849865999916062, 48.578594000412863 ], [ 20.849699420291984, 48.577977450399146 ], [ 20.849461000125189, 48.577095001433349 ], [ 20.847795000638939, 48.570337000052575 ], [ 20.847358029949248, 48.568458030313877 ], [ 20.847300000294922, 48.568208500821697 ], [ 20.847297423737302, 48.568197423871993 ], [ 20.847225000433468, 48.567886000338831 ], [ 20.851118000095653, 48.567135999926506 ], [ 20.851667117143847, 48.566999999950212 ], [ 20.85510000026494, 48.566149776391114 ], [ 20.855196000195406, 48.566126000114878 ], [ 20.855196000195406, 48.565611999793987 ], [ 20.855196000195406, 48.565531000555382 ], [ 20.855196000195406, 48.565125999865131 ], [ 20.85878900041223, 48.559963000092353 ], [ 20.860883000749993, 48.557987999846375 ], [ 20.861003058444453, 48.557881657712528 ], [ 20.861590506396738, 48.557361313573892 ], [ 20.863833140387271, 48.555374855065622 ], [ 20.864588576301799, 48.554705712698535 ], [ 20.867545000401492, 48.55208700021501 ], [ 20.868235000744733, 48.551635000055398 ], [ 20.868925000188597, 48.552133999684429 ], [ 20.869782000139253, 48.552634000259047 ], [ 20.870591000574279, 48.552991001433611 ], [ 20.874113000214834, 48.553418999587336 ], [ 20.875254000671589, 48.553515000417008 ], [ 20.876040000045975, 48.552230001413477 ], [ 20.876539000574553, 48.551301999987345 ], [ 20.877110999972786, 48.550612001442857 ], [ 20.878252999576262, 48.550826001418955 ], [ 20.898669000374127, 48.555775000316089 ], [ 20.905972999954031, 48.557583000055502 ], [ 20.908638001442682, 48.558226000030004 ], [ 20.916362846867912, 48.560074307383388 ], [ 20.916395000329089, 48.560082000184309 ], [ 20.916612454601136, 48.560056228312362 ], [ 20.916800000119963, 48.560033999769246 ], [ 20.916849214619674, 48.560025392358114 ], [ 20.917566167644623, 48.559899999885204 ], [ 20.918079592399408, 48.55981020437747 ], [ 20.918137935017796, 48.559799999770348 ], [ 20.920152305784313, 48.559447693955974 ], [ 20.920277431158581, 48.559425809853224 ], [ 20.922106000191832, 48.559106000141924 ], [ 20.922300000145015, 48.558956541811028 ], [ 20.926136079016942, 48.556001226575461 ], [ 20.927426727561453, 48.555006910040959 ], [ 20.9278715196549, 48.55466424226114 ], [ 20.92822100069867, 48.554395001428304 ], [ 20.928412001412767, 48.554133000137938 ], [ 20.928650000697019, 48.553800000070055 ], [ 20.92899999975026, 48.553118583755747 ], [ 20.929101999957481, 48.552919999958192 ], [ 20.92911865720032, 48.552799999820138 ], [ 20.929152949249328, 48.55255294885967 ], [ 20.929244000210417, 48.551897000446388 ], [ 20.929315999933578, 48.551253999572509 ], [ 20.929529999909732, 48.550041000291969 ], [ 20.930268000667866, 48.547780000346791 ], [ 20.931430795295, 48.545503808154194 ], [ 20.934402783062012, 48.539686085744449 ], [ 20.934716999889645, 48.539070999826947 ], [ 20.937910568917744, 48.540713212245066 ], [ 20.937985999554428, 48.540752000004943 ], [ 20.941399999610383, 48.540878117331317 ], [ 20.941451000163681, 48.54088000141104 ], [ 20.94133242904843, 48.539724286246951 ], [ 20.94128500060242, 48.53926200144025 ], [ 20.94102300021143, 48.536644000320507 ], [ 20.941048684848965, 48.536186849743387 ], [ 20.941137660175059, 48.534603245243602 ], [ 20.941142000303159, 48.534525999775099 ], [ 20.943140000710571, 48.535335000210239 ], [ 20.944408685112762, 48.53585652066198 ], [ 20.94544137392046, 48.536281030345378 ], [ 20.945685547050516, 48.536381402779625 ], [ 20.945687000354837, 48.536381999929517 ], [ 20.945880588418447, 48.536339003342448 ], [ 20.947614000186036, 48.535953999977266 ], [ 20.948463954847682, 48.535749611954998 ], [ 20.950683001419407, 48.535216000118339 ], [ 20.951066978658218, 48.53512114142768 ], [ 20.954823999927783, 48.534192999707216 ], [ 20.955900000085023, 48.533918707382554 ], [ 20.95594200022316, 48.533908000054339 ], [ 20.955918000015799, 48.532433000382809 ], [ 20.955956526972216, 48.530647784967471 ], [ 20.955996875955179, 48.528778132205105 ], [ 20.956012999900054, 48.528030999730959 ], [ 20.956148600577592, 48.523959790412164 ], [ 20.95620000042976, 48.522416632921306 ], [ 20.956224087871476, 48.521693431406788 ], [ 20.956226999876208, 48.521606000216877 ], [ 20.958488000720706, 48.520845000196687 ], [ 20.959083000280373, 48.520749000266221 ], [ 20.964008999915563, 48.520297000106609 ], [ 20.964936000396222, 48.520297000106609 ], [ 20.965436000071463, 48.520391999990807 ], [ 20.967292000225768, 48.520986999550473 ], [ 20.969600001439005, 48.521915000077229 ], [ 20.972289000437058, 48.523010000211514 ], [ 20.974763585771029, 48.523947255661483 ], [ 20.975391010386943, 48.524184894317614 ], [ 20.976119999938135, 48.524461000574775 ], [ 20.976316110600067, 48.524229863117853 ], [ 20.977693246945876, 48.522606754997753 ], [ 20.978188449637344, 48.522023103083768 ], [ 20.978785001426786, 48.521320001417109 ], [ 20.980641000681715, 48.519059999719332 ], [ 20.981069000633966, 48.518465000159665 ], [ 20.981342960209531, 48.518099879905606 ], [ 20.981639999986157, 48.517704000139531 ], [ 20.982140000560605, 48.517799000023899 ], [ 20.982663000397281, 48.517964999585217 ], [ 20.983424999564136, 48.518226999976207 ], [ 20.984900000134928, 48.518917000319448 ], [ 20.985637999993799, 48.519368999579854 ], [ 20.986399575580037, 48.51984978793746 ], [ 20.987184000241484, 48.520345001420822 ], [ 20.989236952823262, 48.521647460761756 ], [ 20.989397000671147, 48.521749001415287 ], [ 20.98992100055392, 48.522747999820353 ], [ 20.990111000322543, 48.523248000395029 ], [ 20.990087000115011, 48.523580999563535 ], [ 20.989847077180855, 48.523905847277206 ], [ 20.989683000370235, 48.524128001406268 ], [ 20.989255000417984, 48.524747000273919 ], [ 20.989121165109793, 48.525166135608856 ], [ 20.989108246348621, 48.525206596107637 ], [ 20.989087999911419, 48.525270000110595 ], [ 20.989493000601612, 48.525627000385953 ], [ 20.990658000366523, 48.526484000336438 ], [ 20.991539001423916, 48.526817000404321 ], [ 20.992167351442163, 48.526986939895437 ], [ 20.992215639640108, 48.526999999850148 ], [ 20.992419000636403, 48.527054999688573 ], [ 20.993062000610905, 48.527197999987834 ], [ 20.995964999585112, 48.527340000240997 ], [ 20.996345677211423, 48.527349606799021 ], [ 20.996916000273245, 48.527364000448301 ], [ 20.997987000200055, 48.527387999756456 ], [ 20.999177000218424, 48.527317000079563 ], [ 21.000024000607141, 48.527216999964708 ], [ 21.000524000282439, 48.527192999757233 ], [ 21.003022000365149, 48.527241000172069 ], [ 21.004099999715379, 48.527329347771342 ], [ 21.004182543989373, 48.52733611337095 ], [ 21.004473999875245, 48.527360000263968 ], [ 21.009090068851719, 48.529390028227283 ], [ 21.009613000339698, 48.529620000162993 ], [ 21.012457000190466, 48.531312999995066 ], [ 21.013884000346366, 48.531979000130832 ], [ 21.014549367359564, 48.532093512605684 ], [ 21.015110000226457, 48.532189999968693 ], [ 21.018788546654093, 48.530755726096061 ], [ 21.018893000211904, 48.530715000297107 ], [ 21.019218581772179, 48.530600000389768 ], [ 21.02212900015337, 48.529571999748157 ], [ 21.022795000289079, 48.529406000186896 ], [ 21.023247999595583, 48.529406000186896 ], [ 21.023604000724106, 48.529406000186896 ], [ 21.023866000215889, 48.529595999955518 ], [ 21.024199000283772, 48.529905999862137 ], [ 21.024604000074646, 48.530263000137325 ], [ 21.025095562310526, 48.530653090068199 ], [ 21.025413001408992, 48.530905000065786 ], [ 21.025936000346292, 48.531189999718777 ], [ 21.026103537748213, 48.531235691574068 ], [ 21.02683935765026, 48.531436369892674 ], [ 21.027244999557183, 48.531546999994191 ], [ 21.027792001399746, 48.531571000201495 ], [ 21.028481999944461, 48.531381000432873 ], [ 21.028982001418285, 48.531238000133612 ], [ 21.029577000078575, 48.53104800036499 ], [ 21.029980555558268, 48.530853241384136 ], [ 21.030259347191247, 48.530718693812844 ], [ 21.030267000421873, 48.530715000297107 ], [ 21.030742999889583, 48.530263000137325 ], [ 21.031856000853907, 48.529013500073063 ], [ 21.031909000599967, 48.528954000027056 ], [ 21.033003000688041, 48.527834999685638 ], [ 21.033550000732021, 48.527360000263968 ], [ 21.033865911882458, 48.527130301722195 ], [ 21.033907584667475, 48.52710000086438 ], [ 21.034074000614794, 48.526978999781079 ], [ 21.041760000723514, 48.52588400144549 ], [ 21.042711001411703, 48.525764999555236 ], [ 21.043710999862867, 48.525670000570187 ], [ 21.045614000385854, 48.525646000362656 ], [ 21.046495001443247, 48.525646000362656 ], [ 21.048969999565941, 48.525764999555236 ], [ 21.053062000311115, 48.525956000269275 ], [ 21.053039960625824, 48.525609942045264 ], [ 21.053014999942377, 48.525218000410575 ], [ 21.053062000311115, 48.524408999975549 ], [ 21.053340785648857, 48.522159213676957 ], [ 21.05334800001026, 48.522101000560895 ], [ 21.053387876849115, 48.522112123375905 ], [ 21.05339999971028, 48.522115503927353 ], [ 21.057868999854577, 48.52336200025627 ], [ 21.063507999994329, 48.525027999742576 ], [ 21.063862564006229, 48.525169096177024 ], [ 21.065840001415097, 48.525956000269275 ], [ 21.066010345600944, 48.525791380268117 ], [ 21.067268000717718, 48.524575999582794 ], [ 21.067591593877125, 48.52435008808618 ], [ 21.069494999994276, 48.52302124983089 ], [ 21.06968300057008, 48.522890000073517 ], [ 21.074013000599564, 48.520486999875232 ], [ 21.075179000410571, 48.520152999761251 ], [ 21.081318000225565, 48.518439999906263 ], [ 21.082009000615074, 48.518274000344945 ], [ 21.082865001418838, 48.51810699983821 ], [ 21.086243999860756, 48.518345000021839 ], [ 21.086715672690275, 48.518448040744659 ], [ 21.087100000664691, 48.518532000551545 ], [ 21.088067472436023, 48.518278641746008 ], [ 21.088645420849559, 48.518127290342193 ], [ 21.088749628892288, 48.518100000414734 ], [ 21.08882600021991, 48.518080000391762 ], [ 21.090182000698917, 48.517390000048522 ], [ 21.091633000162972, 48.516343000329243 ], [ 21.093132000041862, 48.515153000310875 ], [ 21.094726000704497, 48.513868000407967 ], [ 21.096083000330225, 48.512773000273853 ], [ 21.097629000578081, 48.51101300005007 ], [ 21.097985999954062, 48.509988999592849 ], [ 21.097993045242845, 48.509472178997953 ], [ 21.09803693665549, 48.506252256236678 ], [ 21.098048628741367, 48.505394513446106 ], [ 21.09805800057643, 48.504706999728285 ], [ 21.097915000277169, 48.504087999961314 ], [ 21.097780189204457, 48.503980189234369 ], [ 21.097608079649262, 48.503842549793944 ], [ 21.097201000625773, 48.503516999709802 ], [ 21.096130000698963, 48.502732000381684 ], [ 21.095273999895255, 48.502185000337647 ], [ 21.095157725648676, 48.502157725698567 ], [ 21.094869000104381, 48.502089999553903 ], [ 21.09429799985287, 48.501566000570449 ], [ 21.094108000084248, 48.500732999928118 ], [ 21.094154999553609, 48.500353000390703 ], [ 21.094497000036654, 48.499957000115444 ], [ 21.095211000587256, 48.49931500018721 ], [ 21.099923000246349, 48.495459999579452 ], [ 21.100703038014899, 48.494922721206706 ], [ 21.100993000127005, 48.494722999766793 ], [ 21.101745443097911, 48.494384851979305 ], [ 21.102158999938013, 48.49419899988402 ], [ 21.102680026662028, 48.494059987178844 ], [ 21.103518145346186, 48.493836370751978 ], [ 21.10358700014001, 48.493818000300507 ], [ 21.105800821650689, 48.49336333814756 ], [ 21.110293559400304, 48.49244064362091 ], [ 21.112636440819131, 48.491959475749354 ], [ 21.114937000142447, 48.491486999825156 ], [ 21.116242141261921, 48.491228650681876 ], [ 21.116983000065545, 48.491082000034339 ], [ 21.117483000639993, 48.491082000034339 ], [ 21.124788000266165, 48.491938999984939 ], [ 21.127049000211343, 48.492224001436568 ], [ 21.128119000091829, 48.492366999937246 ], [ 21.128139519023648, 48.492377074142723 ], [ 21.129566565045081, 48.493077709868487 ], [ 21.13083200019679, 48.493699000208721 ], [ 21.13153392644972, 48.494073569639681 ], [ 21.132346854224068, 48.494507374715624 ], [ 21.132616000628047, 48.494651000043802 ], [ 21.132645126071793, 48.494670069268409 ], [ 21.133925000738316, 48.495507999994288 ], [ 21.134282000114354, 48.496125999715161 ], [ 21.134435604319776, 48.496406811225427 ], [ 21.134829000158334, 48.497125999965078 ], [ 21.134948000250063, 48.497792000100844 ], [ 21.134987238570261, 48.498492573773319 ], [ 21.134996000664955, 48.4986490000515 ], [ 21.135084845589233, 48.498931802660707 ], [ 21.135138000018742, 48.499101000211112 ], [ 21.135252898302667, 48.499252898402517 ], [ 21.140650000597191, 48.506387999906281 ], [ 21.140708630998688, 48.506460594980581 ], [ 21.142148999576705, 48.508244000060586 ], [ 21.14253584835086, 48.508363206097272 ], [ 21.142824000127632, 48.508451999760155 ], [ 21.144609000604987, 48.509094999734486 ], [ 21.144771366005784, 48.50920000008 ], [ 21.145243000164498, 48.509504999756018 ], [ 21.147099000318633, 48.510790000558131 ], [ 21.147884001445675, 48.511623000301256 ], [ 21.149587151925687, 48.513764525312638 ], [ 21.150319999568353, 48.514686000358779 ], [ 21.150347078155164, 48.514693823561288 ], [ 21.155840001415072, 48.516281000168135 ], [ 21.158933000157901, 48.517494000347881 ], [ 21.159504000409413, 48.517755999839494 ], [ 21.159551999925043, 48.518207999999333 ], [ 21.159647000708674, 48.518708000573952 ], [ 21.160028000292016, 48.519683000570069 ], [ 21.160599001442904, 48.520849000381247 ], [ 21.160859999989043, 48.521254000172121 ], [ 21.161240999572556, 48.521515001416219 ], [ 21.16200300143754, 48.521587000240004 ], [ 21.163606433290454, 48.521643730374024 ], [ 21.169504832082396, 48.521852416256081 ], [ 21.172263000637145, 48.52194999989274 ], [ 21.172986000703531, 48.521923999593014 ], [ 21.173315000586854, 48.521845000446604 ], [ 21.17372300141551, 48.521608000309072 ], [ 21.175195000049257, 48.520385000567387 ], [ 21.176391443710202, 48.519537441699697 ], [ 21.177160000733579, 48.518993000226772 ], [ 21.178064000153597, 48.518446000182792 ], [ 21.179040000195982, 48.51799400002318 ], [ 21.179600999986235, 48.517869000554072 ], [ 21.185177999964878, 48.519969000269157 ], [ 21.185487999871327, 48.520159000038007 ], [ 21.187058000326488, 48.522491000559398 ], [ 21.189509000040459, 48.52368100057771 ], [ 21.189879382227787, 48.523420618067178 ], [ 21.190422749910169, 48.523038624732749 ], [ 21.19127000031034, 48.522443000144392 ], [ 21.195552999971028, 48.524395000229163 ], [ 21.197783762910376, 48.524772078768535 ], [ 21.201433729782934, 48.525389054161622 ], [ 21.202024999853904, 48.525489000317179 ], [ 21.209187000080021, 48.527344999572051 ], [ 21.209187000080021, 48.528083000330355 ], [ 21.209116000403128, 48.528701000051285 ], [ 21.209055192743051, 48.528865578683565 ], [ 21.208948999896563, 48.529153000210897 ], [ 21.208783000335245, 48.52967700009367 ], [ 21.208640000036155, 48.530486001428017 ], [ 21.208651368366077, 48.530543159639137 ], [ 21.208711000612254, 48.530842999904678 ], [ 21.209052667446826, 48.532195866246298 ], [ 21.209100000564661, 48.532383290356677 ], [ 21.209330000379282, 48.533294001417175 ], [ 21.210092000445513, 48.533127000011234 ], [ 21.210663000697025, 48.532983999711973 ], [ 21.21123400004916, 48.532793999943181 ], [ 21.213471000686184, 48.532175000176153 ], [ 21.216683000420289, 48.531319000271765 ], [ 21.216992000280641, 48.531676001446385 ], [ 21.21722999956495, 48.532127999807415 ], [ 21.217825000023765, 48.53360300037815 ], [ 21.218039, 48.534173999730342 ], [ 21.218039, 48.534447499752446 ], [ 21.218039, 48.534601999682593 ], [ 21.218152950398348, 48.534732375299029 ], [ 21.218372000067802, 48.534983000165482 ], [ 21.218951383799379, 48.535550460685329 ], [ 21.219701809590902, 48.536285445117187 ], [ 21.219937958070375, 48.536516733660392 ], [ 21.220656000174358, 48.53721999990313 ], [ 21.220791896728826, 48.53723929665631 ], [ 21.221156000748977, 48.537290999580023 ], [ 21.222584000051597, 48.536934000203985 ], [ 21.229222000395168, 48.535125999565366 ], [ 21.229556226238969, 48.535214590880798 ], [ 21.233171999987974, 48.536173000183851 ], [ 21.233065640766824, 48.536468718856327 ], [ 21.23295800001182, 48.536767999743518 ], [ 21.232900000035102, 48.537196588751726 ], [ 21.232768000243198, 48.538171999737983 ], [ 21.232720000727568, 48.5386470000592 ], [ 21.232900000934478, 48.538907747694452 ], [ 21.232934000703722, 48.538956999965649 ], [ 21.2349306071618, 48.539233061256823 ], [ 21.235899999885248, 48.539367094415979 ], [ 21.236137992874092, 48.53939999971027 ], [ 21.236662838119628, 48.539472567804921 ], [ 21.236861240254143, 48.539499999825125 ], [ 21.237440113170862, 48.539580037688779 ], [ 21.23758448943272, 48.539599999940151 ], [ 21.238098001421747, 48.539671001415627 ], [ 21.238859001441938, 48.539671001415627 ], [ 21.238930856374054, 48.5396654292162 ], [ 21.239061462216796, 48.539655301051425 ], [ 21.239478000309532, 48.539623000101415 ], [ 21.240049000561044, 48.539479999802154 ], [ 21.240477001412557, 48.539170999941803 ], [ 21.240340341333706, 48.538829830432462 ], [ 21.240334000214091, 48.538814000565765 ], [ 21.240572000397549, 48.538480999598562 ], [ 21.241619000116827, 48.537791000154641 ], [ 21.249733000177855, 48.532937000242441 ], [ 21.250898999989033, 48.532246999899314 ], [ 21.266246999999169, 48.526036000361159 ], [ 21.268792999597338, 48.525275000341026 ], [ 21.269554001416225, 48.525132000041765 ], [ 21.269935000100361, 48.525132000041765 ], [ 21.270221000698712, 48.525346000017919 ], [ 21.270815000212281, 48.52610800008415 ], [ 21.271149000326204, 48.526630999920826 ], [ 21.271505000555521, 48.5270359997117 ], [ 21.272124000322549, 48.526988000196241 ], [ 21.272575999582784, 48.526917001418553 ], [ 21.274906615148211, 48.526448346714005 ], [ 21.277548999586713, 48.52591700026943 ], [ 21.277759361805238, 48.52586757982499 ], [ 21.278524210923649, 48.525687894380894 ], [ 21.278898342384764, 48.525600000040015 ], [ 21.278925852646012, 48.525593536612519 ], [ 21.282645313730427, 48.524719725635009 ], [ 21.284442118708796, 48.524297603651576 ], [ 21.286109441097949, 48.52390590123639 ], [ 21.286258000106784, 48.52387100034656 ], [ 21.294167068055799, 48.522370259380011 ], [ 21.295038000303521, 48.522204999960877 ], [ 21.296619345706404, 48.522161308197951 ], [ 21.303652000039961, 48.521966999777248 ], [ 21.304271000706137, 48.521966999777248 ], [ 21.304936999942697, 48.522039000399616 ], [ 21.305460000678579, 48.5221819997995 ], [ 21.305936000146346, 48.522371999568293 ], [ 21.306365000144694, 48.522586000443596 ], [ 21.307721000623701, 48.523703999839768 ], [ 21.307983000115541, 48.524061000115182 ], [ 21.308168052713654, 48.524934025984521 ], [ 21.308316000183368, 48.525631999717064 ], [ 21.308221000299, 48.525964999784946 ], [ 21.30795899990801, 48.526227000176107 ], [ 21.307483000440243, 48.526322000060304 ], [ 21.307101999957524, 48.526202999968575 ], [ 21.306745000581316, 48.525964999784946 ], [ 21.306600001089294, 48.52584277562363 ], [ 21.306293000421704, 48.525584000201547 ], [ 21.305746000377724, 48.525203999764926 ], [ 21.305740233025404, 48.525199999580423 ], [ 21.305608946395864, 48.525108945921204 ], [ 21.305596047419726, 48.525100000364716 ], [ 21.305435999571898, 48.524988999742732 ], [ 21.304271000706137, 48.524823000181414 ], [ 21.303699000408699, 48.524847000388945 ], [ 21.303695111740126, 48.524847556169959 ], [ 21.302867000711672, 48.524965999581298 ], [ 21.302534000643789, 48.525107999834461 ], [ 21.302415000551889, 48.525440999902344 ], [ 21.302438000713323, 48.525822000385062 ], [ 21.30258100011315, 48.526274001444051 ], [ 21.302867000711672, 48.526703001442399 ], [ 21.303247000248916, 48.527083000080438 ], [ 21.303699000408699, 48.52753500024005 ], [ 21.303757000385247, 48.527578500447589 ], [ 21.30384299985468, 48.52764299982465 ], [ 21.30415699994569, 48.527878500792326 ], [ 21.304174999876466, 48.527892001414841 ], [ 21.304433825660567, 48.528033827199351 ], [ 21.306280999868306, 48.529045999773189 ], [ 21.306805000650229, 48.529308000164178 ], [ 21.307281000118167, 48.529450999564062 ], [ 21.307614000186049, 48.529497999932801 ], [ 21.308137000022725, 48.529570000555168 ], [ 21.308822644049826, 48.529588677675463 ], [ 21.309018000180743, 48.529593999863323 ], [ 21.310647229985818, 48.529815743002189 ], [ 21.311112001417825, 48.529879000415519 ], [ 21.314657000320437, 48.531021000019223 ], [ 21.314919000711427, 48.531140000110952 ], [ 21.315251999879933, 48.53163999978625 ], [ 21.315707752011235, 48.532507752031222 ], [ 21.315751999555175, 48.532592001419857 ], [ 21.315942000223174, 48.533043999780887 ], [ 21.315942000223174, 48.53332900033314 ], [ 21.31574273024296, 48.53355726985211 ], [ 21.314600000389817, 48.534866303237493 ], [ 21.313324000002694, 48.536328000137189 ], [ 21.313063000557179, 48.536542000113286 ], [ 21.312733828003786, 48.536800000319943 ], [ 21.312729999589919, 48.536802999558802 ], [ 21.312015999938524, 48.537089000157323 ], [ 21.312796355167848, 48.539934547741211 ], [ 21.312825000373493, 48.540039000399645 ], [ 21.316349172776142, 48.543301652649177 ], [ 21.316988999942453, 48.543894000108082 ], [ 21.317605060725157, 48.544299999945167 ], [ 21.318036000561108, 48.544583999552117 ], [ 21.318631000120604, 48.544870000150468 ], [ 21.319249000740911, 48.545132001440777 ], [ 21.319880000161959, 48.5453339999641 ], [ 21.320689000596985, 48.545572000147786 ], [ 21.320800001219141, 48.545727306769891 ], [ 21.321165000064696, 48.546238000283552 ], [ 21.32125999994912, 48.546785000327532 ], [ 21.321268144209512, 48.5475681443545 ], [ 21.321272001401724, 48.547938999585313 ], [ 21.321115808947582, 48.548384190977686 ], [ 21.321104999995782, 48.548414999952399 ], [ 21.321004436905298, 48.548495563019912 ], [ 21.320998898880191, 48.548500000274942 ], [ 21.320748000619801, 48.548701000550921 ], [ 21.32017700036846, 48.549010000411272 ], [ 21.320000000299956, 48.549074301937537 ], [ 21.319654001431104, 48.549200000179894 ], [ 21.31903499986538, 48.549415000202146 ], [ 21.318297000006623, 48.549556999555932 ], [ 21.317665556320492, 48.549365556375506 ], [ 21.317512000678335, 48.549319000271623 ], [ 21.316941000426993, 48.549057999926731 ], [ 21.316275000291057, 48.549057999926731 ], [ 21.314727999997331, 48.549296000110417 ], [ 21.314110000276457, 48.549485999879039 ], [ 21.313729000692888, 48.549818999946922 ], [ 21.313610000601159, 48.550414000405965 ], [ 21.313800000369781, 48.550960999550568 ], [ 21.314101370382105, 48.551250684671459 ], [ 21.314419000136809, 48.551556000009441 ], [ 21.315539330575689, 48.552239330980456 ], [ 21.316311000152666, 48.552710000166371 ], [ 21.316928999873539, 48.552876999773787 ], [ 21.317429000448044, 48.552899999935221 ], [ 21.317929000123286, 48.552829000258328 ], [ 21.318451999959962, 48.552685999959067 ], [ 21.318976000741941, 48.552496000190445 ], [ 21.319428000002347, 48.552328999683652 ], [ 21.32018900002231, 48.551949000146408 ], [ 21.320783999581977, 48.551805999847147 ], [ 21.321291677668967, 48.551708322681066 ], [ 21.322020999969254, 48.551568000562895 ], [ 21.322593000266863, 48.551568000562895 ], [ 21.322735999666747, 48.551568000562895 ], [ 21.323069000634007, 48.551568000562895 ], [ 21.323544000055676, 48.551710999962779 ], [ 21.323922220733891, 48.551899999685304 ], [ 21.324877221606584, 48.55237722223103 ], [ 21.324922804643847, 48.552400000259922 ], [ 21.325256999910721, 48.552566999867338 ], [ 21.325497153071183, 48.552697153351062 ], [ 21.325531079995358, 48.552715539990288 ], [ 21.32582900020833, 48.552876999773787 ], [ 21.326305000575417, 48.553328999933569 ], [ 21.326709000320193, 48.553875999977606 ], [ 21.326803637777743, 48.554292724229867 ], [ 21.326828000411922, 48.554399999860152 ], [ 21.326828000411922, 48.55482799981246 ], [ 21.326716802838291, 48.555216801914071 ], [ 21.326685000112718, 48.555328000387078 ], [ 21.326518001404679, 48.555802999808748 ], [ 21.326290084420009, 48.556054958369771 ], [ 21.326281000367942, 48.556065000199737 ], [ 21.32626858342843, 48.556065707966184 ], [ 21.325019000626412, 48.556136999922728 ], [ 21.323457270336803, 48.556200000129877 ], [ 21.323286198599249, 48.556206900628013 ], [ 21.322663999943757, 48.556231999806926 ], [ 21.321879000615468, 48.556231999806926 ], [ 21.319543609650054, 48.556121804977352 ], [ 21.319357000325454, 48.556112999715197 ], [ 21.31861899956715, 48.555946000108008 ], [ 21.318082757213517, 48.555799999670285 ], [ 21.317833000192991, 48.555732000131854 ], [ 21.316596000704862, 48.555423000271333 ], [ 21.316547285329136, 48.555447284664638 ], [ 21.31626300063698, 48.555588999832594 ], [ 21.315930000569153, 48.556541000566881 ], [ 21.315883000200358, 48.557065000449427 ], [ 21.316024999554145, 48.557611999594258 ], [ 21.31684639264688, 48.558700000304952 ], [ 21.316977000288432, 48.558873000188896 ], [ 21.317667000631673, 48.559372999864138 ], [ 21.318227488707691, 48.559754976111378 ], [ 21.320879000365608, 48.561562000086326 ], [ 21.321593000017003, 48.561776000062423 ], [ 21.32244999996766, 48.562014000246108 ], [ 21.323282000564063, 48.562109000130306 ], [ 21.324044000630295, 48.562109000130306 ], [ 21.324291000329424, 48.562109000130306 ], [ 21.324806000696356, 48.562109000130306 ], [ 21.3255652002739, 48.562065200448728 ], [ 21.325628854288198, 48.562061527617459 ], [ 21.32563800039344, 48.56206099971547 ], [ 21.325924000092527, 48.561776000062423 ], [ 21.32589294290517, 48.561709408862157 ], [ 21.325867021745694, 48.561653830759838 ], [ 21.325591000024644, 48.561062000411027 ], [ 21.327613000639587, 48.559491999955867 ], [ 21.327675129403815, 48.559487563600271 ], [ 21.335904999915783, 48.55890000143404 ], [ 21.337237000187486, 48.558827999912296 ], [ 21.339189000272256, 48.558852000119828 ], [ 21.339855000408022, 48.558876000327132 ], [ 21.340426000659534, 48.559162000026447 ], [ 21.340926000334775, 48.559541999563692 ], [ 21.341473000378812, 48.559852000369517 ], [ 21.341949000745956, 48.55992300004641 ], [ 21.347160000034023, 48.560399000413724 ], [ 21.348207000652678, 48.560470000090618 ], [ 21.350651277034842, 48.560511439951085 ], [ 21.355226000579535, 48.560589000182347 ], [ 21.358462158801615, 48.560505179770416 ], [ 21.360747000673598, 48.560445999883143 ], [ 21.364338999944948, 48.560350999998718 ], [ 21.365314999987334, 48.560280000321825 ], [ 21.366183755875738, 48.560146497762787 ], [ 21.371560668390259, 48.559320223149939 ], [ 21.372136545665171, 48.559231727162512 ], [ 21.373215000072378, 48.559066000095982 ], [ 21.373390867894386, 48.559036346750077 ], [ 21.379139999911217, 48.558066999892162 ], [ 21.379567999863355, 48.558042999684801 ], [ 21.379879944104289, 48.558199440351984 ], [ 21.379900999931237, 48.558210000191423 ], [ 21.380496000390224, 48.558708999820567 ], [ 21.380861143127277, 48.559030572203142 ], [ 21.38109099994972, 48.55923299970334 ], [ 21.381182827026009, 48.559282826641322 ], [ 21.381924000592221, 48.559684999862952 ], [ 21.383251302805434, 48.560100000115085 ], [ 21.383827000215888, 48.560280000321825 ], [ 21.385335798208587, 48.56066789860472 ], [ 21.387787532668654, 48.561298219037724 ], [ 21.387805862650623, 48.561302930585896 ], [ 21.390489999913655, 48.561993000176869 ], [ 21.394844000150613, 48.563110999573041 ], [ 21.395867000561793, 48.563325999595236 ], [ 21.399484000086716, 48.563421000379037 ], [ 21.40038800040594, 48.563421000379037 ], [ 21.401578000424479, 48.563421000379037 ], [ 21.402030000584091, 48.563372999964031 ], [ 21.402652057146781, 48.563299412038361 ], [ 21.403839000369601, 48.563158999988048 ], [ 21.404023453119919, 48.563099999965061 ], [ 21.40443299988317, 48.562969000219255 ], [ 21.404790000158414, 48.56273100003574 ], [ 21.405258941746922, 48.562238414371393 ], [ 21.405266001424877, 48.562231000360498 ], [ 21.405622999901709, 48.561470000340364 ], [ 21.405738692287002, 48.561161308047986 ], [ 21.405799999970213, 48.560997724065885 ], [ 21.405836999877693, 48.560899000088796 ], [ 21.40619400015305, 48.560422999721709 ], [ 21.406765000404619, 48.559803999954681 ], [ 21.407094008381875, 48.559550999079534 ], [ 21.407384000171589, 48.559327999587595 ], [ 21.408241000122246, 48.559114001410194 ], [ 21.409978000184594, 48.55890000143404 ], [ 21.413856000054466, 48.558781000442934 ], [ 21.414689000696967, 48.558781000442934 ], [ 21.415855001407351, 48.558852000119828 ], [ 21.416497000436379, 48.559185000187711 ], [ 21.420304000629187, 48.561516999809726 ], [ 21.421280000671572, 48.562207000152966 ], [ 21.421613000739455, 48.562659000312806 ], [ 21.421804000554346, 48.563372999964031 ], [ 21.421827000715552, 48.564182000399171 ], [ 21.421827000715552, 48.565514999817424 ], [ 21.421779000300717, 48.567228000571788 ], [ 21.4215890014313, 48.568679000036013 ], [ 21.421399999910193, 48.570170111061771 ], [ 21.421398999864095, 48.570177999914904 ], [ 21.421356133678671, 48.57060706466433 ], [ 21.421299999795337, 48.571168927803797 ], [ 21.421184999887942, 48.572319999768297 ], [ 21.421161000579843, 48.573390999694936 ], [ 21.421161000579843, 48.574747000174114 ], [ 21.421200000579688, 48.574853488897588 ], [ 21.42123779998451, 48.574956697793368 ], [ 21.422659999559357, 48.578840000066009 ], [ 21.426899999935017, 48.581611517257784 ], [ 21.426991001433635, 48.581671000216602 ], [ 21.431155000103217, 48.583313000394753 ], [ 21.431942943811919, 48.583500000025083 ], [ 21.432000000399796, 48.5835135411171 ], [ 21.432185072783, 48.583557464005878 ], [ 21.438573638962396, 48.585073639137249 ], [ 21.438684714228145, 48.585100000065097 ], [ 21.438966991633549, 48.585166992362872 ], [ 21.439516117674714, 48.585297314019954 ], [ 21.439578000024767, 48.585311999948885 ], [ 21.440219999953001, 48.585336000156417 ], [ 21.440744000735151, 48.585336000156417 ], [ 21.441290999879811, 48.585073999765427 ], [ 21.445725323065233, 48.580910668392789 ], [ 21.446299999745349, 48.580371111137936 ], [ 21.446740000250884, 48.579958000361557 ], [ 21.447930000269423, 48.578672999559444 ], [ 21.44921500017216, 48.576389000352265 ], [ 21.449346231943082, 48.576251255691091 ], [ 21.450666001434968, 48.574866000265843 ], [ 21.450802381824644, 48.574848808825607 ], [ 21.451024707724173, 48.574820785051372 ], [ 21.453321962938332, 48.574531215043578 ], [ 21.453456849553959, 48.574514211561734 ], [ 21.453879000315794, 48.574460999575649 ], [ 21.454449001420414, 48.574484999782953 ], [ 21.455401000355948, 48.574794999689573 ], [ 21.458226130631601, 48.575382579842312 ], [ 21.458256999860737, 48.575389000102348 ], [ 21.463325000648297, 48.573153000410628 ], [ 21.46455355820018, 48.572279916085449 ], [ 21.465666680572951, 48.571488866118443 ], [ 21.468647543749114, 48.569370490555798 ], [ 21.468917000419424, 48.569178999711141 ], [ 21.46924999958793, 48.568893000011997 ], [ 21.46958300055519, 48.56848900026722 ], [ 21.469964000138532, 48.567942000223184 ], [ 21.470130000599227, 48.567442001447318 ], [ 21.470915999973442, 48.566324000252564 ], [ 21.471201001425186, 48.565942999769675 ], [ 21.475936000346167, 48.563849000331288 ], [ 21.476436000021408, 48.56375400044692 ], [ 21.47715000057218, 48.563635000354964 ], [ 21.477792001399791, 48.56361100014766 ], [ 21.47807800019973, 48.563800999916282 ], [ 21.478530000359342, 48.564277000283425 ], [ 21.478863000427225, 48.564752999751136 ], [ 21.479529000562934, 48.564966999727289 ], [ 21.480053000445707, 48.565015000142125 ], [ 21.480592760047898, 48.56491106639271 ], [ 21.480671000166637, 48.564896000050396 ], [ 21.48069735389987, 48.56488253989744 ], [ 21.481695000623859, 48.564373000213891 ], [ 21.481787421252534, 48.564312580161641 ], [ 21.484101768981645, 48.562799558053143 ], [ 21.48471600144245, 48.562397999967914 ], [ 21.484889076869479, 48.562316384693531 ], [ 21.49097399955059, 48.559446999679324 ], [ 21.497254242389431, 48.560391517154926 ], [ 21.49730400007968, 48.560399000413724 ], [ 21.497899001437929, 48.560399000413724 ], [ 21.498005121439235, 48.560394878820716 ], [ 21.498415731201078, 48.560378932941433 ], [ 21.498517000259426, 48.56037500020625 ], [ 21.499088001410144, 48.560326999791187 ], [ 21.499588000186236, 48.560042000138367 ], [ 21.499588000186236, 48.559925332887929 ], [ 21.499588000186236, 48.559256999910701 ], [ 21.499588000186236, 48.558723999612937 ], [ 21.499588000186236, 48.558566999567404 ], [ 21.49951467126516, 48.55751956187828 ], [ 21.499509852697599, 48.557450734064275 ], [ 21.499493000301811, 48.557209999941676 ], [ 21.499541000716647, 48.55606800033803 ], [ 21.499754000646703, 48.555426000409568 ], [ 21.500159000437577, 48.555020999719545 ], [ 21.500659000112819, 48.554783000435236 ], [ 21.501062999857595, 48.554616999974598 ], [ 21.507178000364434, 48.552189999568952 ], [ 21.507750000662099, 48.551975999592798 ], [ 21.508415999898659, 48.5519520002847 ], [ 21.511176000372302, 48.551500000125088 ], [ 21.511647111125399, 48.551405778154219 ], [ 21.512676001196667, 48.551199999780351 ], [ 21.514031000730199, 48.55092899987352 ], [ 21.514177791671727, 48.55078883603602 ], [ 21.514819492125923, 48.550176101845693 ], [ 21.515626001438989, 48.549405999787155 ], [ 21.517933999954323, 48.547098000372614 ], [ 21.517791000554269, 48.545361000310095 ], [ 21.51745839528877, 48.544547993395327 ], [ 21.517255399417309, 48.544051801449655 ], [ 21.516506000651475, 48.542220000252883 ], [ 21.516336282393581, 48.541940703201078 ], [ 21.516173000583592, 48.541672000162748 ], [ 21.51572100042381, 48.541220000003136 ], [ 21.515606260420725, 48.540609390011412 ], [ 21.515578000124776, 48.540458999983002 ], [ 21.515626001438989, 48.539555000562984 ], [ 21.515764933205162, 48.539282082402167 ], [ 21.516244000260485, 48.538341000336914 ], [ 21.521288999987462, 48.53151200017885 ], [ 21.525191000064638, 48.522588999682682 ], [ 21.525476000617061, 48.522160999730431 ], [ 21.531306000571476, 48.517734999770482 ], [ 21.531972999854133, 48.517259000302715 ], [ 21.532758000081799, 48.516782999935572 ], [ 21.535255117030033, 48.515944883949373 ], [ 21.535388842620989, 48.515900000584622 ], [ 21.535726976918625, 48.515786512437728 ], [ 21.535946001406955, 48.515713000055086 ], [ 21.536289536133324, 48.515600000239886 ], [ 21.537611999993885, 48.515164999964952 ], [ 21.538373000014019, 48.514926999781324 ], [ 21.53913500008025, 48.514451000313557 ], [ 21.54001500019217, 48.51383299969325 ], [ 21.541038000603294, 48.51309499983455 ], [ 21.541500001224165, 48.512673467806394 ], [ 21.541586000693428, 48.512595000159251 ], [ 21.541229000418184, 48.512072000322576 ], [ 21.540974622680835, 48.511425376979616 ], [ 21.540967000027194, 48.511406000186867 ], [ 21.540943000719096, 48.510954000027255 ], [ 21.541086000118923, 48.51040599993712 ], [ 21.541199999980051, 48.510114607003686 ], [ 21.541209387103663, 48.510090613091393 ], [ 21.541728000047215, 48.508764999805067 ], [ 21.542, 48.508458732084932 ], [ 21.542059740164859, 48.508391466393221 ], [ 21.542109001429253, 48.508335999806718 ], [ 21.542448000874685, 48.508335999806718 ], [ 21.542490000113446, 48.508335999806718 ], [ 21.543061000364958, 48.508408000428858 ], [ 21.54326696759648, 48.508441742092771 ], [ 21.544017301657334, 48.508564663228753 ], [ 21.544603353861817, 48.50866067125304 ], [ 21.54577815713634, 48.508853127969587 ], [ 21.546107001437122, 48.508907000058059 ], [ 21.546813560097803, 48.509022712228557 ], [ 21.547660047872967, 48.509161340023866 ], [ 21.548867000112068, 48.509359000217842 ], [ 21.549125169391118, 48.509385033792455 ], [ 21.54958100066284, 48.509430999940832 ], [ 21.549818999946922, 48.509336000056408 ], [ 21.549862967801914, 48.509296289592157 ], [ 21.550255658571928, 48.508941627554123 ], [ 21.550294000267968, 48.508907000058059 ], [ 21.550889000726841, 48.508598000197708 ], [ 21.551221999895517, 48.508430999690916 ], [ 21.55181700035439, 48.508289000337129 ], [ 21.55207900074538, 48.508289000337129 ], [ 21.552839999866137, 48.508335999806718 ], [ 21.554815000112342, 48.508812000173805 ], [ 21.556433000082961, 48.509383000425203 ], [ 21.557147000633734, 48.50971599959388 ], [ 21.557956000169384, 48.510097000076598 ], [ 21.558859999589401, 48.510573000443685 ], [ 21.559670000070469, 48.510906001410945 ], [ 21.561178382576486, 48.511495676984055 ], [ 21.561192000110793, 48.511501000071235 ], [ 21.561193696232067, 48.511498739175579 ], [ 21.562977000588205, 48.509121000034213 ], [ 21.562929000173312, 48.507932000061942 ], [ 21.562977000588205, 48.507289000087439 ], [ 21.563167000356827, 48.506812999720296 ], [ 21.56335700012562, 48.50640899997552 ], [ 21.563881000008223, 48.505981000023269 ], [ 21.564690000443193, 48.505576000232395 ], [ 21.565618000070742, 48.505194999749506 ], [ 21.567569000109415, 48.505004999980883 ], [ 21.568711000612325, 48.504910000096459 ], [ 21.569901000630807, 48.504815000212261 ], [ 21.570948000349915, 48.504742999589894 ], [ 21.577990999585154, 48.504362000006381 ], [ 21.578872000642491, 48.504410000421217 ], [ 21.579300000594742, 48.504505000305585 ], [ 21.579581352597415, 48.50467033796582 ], [ 21.579705000385616, 48.504742999589894 ], [ 21.579734096151753, 48.50476819139908 ], [ 21.580941999873517, 48.505814000415853 ], [ 21.581632000216814, 48.506503999859774 ], [ 21.581832992398802, 48.506755327996018 ], [ 21.582202999568949, 48.507218000410546 ], [ 21.582750001411512, 48.508265000129825 ], [ 21.582773300147778, 48.508293195674582 ], [ 21.582961876289687, 48.508521405838394 ], [ 21.583202000671918, 48.508812000173805 ], [ 21.585677000593193, 48.510858000096732 ], [ 21.585786863572935, 48.510944772983009 ], [ 21.586128999853486, 48.511215000372147 ], [ 21.586693561858453, 48.511406438156655 ], [ 21.586713043871953, 48.511413043677067 ], [ 21.587854198112893, 48.511800000369703 ], [ 21.588200000030156, 48.511917259374172 ], [ 21.588358196173999, 48.511970902135545 ], [ 21.590919752244872, 48.512839504239707 ], [ 21.591393062739655, 48.512999999950125 ], [ 21.591744000685196, 48.513119000041854 ], [ 21.592435000175215, 48.513166999557541 ], [ 21.592653138831338, 48.513138285103935 ], [ 21.594242999914627, 48.512929000273232 ], [ 21.595028000142122, 48.512737999559135 ], [ 21.596204061568301, 48.512195937692468 ], [ 21.597063092188137, 48.511800000369703 ], [ 21.597240999672579, 48.511718000185681 ], [ 21.598147894909573, 48.511299999795256 ], [ 21.598199999830285, 48.511275984299346 ], [ 21.598581815098726, 48.511099999565374 ], [ 21.598801047330596, 48.510998952639682 ], [ 21.599232696731633, 48.510800000120014 ], [ 21.59930000019483, 48.510768978905446 ], [ 21.599449657275898, 48.510700000005158 ], [ 21.599699999755273, 48.510584614288689 ], [ 21.600338242316127, 48.510290439752055 ], [ 21.600810000581077, 48.510072999869237 ], [ 21.601333999564474, 48.509764000008715 ], [ 21.602142999999501, 48.509169000449049 ], [ 21.602523999583013, 48.508764999805067 ], [ 21.603023000111364, 48.508216999714818 ], [ 21.603159662888288, 48.508080675083193 ], [ 21.603427999902408, 48.507812999970042 ], [ 21.603444206584982, 48.507800000269867 ], [ 21.603903000223454, 48.5074320003867 ], [ 21.604451000313588, 48.507241999718701 ], [ 21.605236001440403, 48.507408000179169 ], [ 21.605434365803376, 48.507455210989349 ], [ 21.60560000023986, 48.507494631871907 ], [ 21.605622555236835, 48.50749999992513 ], [ 21.605700000354716, 48.50751843242989 ], [ 21.605736000216325, 48.507527000270898 ], [ 21.606331000675198, 48.507812999970042 ], [ 21.606926000234864, 48.5081700002454 ], [ 21.607096657384943, 48.508299999945109 ], [ 21.607102056914471, 48.508304113444183 ], [ 21.607925000438456, 48.508931000265591 ], [ 21.607978932781691, 48.50898946609118 ], [ 21.60812261116962, 48.509145222374229 ], [ 21.608496000689968, 48.509550000032561 ], [ 21.60881657932174, 48.509899999985123 ], [ 21.60901900142585, 48.510121000284073 ], [ 21.609023814597435, 48.510123815162046 ], [ 21.609710000016662, 48.510525000028849 ], [ 21.609925000038686, 48.510525000028849 ], [ 21.609995000568858, 48.510525000028849 ], [ 21.610168897077074, 48.510468897621706 ], [ 21.610499999575381, 48.510362077048342 ], [ 21.610692414023674, 48.510300000444715 ], [ 21.610804000104679, 48.510263999683957 ], [ 21.610854804605538, 48.510245194859976 ], [ 21.610976908257896, 48.51020000032986 ], [ 21.611100000264912, 48.510154438876441 ], [ 21.611247077191024, 48.510100000214834 ], [ 21.611399999710272, 48.510043396885351 ], [ 21.611447000079181, 48.510026000399705 ], [ 21.613020826250249, 48.509340275433431 ], [ 21.613850000277296, 48.50897899978105 ], [ 21.61380199986246, 48.507718000085788 ], [ 21.613801916225555, 48.50771532640124 ], [ 21.613799999770265, 48.507654499855278 ], [ 21.613778000554305, 48.506956000019557 ], [ 21.613773656828926, 48.506578505094126 ], [ 21.613756520247364, 48.505089137853531 ], [ 21.613755000393098, 48.504956999566048 ], [ 21.614254000022243, 48.500007999769366 ], [ 21.614484999882905, 48.498193999753425 ], [ 21.614594022895915, 48.497850810366799 ], [ 21.614609952587273, 48.497800663270027 ], [ 21.614627000136068, 48.497746999824244 ], [ 21.616160000683578, 48.497803999754922 ], [ 21.617559000447613, 48.497871000146631 ], [ 21.618311000052756, 48.497899001437872 ], [ 21.618376683837027, 48.497769947824906 ], [ 21.621231999856946, 48.492160000283889 ], [ 21.62127099985679, 48.491827000216063 ], [ 21.621813000569546, 48.486735000120348 ], [ 21.622372422049693, 48.482327578355182 ], [ 21.62237863366704, 48.482278633652129 ], [ 21.62247418663452, 48.48152581296597 ], [ 21.622524848143314, 48.481126674956215 ], [ 21.622639904707967, 48.480220190709304 ], [ 21.622700000105056, 48.479746727329655 ], [ 21.622866744304986, 48.478433025563788 ], [ 21.622900000334937, 48.478171012582209 ], [ 21.622974000150123, 48.477588000086314 ], [ 21.622998506675799, 48.477499999625365 ], [ 21.623000000449792, 48.477494639665906 ], [ 21.624164000168605, 48.473314999987281 ], [ 21.624174000629694, 48.473038999850075 ], [ 21.624146556018843, 48.472999999850231 ], [ 21.624059999869246, 48.472876999573941 ], [ 21.623802000561966, 48.47269600022031 ], [ 21.623460000079092, 48.472590999874797 ], [ 21.623080210083742, 48.472500000174932 ], [ 21.622546000197815, 48.472372000567418 ], [ 21.62238045929081, 48.472340230217526 ], [ 21.622050999853798, 48.472276999783844 ], [ 21.621767991299805, 48.472199999830195 ], [ 21.621674586812787, 48.472174586787901 ], [ 21.621632000316708, 48.472162999922546 ], [ 21.620841999858385, 48.471782000339203 ], [ 21.620695165749453, 48.471600000040098 ], [ 21.620604000574303, 48.471487000225068 ], [ 21.620328000436871, 48.471124999719052 ], [ 21.620300000045006, 48.4710740117564 ], [ 21.620166000160964, 48.470830001403499 ], [ 21.62009100029951, 48.470469000044375 ], [ 21.62009100029951, 48.470068999584782 ], [ 21.620138000668248, 48.469650000047523 ], [ 21.620481000298014, 48.468908000004205 ], [ 21.620871000296574, 48.468241999868496 ], [ 21.621861000085175, 48.466633000312868 ], [ 21.622127000660726, 48.466224000337434 ], [ 21.622508000244068, 48.465719000431534 ], [ 21.623003000588085, 48.465195999695652 ], [ 21.623535999986473, 48.464682000274138 ], [ 21.624744999981885, 48.463683000070546 ], [ 21.625016504408279, 48.463483496266463 ], [ 21.62614400064524, 48.462655000328141 ], [ 21.628980000126944, 48.460731999782126 ], [ 21.630513000674569, 48.459828000362108 ], [ 21.631054999588571, 48.459476000317352 ], [ 21.631245848317405, 48.459327076183683 ], [ 21.631360000163966, 48.459238000133723 ], [ 21.631335296686643, 48.459100000065064 ], [ 21.63133100062521, 48.459075999857589 ], [ 21.63082600071948, 48.457552999771167 ], [ 21.630703000443191, 48.457381999979418 ], [ 21.630351000398434, 48.457219999703284 ], [ 21.629875000031348, 48.457048999911535 ], [ 21.629569305179302, 48.456969304689721 ], [ 21.629361000609833, 48.456915000027266 ], [ 21.629324944990344, 48.456900000234953 ], [ 21.629110987282274, 48.45681098713743 ], [ 21.629084577791161, 48.456800000120097 ], [ 21.62883700072706, 48.456696999866779 ], [ 21.628619000566516, 48.45658199995944 ], [ 21.628553373439502, 48.456348875900005 ], [ 21.628552000174807, 48.456343999775925 ], [ 21.629800000169894, 48.452626225819699 ], [ 21.629808803633466, 48.452599999790152 ], [ 21.62990000028492, 48.452328327190742 ], [ 21.629914313894631, 48.452285685835761 ], [ 21.629931999961968, 48.452232999953083 ], [ 21.630203544857864, 48.451601773003404 ], [ 21.630287698918323, 48.451406149774186 ], [ 21.630299999845136, 48.451377555829708 ], [ 21.630376381964481, 48.45119999998002 ], [ 21.630533882033092, 48.450833880579296 ], [ 21.630579000120861, 48.450728999843534 ], [ 21.630602657686552, 48.450700000304948 ], [ 21.630703000443191, 48.450577000028659 ], [ 21.632248116657365, 48.449548117152005 ], [ 21.632620723767502, 48.449299999595439 ], [ 21.632964438358158, 48.449071123034003 ], [ 21.633720000177846, 48.448568000013267 ], [ 21.635064000103625, 48.448277000083522 ], [ 21.635080600689264, 48.448280600968985 ], [ 21.635631029848184, 48.448400000359811 ], [ 21.635852055328257, 48.448447945016767 ], [ 21.636324393655968, 48.448550403878073 ], [ 21.636447000029023, 48.448577000428259 ], [ 21.636587860841132, 48.448593930165885 ], [ 21.636863000327253, 48.448627000036083 ], [ 21.637097249438568, 48.448602750716361 ], [ 21.637346000117986, 48.448577000428259 ], [ 21.637779000300725, 48.448460000428724 ], [ 21.639628000132177, 48.447644000570278 ], [ 21.64014500059136, 48.44729399971834 ], [ 21.642376000052423, 48.444195999845704 ], [ 21.642979168154227, 48.443320831791027 ], [ 21.643264287416969, 48.442907138253815 ], [ 21.6433650096875, 48.442760993924821 ], [ 21.643742000093312, 48.442214000176079 ], [ 21.643752780266709, 48.442201853033225 ], [ 21.64410941541729, 48.441799999970215 ], [ 21.644700000204921, 48.441134534031676 ], [ 21.644972369779111, 48.440827629591524 ], [ 21.645004013324694, 48.440791975069658 ], [ 21.645541716177433, 48.440186094612557 ], [ 21.645856021138513, 48.439831937993688 ], [ 21.645973999600528, 48.439699000208861 ], [ 21.648056000284214, 48.43808300033038 ], [ 21.648136760303316, 48.438073519677346 ], [ 21.648892407558662, 48.43798481594655 ], [ 21.649189000372246, 48.437949999592831 ], [ 21.649397490202091, 48.437798745316002 ], [ 21.650580231792446, 48.436940694957229 ], [ 21.651223045607253, 48.436474348812283 ], [ 21.651920999554534, 48.435967999923378 ], [ 21.652391123751499, 48.434736686848794 ], [ 21.65445200025971, 48.429338999995025 ], [ 21.655100049927512, 48.427599950377498 ], [ 21.656035000415045, 48.425091000149621 ], [ 21.65616800025299, 48.424707999574593 ], [ 21.656285000252751, 48.424408000129176 ], [ 21.657317000179489, 48.422392999837257 ], [ 21.65870000100432, 48.419963850051715 ], [ 21.659119121050708, 48.41922769290386 ], [ 21.659460379592815, 48.418628293860763 ], [ 21.660106401289397, 48.41749360034953 ], [ 21.660295221147635, 48.417161950163973 ], [ 21.660425001412762, 48.416933999904245 ], [ 21.660436874262473, 48.416936874137548 ], [ 21.66164800025507, 48.417230000064478 ], [ 21.662014000046042, 48.417378999741231 ], [ 21.663530007903603, 48.417924980853286 ], [ 21.663680000431725, 48.417979000430705 ], [ 21.664000049362869, 48.416774889149792 ], [ 21.664862000081314, 48.413532000401688 ], [ 21.665479000655523, 48.411082999880591 ], [ 21.665476971784926, 48.411043153618834 ], [ 21.665306433345393, 48.407693566604848 ], [ 21.665295000264223, 48.407468999594698 ], [ 21.664779000750343, 48.403887999931328 ], [ 21.664579001419838, 48.403172000187737 ], [ 21.664496000290342, 48.40272200012032 ], [ 21.664562000635954, 48.402222000445022 ], [ 21.664600000589701, 48.402099208811478 ], [ 21.664644463071568, 48.401955537618107 ], [ 21.664696001419429, 48.401789000262283 ], [ 21.664994999919486, 48.401388999802691 ], [ 21.665362000655989, 48.401140000011083 ], [ 21.665945000561408, 48.400856000404133 ], [ 21.666345000121794, 48.400689999943665 ], [ 21.666661000304941, 48.400472999829219 ], [ 21.666798077669341, 48.400305764599466 ], [ 21.666815547000056, 48.400284453364918 ], [ 21.66702279756413, 48.400031607173105 ], [ 21.667111000372415, 48.399923999692874 ], [ 21.667327999587599, 48.399573999740483 ], [ 21.667494000048123, 48.399191000064775 ], [ 21.667510999932801, 48.398857999996892 ], [ 21.667411000717152, 48.398391000044739 ], [ 21.667400001109343, 48.398360871856823 ], [ 21.666644999567154, 48.396293000421679 ], [ 21.665995000169232, 48.394794001442108 ], [ 21.665862834902043, 48.394562835206841 ], [ 21.665728000446961, 48.39432699969143 ], [ 21.665620675353978, 48.394141349943425 ], [ 21.665295000264223, 48.393578000224522 ], [ 21.664979000080905, 48.393128000157276 ], [ 21.664713000404731, 48.392694999974367 ], [ 21.664529000013431, 48.392261999791458 ], [ 21.664545999898166, 48.392028999838658 ], [ 21.667413999956239, 48.389682000424102 ], [ 21.668300807935964, 48.389699191864338 ], [ 21.668652000389613, 48.3897059997322 ], [ 21.670412000613396, 48.389919999708354 ], [ 21.672553999567583, 48.390087000214919 ], [ 21.679625010885729, 48.390636667648096 ], [ 21.681738999555364, 48.390800999866372 ], [ 21.68330444404495, 48.390777781169675 ], [ 21.68335700042536, 48.390777000558217 ], [ 21.683547000193983, 48.389991000284624 ], [ 21.683522999986508, 48.389135000380065 ], [ 21.683674723709657, 48.388399999760225 ], [ 21.683689999593867, 48.388325999945096 ], [ 21.68397500014629, 48.388111999968942 ], [ 21.68478400058126, 48.387707000178068 ], [ 21.686330999975837, 48.386946000157934 ], [ 21.69044700002911, 48.385065999796154 ], [ 21.692682021258406, 48.384558989006166 ], [ 21.695587001439037, 48.38389999998509 ], [ 21.69644399959094, 48.383851999570254 ], [ 21.697110000626083, 48.383734000423829 ], [ 21.697491000209595, 48.383566999917264 ], [ 21.698181092283562, 48.383059454030672 ], [ 21.698300000644622, 48.382972000357597 ], [ 21.701249999987567, 48.380758999927934 ], [ 21.70344648526725, 48.378707031204613 ], [ 21.703631358000905, 48.378534320902361 ], [ 21.703727964973666, 48.37844407033765 ], [ 21.703976816377121, 48.37821159199143 ], [ 21.704152999861094, 48.378046999869241 ], [ 21.705700001054367, 48.376383539169069 ], [ 21.705747001423163, 48.376332999968156 ], [ 21.705768062646143, 48.376231937753914 ], [ 21.705800001169223, 48.3760786896799 ], [ 21.705820717951838, 48.375979283117488 ], [ 21.705855704277496, 48.375811406671232 ], [ 21.705866000615515, 48.375761999716588 ], [ 21.705795000039245, 48.375382000179343 ], [ 21.705486000178894, 48.3747869997203 ], [ 21.704699999905131, 48.373501999817563 ], [ 21.704373334661796, 48.373146668684001 ], [ 21.704152999861094, 48.372907000257896 ], [ 21.703487000624705, 48.372216999914656 ], [ 21.703130000349347, 48.371860001437994 ], [ 21.703073631742825, 48.371773632347242 ], [ 21.702773000073933, 48.371312999595432 ], [ 21.702892000165662, 48.370907999804388 ], [ 21.703439000209869, 48.369503999809865 ], [ 21.703535883274469, 48.369330147368487 ], [ 21.705176000272218, 48.366386999960184 ], [ 21.705413999556527, 48.365983000215408 ], [ 21.705652000639361, 48.365650000147525 ], [ 21.705962001445357, 48.365650000147525 ], [ 21.707127000310948, 48.365934999800572 ], [ 21.707960000054072, 48.366197000191562 ], [ 21.708793000696573, 48.366481999844609 ], [ 21.709483000140438, 48.366744000235599 ], [ 21.71007800059931, 48.367005999727212 ], [ 21.710744000735076, 48.367196000395211 ], [ 21.711315000087211, 48.367291000279579 ], [ 21.713599000193767, 48.366458999683175 ], [ 21.713750083599507, 48.366399999660359 ], [ 21.714147000283901, 48.366244999707021 ], [ 21.714409000674891, 48.365839999916147 ], [ 21.714567014256488, 48.365436106291327 ], [ 21.714623000650988, 48.365292999872167 ], [ 21.714742000742774, 48.364722001419352 ], [ 21.71475849700721, 48.364124508039595 ], [ 21.714763927113665, 48.363927854187295 ], [ 21.714765000004775, 48.363888999877474 ], [ 21.714742000742774, 48.363460999925394 ], [ 21.714551000028678, 48.362912999835089 ], [ 21.713481000148136, 48.360724001411711 ], [ 21.712624000197479, 48.359106001440864 ], [ 21.712191240133791, 48.358178100738826 ], [ 21.711958000061713, 48.357678000339547 ], [ 21.711970227244365, 48.357670226599851 ], [ 21.712357547263082, 48.357424020102485 ], [ 21.712743000289208, 48.35717899981114 ], [ 21.713719000331594, 48.356798000227627 ], [ 21.715979000230845, 48.355941000276971 ], [ 21.716717000089545, 48.355703000093513 ], [ 21.717221624078718, 48.355522972007577 ], [ 21.718382000429131, 48.355108999680738 ], [ 21.718923300569998, 48.354858900018314 ], [ 21.719001000196101, 48.354822999981593 ], [ 21.719477000563245, 48.354560999590433 ], [ 21.72000000039975, 48.354109000330197 ], [ 21.720199999730255, 48.353850727629037 ], [ 21.720405000190794, 48.353585999594316 ], [ 21.720593825444723, 48.353181132903046 ], [ 21.720738000258677, 48.35287199994292 ], [ 21.72107100032656, 48.352181999599679 ], [ 21.721295790368572, 48.351908420437326 ], [ 21.721430311859592, 48.351744700657548 ], [ 21.721513789629739, 48.351643105145286 ], [ 21.721951000438423, 48.351111000572246 ], [ 21.722158417377159, 48.350941582687938 ], [ 21.722475000321197, 48.350682999720789 ], [ 21.722644143912248, 48.35056048867574 ], [ 21.722903000273334, 48.350372999814169 ], [ 21.723974000200087, 48.349730999885708 ], [ 21.724497000036592, 48.349541000117085 ], [ 21.725164000218626, 48.349350000302366 ], [ 21.726687000304821, 48.348993000027008 ], [ 21.727948000000254, 48.348850999774015 ], [ 21.72861400013602, 48.348826999566484 ], [ 21.739249999587855, 48.348540999867396 ], [ 21.740728289878746, 48.348558963825155 ], [ 21.741569182072112, 48.348569181922301 ], [ 21.743200000080037, 48.348589000282232 ], [ 21.745318000625332, 48.34828000042171 ], [ 21.746045240995102, 48.348065199149801 ], [ 21.75234449730084, 48.34620462504347 ], [ 21.75386000063861, 48.345757000085541 ], [ 21.754193000706493, 48.345614999832435 ], [ 21.754621000658744, 48.345399999810184 ], [ 21.756311000352525, 48.344543999905795 ], [ 21.757501000370894, 48.343925000138825 ], [ 21.75952300008646, 48.342831000050751 ], [ 21.759856000154343, 48.342545000351663 ], [ 21.760141999853431, 48.342259999799239 ], [ 21.760499000128846, 48.341855000008366 ], [ 21.76059400001327, 48.341451000263589 ], [ 21.760927000081097, 48.340855999804603 ], [ 21.761331000725249, 48.340331999922 ], [ 21.7617360014155, 48.339951000338431 ], [ 21.762188000675735, 48.339665999786234 ], [ 21.762712000558508, 48.339404000294451 ], [ 21.763259000602545, 48.339214001425205 ], [ 21.763949000046409, 48.339071000226568 ], [ 21.764021853226097, 48.33906512315707 ], [ 21.764544001404659, 48.339022999811732 ], [ 21.76599900015384, 48.339022999811732 ], [ 21.781723999562928, 48.339022999811732 ], [ 21.782199535879954, 48.339031725034204 ], [ 21.783032001425852, 48.339047000019036 ], [ 21.783387487242805, 48.339093744081197 ], [ 21.783936999992591, 48.339166000110993 ], [ 21.784460000728473, 48.33938000008709 ], [ 21.785119645355394, 48.339600000339772 ], [ 21.786315999983572, 48.339998999854117 ], [ 21.788291000229606, 48.34064199982862 ], [ 21.789171000341469, 48.340927000380816 ], [ 21.789808971307139, 48.341023587568486 ], [ 21.789957000615232, 48.341045999573396 ], [ 21.790340951773544, 48.34110000026493 ], [ 21.79621399957648, 48.341925999685259 ], [ 21.797088148699174, 48.342044074374655 ], [ 21.797095000633874, 48.342044999776988 ], [ 21.79780900028527, 48.342044999776988 ], [ 21.798546000097872, 48.341879000215727 ], [ 21.79970559223932, 48.34159440795554 ], [ 21.80212755644169, 48.341000000150075 ], [ 21.802425000013841, 48.340927000380816 ], [ 21.802901000380984, 48.340808000289087 ], [ 21.803281999964497, 48.340380000336836 ], [ 21.803498206876782, 48.340302689217879 ], [ 21.807874000384913, 48.338738000158685 ], [ 21.808119094420647, 48.338719093711234 ], [ 21.81003900039974, 48.338571000551326 ], [ 21.810493184113341, 48.33850681683623 ], [ 21.812664313007758, 48.338199999630319 ], [ 21.812728000297, 48.338191000114648 ], [ 21.812894320916314, 48.338152839182328 ], [ 21.815219378671543, 48.337619379330874 ], [ 21.815807815878031, 48.337484367709465 ], [ 21.817740852858151, 48.337040852653331 ], [ 21.818224000137661, 48.336930000419272 ], [ 21.818557000205544, 48.336668000028283 ], [ 21.818557000205544, 48.336406001435876 ], [ 21.818272000552497, 48.335930000169526 ], [ 21.817963000691918, 48.335453999802439 ], [ 21.817558000001725, 48.334978000334502 ], [ 21.817130000049588, 48.334478999806095 ], [ 21.816702000097337, 48.334003000338384 ], [ 21.816511000282617, 48.333407999879341 ], [ 21.816748999566698, 48.332932000411574 ], [ 21.817154000256949, 48.332575000136217 ], [ 21.817725001407837, 48.332527999767422 ], [ 21.822531000005711, 48.332575000136217 ], [ 21.822612020828274, 48.332600000389789 ], [ 21.822775807157825, 48.332650537792119 ], [ 21.823150000672058, 48.332765999951107 ], [ 21.823601999932464, 48.333122000180197 ], [ 21.823959000207878, 48.333478999556235 ], [ 21.824435000574965, 48.333716999739863 ], [ 21.824982000619002, 48.333907999554583 ], [ 21.82553000070908, 48.334003000338384 ], [ 21.82614800043001, 48.334098000222582 ], [ 21.826767000197037, 48.334145999738269 ], [ 21.826770521942024, 48.334145896316102 ], [ 21.827576000632007, 48.334122000430114 ], [ 21.828385000167657, 48.334074000015278 ], [ 21.828859713605084, 48.334028856746386 ], [ 21.829384000371419, 48.333979000130853 ], [ 21.831240001425101, 48.333930999716017 ], [ 21.832722541911892, 48.334000000199921 ], [ 21.832786999920245, 48.334003000338384 ], [ 21.83364300072401, 48.334122000430114 ], [ 21.834143000399251, 48.334241001421219 ], [ 21.834881000258008, 48.334622000105355 ], [ 21.835238001432742, 48.335144999941861 ], [ 21.8352610006948, 48.335740000400733 ], [ 21.834857000050704, 48.336429999844597 ], [ 21.834286000698512, 48.337120000187895 ], [ 21.83445239865938, 48.337547601740425 ], [ 21.835974110017332, 48.341458035659855 ], [ 21.835999000553556, 48.341521999940483 ], [ 21.836783999881845, 48.343616000278246 ], [ 21.836822796634863, 48.343977203085501 ], [ 21.837316641350014, 48.348574960965834 ], [ 21.837474000224915, 48.350039999746286 ], [ 21.837308000663825, 48.350706999928093 ], [ 21.837093000641573, 48.351492000155758 ], [ 21.836640999582585, 48.352467000152103 ], [ 21.836427001405013, 48.353015000242181 ], [ 21.836190000368276, 48.35375200005484 ], [ 21.835999000553556, 48.354633000212971 ], [ 21.835023001410548, 48.360034000169037 ], [ 21.835047000718475, 48.361508999840623 ], [ 21.835404000094684, 48.362223000391225 ], [ 21.836141999953441, 48.362842000158196 ], [ 21.83695100038841, 48.363364999994872 ], [ 21.838283000660113, 48.363627000385861 ], [ 21.839050891285694, 48.363670177736651 ], [ 21.839581251173968, 48.36370000015495 ], [ 21.840024664606688, 48.363724932959371 ], [ 21.841662000001406, 48.363817000154484 ], [ 21.842709000620061, 48.363817000154484 ], [ 21.844757165211035, 48.363949348883466 ], [ 21.844922000150348, 48.363959999554368 ], [ 21.845778000054736, 48.364032000176735 ], [ 21.846250968807283, 48.364125483804173 ], [ 21.849870999946802, 48.364840999712555 ], [ 21.850347000313946, 48.364935999596753 ], [ 21.851156000748915, 48.365102000057448 ], [ 21.851751000308411, 48.365245000356481 ], [ 21.852393000236873, 48.365506999848321 ], [ 21.852963999589008, 48.365720999824418 ], [ 21.853512000578462, 48.365910999593041 ], [ 21.854035000414967, 48.366007000422769 ], [ 21.85467800038947, 48.365910999593041 ], [ 21.855392000040922, 48.365650000147525 ], [ 21.856105001444746, 48.365364000448437 ], [ 21.856867000611658, 48.364959999804285 ], [ 21.857771000031676, 48.364460000129043 ], [ 21.858271000606294, 48.364007999969203 ], [ 21.858579999567496, 48.363580000017123 ], [ 21.85886600016596, 48.36305600013435 ], [ 21.859055999934583, 48.362341999583748 ], [ 21.859151000718214, 48.361580999563614 ], [ 21.859246000602411, 48.360772000027964 ], [ 21.85934099958763, 48.359939000284669 ], [ 21.859365000694368, 48.359415000402066 ], [ 21.859413000209827, 48.358535000290146 ], [ 21.859508000094195, 48.357655000178283 ], [ 21.859722000070349, 48.356964999835043 ], [ 21.860079000345763, 48.356370000275376 ], [ 21.860531001404752, 48.355964999585126 ], [ 21.861173999580501, 48.355584000001784 ], [ 21.861649999947645, 48.355441999748621 ], [ 21.862077999899896, 48.355394000232991 ], [ 21.862287999691489, 48.355370667322632 ], [ 21.863149000725855, 48.355275000141205 ], [ 21.863814999962244, 48.355394000232991 ], [ 21.864410000421287, 48.355513000324891 ], [ 21.864885999889054, 48.355703000093513 ], [ 21.865148000280044, 48.356107999884387 ], [ 21.865124000072683, 48.356654999928367 ], [ 21.864910000096586, 48.356941001426264 ], [ 21.864456999890706, 48.357368999579762 ], [ 21.863958000261675, 48.357844999946906 ], [ 21.863552999571255, 48.358321000314049 ], [ 21.86324400061028, 48.3587490002663 ], [ 21.863196000195444, 48.359106001440864 ], [ 21.863506000101893, 48.359487000125057 ], [ 21.863686558787776, 48.359573118304809 ], [ 21.864005000630243, 48.359725000308686 ], [ 21.864767000696702, 48.360058000376569 ], [ 21.865385999564296, 48.36010499984593 ], [ 21.86578949568883, 48.36012762588939 ], [ 21.86581400041581, 48.360129000053462 ], [ 21.866360999560584, 48.360058000376569 ], [ 21.866668769148362, 48.35995520516866 ], [ 21.866861000135088, 48.359890999869833 ], [ 21.867305989180124, 48.359729340436786 ], [ 21.867383999971764, 48.359701000101211 ], [ 21.86763706559816, 48.359554310782869 ], [ 21.867836000131376, 48.359438999710221 ], [ 21.868098001421686, 48.359273000148903 ], [ 21.868622000405139, 48.358844000150555 ], [ 21.869001999942384, 48.358440000405778 ], [ 21.869621000608731, 48.357893000361742 ], [ 21.870287000744668, 48.357345000271664 ], [ 21.871048999911523, 48.356774000020096 ], [ 21.871595999955559, 48.356393000436753 ], [ 21.872119000691441, 48.356132000091861 ], [ 21.872785999974099, 48.355846000392773 ], [ 21.873475000271071, 48.355679999932079 ], [ 21.873880000062115, 48.355608000209088 ], [ 21.874499000728292, 48.355608000209088 ], [ 21.874835544125176, 48.355767109164788 ], [ 21.874902999573862, 48.355799000023808 ], [ 21.875236001440499, 48.356084000576232 ], [ 21.875331999572268, 48.356512001427859 ], [ 21.8749270006806, 48.357226000179935 ], [ 21.874427000106152, 48.357869000154267 ], [ 21.874023000361206, 48.35834500142073 ], [ 21.873785000177691, 48.358915999873545 ], [ 21.873809000385222, 48.359511000332532 ], [ 21.874070999876835, 48.359962999592824 ], [ 21.874272101776228, 48.360144203092659 ], [ 21.874546000197881, 48.360391000444451 ], [ 21.875189000172384, 48.360772000027964 ], [ 21.875641000331996, 48.360961999796586 ], [ 21.877187000579795, 48.36143800016373 ], [ 21.878211000137696, 48.36170000055472 ], [ 21.879567000616703, 48.361985000207767 ], [ 21.88066100070472, 48.362199000183864 ], [ 21.881185000587493, 48.362223000391225 ], [ 21.881494000447844, 48.362223000391225 ], [ 21.881875000031357, 48.362104000299496 ], [ 21.88216000058361, 48.361771000231613 ], [ 21.882280000721607, 48.361486000578566 ], [ 21.882375000605862, 48.361105000095847 ], [ 21.882351000398501, 48.360581000213074 ], [ 21.882280000721607, 48.36010499984593 ], [ 21.882206755437437, 48.359906754193332 ], [ 21.882113000214872, 48.359652999686318 ], [ 21.881922000400152, 48.359273000148903 ], [ 21.881788737959937, 48.359066213634947 ], [ 21.88166100005526, 48.358868000358029 ], [ 21.88147100028641, 48.358440000405778 ], [ 21.881399000563476, 48.357893000361742 ], [ 21.881399000563476, 48.357392999787294 ], [ 21.88161300143895, 48.356822000435159 ], [ 21.881899000238718, 48.356346000068015 ], [ 21.882256001413452, 48.3560600003687 ], [ 21.882708000673688, 48.355893999908233 ], [ 21.883159999934151, 48.355822000185242 ], [ 21.883612000093763, 48.355822000185242 ], [ 21.88389700064613, 48.355869999700701 ], [ 21.884373000113897, 48.355964999585126 ], [ 21.884802000112245, 48.356132000091861 ], [ 21.885254000272084, 48.356321999860484 ], [ 21.885637831820645, 48.356620635933723 ], [ 21.885682000224165, 48.356654999928367 ], [ 21.886206000106938, 48.357083999926772 ], [ 21.886681999574705, 48.357488000570868 ], [ 21.887133000587596, 48.357964000038635 ], [ 21.887419000286684, 48.358321000314049 ], [ 21.887609000055306, 48.358701999897562 ], [ 21.887562000585945, 48.359059000172749 ], [ 21.887419000286684, 48.359415000402066 ], [ 21.887110000426333, 48.359915000077308 ], [ 21.88651499996746, 48.360343000029616 ], [ 21.885753999947326, 48.360842999704857 ], [ 21.884754000596786, 48.361343000279305 ], [ 21.884255000068265, 48.361580999563614 ], [ 21.883779000600498, 48.361771000231613 ], [ 21.883469000693879, 48.362056999930701 ], [ 21.883255000717895, 48.362365999791109 ], [ 21.883065000049896, 48.362747000273998 ], [ 21.882779000350581, 48.363793999993277 ], [ 21.882779000350581, 48.364270000360364 ], [ 21.882826999866268, 48.364698000312501 ], [ 21.882898000442538, 48.365126000264752 ], [ 21.883159999934151, 48.365650000147525 ], [ 21.8840879995617, 48.366744000235599 ], [ 21.884683000020516, 48.36736300000257 ], [ 21.884707709793076, 48.367384636791655 ], [ 21.885074941655262, 48.367706207375647 ], [ 21.885254000272084, 48.367863000577188 ], [ 21.885295369985386, 48.367895370774932 ], [ 21.885801000316064, 48.368291001428702 ], [ 21.886753000150975, 48.368766999997035 ], [ 21.88822800072171, 48.369005000180721 ], [ 21.888752000604484, 48.369005000180721 ], [ 21.890013000299916, 48.36898099997336 ], [ 21.890726999951141, 48.368838000573305 ], [ 21.891179000110924, 48.368647999905306 ], [ 21.891631000270536, 48.368362000206218 ], [ 21.89177400056974, 48.368077000553171 ], [ 21.891763222194925, 48.367863220910976 ], [ 21.891750000362265, 48.367601000186028 ], [ 21.89132100036386, 48.367243999910841 ], [ 21.890750000112519, 48.366910999842958 ], [ 21.890132000391645, 48.3665539995676 ], [ 21.889442000048348, 48.366244999707021 ], [ 21.888846999589532, 48.365934999800572 ], [ 21.888204001413726, 48.365578000424364 ], [ 21.887776000562098, 48.365269000564012 ], [ 21.887538000378413, 48.364982999965548 ], [ 21.887324000402486, 48.364649999897665 ], [ 21.887253000725593, 48.364174000429898 ], [ 21.887282581226316, 48.363934839221542 ], [ 21.887300000194955, 48.363793999993277 ], [ 21.88772900019336, 48.363294000317978 ], [ 21.888419001435807, 48.36319900043361 ], [ 21.896127999907378, 48.362437000367379 ], [ 21.897602999578908, 48.362295000114216 ], [ 21.898745000081817, 48.362318000275593 ], [ 21.899126000564536, 48.362461000574854 ], [ 21.899435000425058, 48.362723000066467 ], [ 21.899626000239778, 48.363007999719514 ], [ 21.89964940239804, 48.363149401923408 ], [ 21.899696999916671, 48.363436999717862 ], [ 21.899578000724318, 48.363865000569376 ], [ 21.899388000056319, 48.364246000152889 ], [ 21.899031000680282, 48.364840999712555 ], [ 21.898625999990088, 48.365364000448437 ], [ 21.897627000685645, 48.366696999866804 ], [ 21.897365000294656, 48.367291000279579 ], [ 21.897270000410231, 48.367790999954877 ], [ 21.897294000617762, 48.368362000206218 ], [ 21.897300000894461, 48.368376274245747 ], [ 21.897484000386385, 48.368814000366001 ], [ 21.897936001445373, 48.369384999718136 ], [ 21.8983889998525, 48.369671000316487 ], [ 21.898817000704128, 48.369837999923845 ], [ 21.899364000748164, 48.369908999600739 ], [ 21.899840000215931, 48.369837999923845 ], [ 21.900149000076453, 48.369647000109126 ], [ 21.900435000674804, 48.369384999718136 ], [ 21.900899999635385, 48.36909402317076 ], [ 21.904883999896811, 48.366600999936338 ], [ 21.90533700100184, 48.366827751399796 ], [ 21.905789000262303, 48.367054000142048 ], [ 21.91026200059099, 48.368267000321964 ], [ 21.911500000124988, 48.367521278883942 ], [ 21.91331399924178, 48.366428599900019 ], [ 21.914331000275581, 48.365815999708673 ], [ 21.91647174737335, 48.364985315719878 ], [ 21.919791458009513, 48.363697152901295 ], [ 21.925062001410367, 48.361652000139884 ], [ 21.92599000013854, 48.36143800016373 ], [ 21.926871000296501, 48.361343000279305 ], [ 21.927989000592049, 48.361343000279305 ], [ 21.929630999870824, 48.36170000055472 ], [ 21.930250001436548, 48.361961000000235 ], [ 21.930797000581208, 48.362270999906855 ], [ 21.931558000601342, 48.362842000158196 ], [ 21.931820000092955, 48.363389000202233 ], [ 21.931907028386718, 48.363607028241745 ], [ 21.932009999861577, 48.363865000569376 ], [ 21.931963000392216, 48.364484000336518 ], [ 21.931534000393867, 48.364935999596753 ], [ 21.930916000672937, 48.365340000240906 ], [ 21.93029700000659, 48.365697001415469 ], [ 21.929630999870824, 48.365959000007933 ], [ 21.928846001441912, 48.366244999707021 ], [ 21.928131999991933, 48.366600999936338 ], [ 21.927418000340538, 48.366982000419057 ], [ 21.92679900057351, 48.367601000186028 ], [ 21.926323000206423, 48.368267000321964 ], [ 21.926085000022738, 48.36886199988146 ], [ 21.926276000737005, 48.369671000316487 ], [ 21.926394999929414, 48.370146999784197 ], [ 21.926400000160015, 48.370152721271154 ], [ 21.92672799999724, 48.370528000267086 ], [ 21.927561000639798, 48.370788999712659 ], [ 21.928083999577098, 48.370718000035765 ], [ 21.928584000151545, 48.370598999943979 ], [ 21.929036000311328, 48.370336999553047 ], [ 21.929774000170084, 48.369885000292584 ], [ 21.930583000605054, 48.369503999809865 ], [ 21.931392000140875, 48.369243000364349 ], [ 21.932295999560893, 48.369289999833768 ], [ 21.933438000063802, 48.369599999740387 ], [ 21.934152000614347, 48.369813999716314 ], [ 21.93510300040333, 48.370313000244892 ], [ 21.936389000352165, 48.371145999988016 ], [ 21.93759619091162, 48.372091301672413 ], [ 21.938029999584842, 48.372430999890753 ], [ 21.938649000251246, 48.37312100023405 ], [ 21.938982000319072, 48.373691999586185 ], [ 21.939102296333999, 48.37370918473124 ], [ 21.946311000152605, 48.374739000204841 ], [ 21.946620000012956, 48.375452999856236 ], [ 21.946906000611477, 48.376309999806722 ], [ 21.948072000422655, 48.37790399956998 ], [ 21.949713000554709, 48.378664999590171 ], [ 21.9505230001364, 48.378926999981161 ], [ 21.951973999600455, 48.379284000256519 ], [ 21.953639999986137, 48.379498000232672 ], [ 21.956964908703696, 48.379498000232672 ], [ 21.961225499957038, 48.379498000232672 ], [ 21.96132500004876, 48.379498000232672 ], [ 21.963459659635646, 48.379710644031036 ], [ 21.967298000302605, 48.380092999792168 ], [ 21.967450599065955, 48.38005632543917 ], [ 21.96788949520419, 48.379950842157712 ], [ 21.967892999862102, 48.379950000392284 ], [ 21.968178000414525, 48.379522000439977 ], [ 21.968226292209806, 48.379389514114962 ], [ 21.968369000229245, 48.378998000557431 ], [ 21.974341000436993, 48.377808999685612 ], [ 21.975530999556156, 48.377831999847047 ], [ 21.976649000750911, 48.378023000561086 ], [ 21.977672000262658, 48.378285000052699 ], [ 21.978529000213314, 48.378569999705917 ], [ 21.978599999890207, 48.378604701845575 ], [ 21.978626429166411, 48.37861761970737 ], [ 21.9791038468652, 48.378850962302238 ], [ 21.979552000624437, 48.379070000280365 ], [ 21.980237938730056, 48.379424122725197 ], [ 21.980289999583988, 48.379450999863934 ], [ 21.980883999996763, 48.379664999839861 ], [ 21.981042485722298, 48.379699999655372 ], [ 21.981526999971095, 48.379807000093024 ], [ 21.981773171394764, 48.37976829327215 ], [ 21.9821933022792, 48.379702231772626 ], [ 21.988331999922025, 48.378737000212539 ], [ 21.988578969943489, 48.378686855813839 ], [ 21.993139000364692, 48.377761000170153 ], [ 21.993732999878091, 48.377522999986638 ], [ 21.994519000151854, 48.37728499980301 ], [ 21.997302999933652, 48.378523000236385 ], [ 21.997511126437416, 48.37868267036913 ], [ 21.998016000438156, 48.379070000280365 ], [ 21.998659000412658, 48.379783999931817 ], [ 21.999918000015725, 48.380666000135875 ], [ 22.000569000359121, 48.380855999904497 ], [ 22.003497972653349, 48.381498784041696 ], [ 22.003503514275792, 48.381499999925097 ], [ 22.003663000047595, 48.381534999740609 ], [ 22.007923999592947, 48.382675000151266 ], [ 22.008193905924202, 48.382773126079087 ], [ 22.016880000711637, 48.385931000115704 ], [ 22.017028860093887, 48.386009619748279 ], [ 22.017856999900744, 48.38644700142811 ], [ 22.018200000429715, 48.386691613427388 ], [ 22.018237000337365, 48.386718000435508 ], [ 22.020544000605184, 48.388944000565346 ], [ 22.020569224790052, 48.389000000449698 ], [ 22.021380019372486, 48.390799999820274 ], [ 22.021412000163821, 48.390871000396544 ], [ 22.021200000279862, 48.391524465781629 ], [ 22.021060000119064, 48.391956000069399 ], [ 22.021060000119064, 48.392417999790894 ], [ 22.021100000165006, 48.392441980213334 ], [ 22.021467000002076, 48.392662000251278 ], [ 22.021561016927535, 48.39265974565086 ], [ 22.027138999864974, 48.392526000274813 ], [ 22.027204000164659, 48.392499999975144 ], [ 22.028224000437376, 48.392092000045807 ], [ 22.028550000182406, 48.39184799958565 ], [ 22.030450000567157, 48.390273999845306 ], [ 22.031725000008862, 48.389024999803951 ], [ 22.032215226751418, 48.388784772899101 ], [ 22.037081785695875, 48.386400000159995 ], [ 22.037845000746302, 48.386026 ], [ 22.039145065192656, 48.385818312365359 ], [ 22.039460000578686, 48.385767999793472 ], [ 22.040573000643576, 48.385443000094483 ], [ 22.042320553350919, 48.384900000235007 ], [ 22.042580892694104, 48.38481910711613 ], [ 22.042691425668863, 48.384784762007143 ], [ 22.043587055997875, 48.384506472196051 ], [ 22.043640345325855, 48.384489913878497 ], [ 22.044155000353044, 48.384330000029593 ], [ 22.045158999887974, 48.383949999592971 ], [ 22.04600100004626, 48.383434000079092 ], [ 22.052188000276089, 48.379065000049764 ], [ 22.054278000429463, 48.377491000309419 ], [ 22.054793999943172, 48.377355000333182 ], [ 22.05530900031016, 48.377381999779573 ], [ 22.057019000026912, 48.377491000309419 ], [ 22.057671000416406, 48.377545000101804 ], [ 22.05815900043757, 48.377681000078269 ], [ 22.058295000414034, 48.378087999961281 ], [ 22.05819999963046, 48.37846730072539 ], [ 22.058022999561956, 48.379173999680404 ], [ 22.058058653184446, 48.379265386088889 ], [ 22.058838000273681, 48.381262999787737 ], [ 22.059190000318438, 48.381438999810086 ], [ 22.059939428761652, 48.381813714031864 ], [ 22.060884000196609, 48.38228600019886 ], [ 22.061537599580618, 48.382612800340439 ], [ 22.061606000216898, 48.382646999759402 ], [ 22.062066999892295, 48.382646999759402 ], [ 22.062664000443363, 48.382646999759402 ], [ 22.06496989094785, 48.382386021897503 ], [ 22.065296999557006, 48.382349000406236 ], [ 22.065525165654037, 48.382299999945076 ], [ 22.066056000384208, 48.382186000084005 ], [ 22.066382000129238, 48.38191500017723 ], [ 22.066707999874325, 48.381698000062784 ], [ 22.067305000425506, 48.381725000408608 ], [ 22.067875000630806, 48.381751999854998 ], [ 22.068635000604843, 48.381806001445909 ], [ 22.071267000571652, 48.382485000382644 ], [ 22.071389714863528, 48.382777942847952 ], [ 22.071892000615321, 48.383976999938739 ], [ 22.071900000984442, 48.384041394994426 ], [ 22.071907281895562, 48.384100000215028 ], [ 22.071972999854154, 48.384629000328232 ], [ 22.072100000314947, 48.384898802337943 ], [ 22.072189999968714, 48.385090000003629 ], [ 22.073302139382349, 48.385600000139959 ], [ 22.073482886026511, 48.385682886156417 ], [ 22.0736108694461, 48.38574157591313 ], [ 22.074848666632761, 48.386309200109679 ], [ 22.075799000023949, 48.386744999881955 ], [ 22.076558999998042, 48.387016999834827 ], [ 22.07740029598699, 48.386349556287087 ], [ 22.081553000070869, 48.383054999688511 ], [ 22.083309519918487, 48.381593652625099 ], [ 22.084338001697517, 48.380738000758242 ], [ 22.084456999990721, 48.380638999790108 ], [ 22.083751000708219, 48.380095999930631 ], [ 22.0833263219522, 48.379752643269967 ], [ 22.083046000572608, 48.379525999725161 ], [ 22.082692999582378, 48.378956000419123 ], [ 22.082692999582378, 48.378823999727842 ], [ 22.082692999582378, 48.378633570982515 ], [ 22.082692999582378, 48.378522000190287 ], [ 22.086004000284447, 48.37154800143918 ], [ 22.086492000305611, 48.371492999802172 ], [ 22.087076000257298, 48.371561000240149 ], [ 22.089123642342372, 48.373761821151277 ], [ 22.090712000658357, 48.375468999694647 ], [ 22.092761999866411, 48.377789999708909 ], [ 22.092940046745866, 48.377766745039423 ], [ 22.094009999861669, 48.377627000285884 ], [ 22.094878000319511, 48.377110999872798 ], [ 22.098949000096411, 48.376214999922468 ], [ 22.100198000137766, 48.375997999807907 ], [ 22.101826000569474, 48.376133999784315 ], [ 22.103019999873197, 48.37654100056676 ], [ 22.103292284911106, 48.376716915153622 ], [ 22.105057099205794, 48.37785709902596 ], [ 22.105625000393559, 48.378223999937745 ], [ 22.106385000367595, 48.378794000143159 ], [ 22.107660999855398, 48.379798000577409 ], [ 22.107980943565849, 48.380169381012252 ], [ 22.108339001443937, 48.380584999997893 ], [ 22.108746999574521, 48.380965000434514 ], [ 22.109859243309472, 48.381089811046138 ], [ 22.111162000326033, 48.381236000341289 ], [ 22.112302000736918, 48.381208999995522 ], [ 22.112353761217264, 48.381205780422476 ], [ 22.113170000295383, 48.381155000203137 ], [ 22.113976768613156, 48.380982323175829 ], [ 22.114310000706098, 48.38091099974298 ], [ 22.116128000007222, 48.380341000436886 ], [ 22.116972465207198, 48.380245650716233 ], [ 22.121125323075262, 48.379776749597397 ], [ 22.122558260555422, 48.379614957064803 ], [ 22.122859000142796, 48.379580999563643 ], [ 22.124514000021065, 48.380231999907039 ], [ 22.125519001400789, 48.380502999813643 ], [ 22.126685000312648, 48.380666000135875 ], [ 22.128992000580411, 48.380638999790108 ], [ 22.130132000091919, 48.38061200034366 ], [ 22.132330999875819, 48.380449000021429 ], [ 22.133525000078862, 48.380314000091118 ], [ 22.134637000097484, 48.380178000114654 ], [ 22.135696000370217, 48.380395000229271 ], [ 22.135828861712753, 48.380499999675351 ], [ 22.136168084189705, 48.380768083980001 ], [ 22.136211000737205, 48.380802000112283 ], [ 22.13659100027462, 48.381208999995522 ], [ 22.136672999559323, 48.381670000570125 ], [ 22.136654517592092, 48.382618071267075 ], [ 22.136648982264887, 48.382902035800385 ], [ 22.136646000112933, 48.383054999688511 ], [ 22.136468555779402, 48.383325773865465 ], [ 22.136184000391438, 48.383759999824122 ], [ 22.135641001431111, 48.384466000006 ], [ 22.134990000188509, 48.385090000003629 ], [ 22.134285000052728, 48.385714000001258 ], [ 22.133497000586203, 48.386366000390751 ], [ 22.132194999899355, 48.387559999694304 ], [ 22.131679000385645, 48.388047999715468 ], [ 22.131136001425375, 48.388807999689561 ], [ 22.130538999974988, 48.389948000100219 ], [ 22.130458000736212, 48.390301000191073 ], [ 22.130648001404211, 48.390625999890062 ], [ 22.130787087853946, 48.390735440188507 ], [ 22.131028000042249, 48.390925000188702 ], [ 22.131869000154268, 48.391385999864099 ], [ 22.132575000336146, 48.391738999954953 ], [ 22.134555999959503, 48.392362999952582 ], [ 22.135750000162432, 48.392552999721204 ], [ 22.136835999881555, 48.392607999559687 ], [ 22.137975000246172, 48.392662000251278 ], [ 22.139034001418054, 48.392688999697668 ], [ 22.140147000583795, 48.392688999697668 ], [ 22.142452999906141, 48.3928520000199 ], [ 22.14353900142379, 48.393015000342075 ], [ 22.145682999570852, 48.393449000571081 ], [ 22.147881000208145, 48.393910000246308 ], [ 22.14883099995086, 48.394209001444381 ], [ 22.149862999877598, 48.394589000082419 ], [ 22.150703999989616, 48.394941000127176 ], [ 22.151708000423923, 48.395430000194438 ], [ 22.152658000166753, 48.395973000053914 ], [ 22.153879000715449, 48.397112999565422 ], [ 22.154503000713078, 48.397736999563051 ], [ 22.154991999880963, 48.398470000090526 ], [ 22.155048423346159, 48.398714038322282 ], [ 22.155155000203195, 48.399175000226137 ], [ 22.155263000687114, 48.399907999854406 ], [ 22.155316999579952, 48.401291999825958 ], [ 22.155344999971817, 48.402079000145818 ], [ 22.15521850223206, 48.403956376285862 ], [ 22.155193163833474, 48.405228176838875 ], [ 22.155193162934154, 48.405228208315236 ], [ 22.155193162934154, 48.405228238892221 ], [ 22.155195013738989, 48.406485218618002 ], [ 22.155195013738989, 48.406485250094363 ], [ 22.155195014638366, 48.406485280671291 ], [ 22.155308511778571, 48.407850265377533 ], [ 22.15530851537585, 48.407850295954518 ], [ 22.155308518972959, 48.407850325632126 ], [ 22.155410907687383, 48.408316219418055 ], [ 22.155410919378483, 48.408316278773441 ], [ 22.155796394887773, 48.408899918096779 ], [ 22.156175354808965, 48.409250710352126 ], [ 22.156281300341846, 48.409348779622519 ], [ 22.156321729364493, 48.409386204010161 ], [ 22.157448929724353, 48.410054957870102 ], [ 22.15747805157099, 48.410066830719643 ], [ 22.160337014341906, 48.411232447419707 ], [ 22.163345513684533, 48.412182757428354 ], [ 22.166568271108986, 48.412815580674589 ], [ 22.168312040368448, 48.413103069651072 ], [ 22.169747170395738, 48.413273922853421 ], [ 22.170445824015644, 48.413357091256785 ], [ 22.171702292027248, 48.413455873689657 ], [ 22.175616004874769, 48.413479596905916 ], [ 22.177137391577389, 48.413512905096638 ], [ 22.178655687310254, 48.413668048042041 ], [ 22.181357014214825, 48.414111430898004 ], [ 22.182882544094127, 48.414434202076848 ], [ 22.18577207662014, 48.415420781743876 ], [ 22.186988404291583, 48.415897370267544 ], [ 22.188616298603392, 48.416631583980461 ], [ 22.18897449407774, 48.416890034747382 ], [ 22.191503977626553, 48.41871514588729 ], [ 22.19341459181004, 48.420133103360172 ], [ 22.194830142697072, 48.421022961840208 ], [ 22.197184009334649, 48.4222720059484 ], [ 22.199555586321367, 48.423508913705575 ], [ 22.201107380900964, 48.424106807283408 ], [ 22.201721081862445, 48.424343259733746 ], [ 22.20199872506123, 48.424418342332729 ], [ 22.205068568959405, 48.42524850291619 ], [ 22.207063460410552, 48.425667965604248 ], [ 22.207294222850294, 48.425674900276476 ], [ 22.207823275124099, 48.425690797592267 ], [ 22.209998307076319, 48.42575615762064 ], [ 22.211143538843373, 48.425618618904196 ], [ 22.211902812165079, 48.425527432145429 ], [ 22.212476477107828, 48.425458250897691 ], [ 22.213005375597788, 48.425350468949148 ], [ 22.214481989552269, 48.424858317657367 ], [ 22.214942875013833, 48.424673067208403 ], [ 22.215695397124932, 48.424370584734845 ], [ 22.216711307281116, 48.423553157652236 ], [ 22.217974248612734, 48.422043302956183 ], [ 22.21876355389503, 48.4211116790608 ], [ 22.219703187152447, 48.420141074950834 ], [ 22.219704106259542, 48.420140264661597 ], [ 22.226066656850833, 48.414534460297261 ], [ 22.226069479822684, 48.414531972772409 ], [ 22.226072860374359, 48.414529612052036 ], [ 22.227106807333371, 48.413807427670804 ], [ 22.227111168146052, 48.413804381666978 ], [ 22.227791501676506, 48.413347045829539 ], [ 22.229029851946166, 48.412776941302923 ], [ 22.231439820991113, 48.411716433766514 ], [ 22.232470936884397, 48.411289234210983 ], [ 22.233573746731054, 48.410893321169965 ], [ 22.234407137679284, 48.410652310955527 ], [ 22.235818448262876, 48.410284756236592 ], [ 22.236834943877682, 48.410083443895928 ], [ 22.237103375320601, 48.410030282271862 ], [ 22.23747799241545, 48.409970924318827 ], [ 22.238869541296367, 48.409750432136775 ], [ 22.239927975895398, 48.409592757599682 ], [ 22.241118606338659, 48.409497112002157 ], [ 22.242515999014188, 48.409580178782278 ], [ 22.242555250824353, 48.40958589397394 ], [ 22.245560445158446, 48.410023468108761 ], [ 22.245590981638657, 48.410027914356931 ], [ 22.246883454008298, 48.410229814854119 ], [ 22.248273212338972, 48.410446895907683 ], [ 22.250431463841096, 48.410680957959926 ], [ 22.253296273104695, 48.410871916405938 ], [ 22.257166164686794, 48.411073299793088 ], [ 22.258150038293763, 48.411092995845138 ], [ 22.259485043200357, 48.411049765434427 ], [ 22.261652026220077, 48.410750156294796 ], [ 22.263166769630743, 48.410505164781682 ], [ 22.264144221178924, 48.410266058431887 ], [ 22.264643430350134, 48.410108323640259 ], [ 22.265016515000241, 48.409936750080988 ], [ 22.265240611665035, 48.409751587765641 ], [ 22.26545998688897, 48.409376167576113 ], [ 22.265584505220829, 48.408864765396629 ], [ 22.265584509717485, 48.408864733920495 ], [ 22.265584512415387, 48.408864703343511 ], [ 22.265610116114146, 48.408514312185844 ], [ 22.26561011521477, 48.408514280709539 ], [ 22.265610114315393, 48.408514249233349 ], [ 22.2656065368123, 48.408370070822286 ], [ 22.265601431361119, 48.408164235790935 ], [ 22.265601425965087, 48.408164207012533 ], [ 22.265601418770643, 48.408164176435776 ], [ 22.265523899908203, 48.407791146644172 ], [ 22.265523890015686, 48.407791119664523 ], [ 22.265523877425039, 48.407791091785498 ], [ 22.265523816271127, 48.407790955088615 ], [ 22.265434632302629, 48.407579308638219 ], [ 22.264078182162507, 48.404360251924231 ], [ 22.264077881788921, 48.404359540560449 ], [ 22.264077036426215, 48.404357878613212 ], [ 22.26246583443077, 48.401193739 ], [ 22.262463745305581, 48.401189636292827 ], [ 22.262231454018433, 48.400805749885535 ], [ 22.261852754001495, 48.400179905378479 ], [ 22.261852155952397, 48.400179092391284 ], [ 22.260487887106422, 48.398324925055363 ], [ 22.26048735740568, 48.39832420469844 ], [ 22.259920546196327, 48.397592007265416 ], [ 22.259361433183756, 48.396876556108282 ], [ 22.259360852221619, 48.396875838449262 ], [ 22.259306239091757, 48.396808318249327 ], [ 22.257621220742919, 48.394725098984168 ], [ 22.257620685646145, 48.394724437982404 ], [ 22.256938181152179, 48.393932589417602 ], [ 22.25603482474736, 48.39299089761198 ], [ 22.25534821844559, 48.392420645596417 ], [ 22.255236362568155, 48.392327745629075 ], [ 22.255158549627538, 48.392276497762282 ], [ 22.254520634419748, 48.391856364180001 ], [ 22.253836221564484, 48.391566250981782 ], [ 22.253578468671492, 48.391459551816922 ], [ 22.253020001372079, 48.391228369393843 ], [ 22.25142531902344, 48.390732956261104 ], [ 22.25071235808889, 48.39058957824659 ], [ 22.2504396575643, 48.39054087636049 ], [ 22.249981464672828, 48.39045904614818 ], [ 22.247208806241474, 48.389963866839082 ], [ 22.245881220741808, 48.389726769574793 ], [ 22.242232175674474, 48.389070761806295 ], [ 22.241932106981153, 48.388992047744921 ], [ 22.241526974989938, 48.388885773060053 ], [ 22.241055564762632, 48.388710645380058 ], [ 22.240602124788381, 48.38849985328568 ], [ 22.240313132145388, 48.388365508061838 ], [ 22.239838030201099, 48.388037280696039 ], [ 22.239576998379903, 48.387815362189372 ], [ 22.239381748369055, 48.387514931968724 ], [ 22.23937288734885, 48.387149898948735 ], [ 22.239657734117259, 48.386625219178711 ], [ 22.240054715552731, 48.386203652976349 ], [ 22.240350852409961, 48.385919871904605 ], [ 22.240626842654706, 48.385689117558854 ], [ 22.240643615010981, 48.385676581009477 ], [ 22.241267877610653, 48.385209942584822 ], [ 22.241977485872383, 48.384764131559393 ], [ 22.24266433858844, 48.384436265721092 ], [ 22.243524689412993, 48.384189706689767 ], [ 22.244331455032807, 48.38393096993849 ], [ 22.245117314112804, 48.383675427578908 ], [ 22.245118535392066, 48.383674968924822 ], [ 22.245866530316221, 48.383393768907411 ], [ 22.24653767097675, 48.383098922577346 ], [ 22.248274630569824, 48.382226653037719 ], [ 22.250219323662975, 48.38114257786782 ], [ 22.251024205203066, 48.380572348335249 ], [ 22.251909735246272, 48.379881419891717 ], [ 22.251910389053251, 48.379880909976066 ], [ 22.252480209394207, 48.379378069342579 ], [ 22.253292887157158, 48.37857161668677 ], [ 22.253670849730042, 48.378187619663095 ], [ 22.254070164006976, 48.377696070017691 ], [ 22.254500002173472, 48.377051937796864 ], [ 22.254948189207596, 48.376224904156174 ], [ 22.255327346979641, 48.375484599334811 ], [ 22.255773366647588, 48.374670345959885 ], [ 22.256480147440925, 48.373574323296509 ], [ 22.256583207049459, 48.37341450477561 ], [ 22.258211958415245, 48.370888757010505 ], [ 22.261979707697378, 48.366405004387445 ], [ 22.267359696792653, 48.360875608222898 ], [ 22.267600000140021, 48.360832947082827 ], [ 22.268586238064586, 48.36065786077171 ], [ 22.26886039369225, 48.360609309072515 ], [ 22.27999702234473, 48.358637067047198 ], [ 22.282220013342965, 48.358243386123377 ], [ 22.294330546617459, 48.356101421343624 ], [ 22.297083171751012, 48.354472081821314 ], [ 22.299671298291969, 48.353450026597557 ], [ 22.309498799130324, 48.353760272918294 ], [ 22.310775170038141, 48.353806945034592 ], [ 22.3108001586005, 48.35380771305563 ], [ 22.317454817985606, 48.354012176620813 ], [ 22.317576157213864, 48.354015905209963 ], [ 22.317576578096748, 48.354015917800439 ], [ 22.317576612271012, 48.354015856646527 ], [ 22.317647298983672, 48.353902936871123 ], [ 22.317800000269983, 48.35365898857151 ], [ 22.319303803427886, 48.351256577429297 ], [ 22.319666098911455, 48.350677789048916 ], [ 22.319758002430035, 48.350408487062111 ], [ 22.319818469247025, 48.350017058040862 ], [ 22.319786889553484, 48.349655133077988 ], [ 22.319708063976123, 48.349517046674521 ], [ 22.319528979279028, 48.349203328970589 ], [ 22.319016410678842, 48.348406330887599 ], [ 22.318208127902835, 48.347065779862021 ], [ 22.318076556188203, 48.346835761161572 ], [ 22.317187511594568, 48.345281497043629 ], [ 22.317111081811163, 48.344884850155893 ], [ 22.317163559051153, 48.344592305190702 ], [ 22.317380822666962, 48.344088306230447 ], [ 22.318951538083184, 48.341112740960398 ], [ 22.319917185130123, 48.339356559257908 ], [ 22.32010630176444, 48.338833233866694 ], [ 22.320097560354213, 48.338471542727632 ], [ 22.318741621928496, 48.335529505982038 ], [ 22.317559330898405, 48.332964240207673 ], [ 22.31754975132003, 48.332944339110156 ], [ 22.316072991675355, 48.329876453935299 ], [ 22.316050169579853, 48.329829042576364 ], [ 22.315408192134441, 48.328884895621627 ], [ 22.315393602432891, 48.328869602650116 ], [ 22.315371191327586, 48.328846113257612 ], [ 22.315147621665574, 48.328611781408767 ], [ 22.314895600151885, 48.328408717188552 ], [ 22.314787479159008, 48.328330138025478 ], [ 22.31461661426539, 48.328205958738181 ], [ 22.314254433895087, 48.328110648587653 ], [ 22.314131874286545, 48.328078397100512 ], [ 22.313300363820758, 48.32779096298259 ], [ 22.313206115769788, 48.327740028979235 ], [ 22.313001260100123, 48.327587682925412 ], [ 22.312860886720728, 48.327400553792586 ], [ 22.312809955415162, 48.327332657676152 ], [ 22.312730083026963, 48.327215758400655 ], [ 22.312728535293843, 48.327197274634671 ], [ 22.312718417021358, 48.327076493885158 ], [ 22.312719653589227, 48.326809379949054 ], [ 22.312776806404656, 48.326356363555419 ], [ 22.312917438788816, 48.325845738390115 ], [ 22.312957114179596, 48.325709739313083 ], [ 22.312957144756581, 48.325709627797096 ], [ 22.313045105647234, 48.325408105799511 ], [ 22.313045120935612, 48.325408059934148 ], [ 22.313175247439858, 48.325066672788751 ], [ 22.313176106292417, 48.325065412838569 ], [ 22.313351832021453, 48.324807687824659 ], [ 22.313351994798836, 48.324807448604986 ], [ 22.313352154878089, 48.3248072309691 ], [ 22.318368385292729, 48.317977386347309 ], [ 22.318499232153897, 48.317799232448749 ], [ 22.319101364236587, 48.31697939967961 ], [ 22.3195912195593, 48.316312436369969 ], [ 22.320825723428584, 48.314631599868505 ], [ 22.320825890702395, 48.314631371440782 ], [ 22.321052527951849, 48.314427317966363 ], [ 22.321054144932873, 48.314426293638576 ], [ 22.32109999956549, 48.314397249133776 ], [ 22.321279265026078, 48.314283703430306 ], [ 22.32488409222708, 48.312000412888779 ], [ 22.324886176855557, 48.311999092684005 ], [ 22.324888758809266, 48.311997802156895 ], [ 22.328182768619968, 48.310350433026144 ], [ 22.328182907115547, 48.310350363778241 ], [ 22.328547483279863, 48.310180148195286 ], [ 22.33636309098398, 48.306531139100969 ], [ 22.336363084688742, 48.306531056363212 ], [ 22.336336303777557, 48.306181256959576 ], [ 22.336336309173419, 48.306181227281968 ], [ 22.336336316368033, 48.306181196704983 ], [ 22.336342617917524, 48.306153972427921 ], [ 22.336343683614189, 48.306149367899081 ], [ 22.336343696204665, 48.306149316637686 ], [ 22.336344739418166, 48.306144811933564 ], [ 22.336349513019798, 48.306124189579748 ], [ 22.336356491758806, 48.306094048801356 ], [ 22.336399606156874, 48.30590784597041 ], [ 22.336399614250865, 48.305907817192178 ], [ 22.336399623244006, 48.305907785715874 ], [ 22.337633210704098, 48.301217698937705 ], [ 22.337717194792788, 48.300927343821968 ], [ 22.33832761772544, 48.299512705746793 ], [ 22.338633075156338, 48.298822959012398 ], [ 22.339414788361978, 48.297282898786932 ], [ 22.339700320413499, 48.296694299702267 ], [ 22.339995400567375, 48.296085991975076 ], [ 22.340036112876476, 48.295991656689694 ], [ 22.340069739427065, 48.295913750219427 ], [ 22.340069744822927, 48.295913719642499 ], [ 22.340069752916918, 48.295913691763644 ], [ 22.340131167619404, 48.295587799037833 ], [ 22.340018541022971, 48.295291735924991 ], [ 22.340013787206601, 48.295279238046533 ], [ 22.339996963589101, 48.295254765695063 ], [ 22.339989850850998, 48.295244418994855 ], [ 22.339960051815012, 48.295201072571501 ], [ 22.339897842111839, 48.295110582787345 ], [ 22.339895949938125, 48.295108419917824 ], [ 22.339286836418523, 48.294412221447033 ], [ 22.339286312113643, 48.294411621599181 ], [ 22.33875712674012, 48.293854330613044 ], [ 22.338394608224633, 48.293492851713779 ], [ 22.338328465786049, 48.293440700927704 ], [ 22.337868343849095, 48.293077908119074 ], [ 22.337616621809786, 48.292882981864238 ], [ 22.33752118305614, 48.292815010204663 ], [ 22.337521094922749, 48.292814885198879 ], [ 22.337269748799997, 48.292458494663833 ], [ 22.337253856880011, 48.292191577679318 ], [ 22.337239784288784, 48.29195521965778 ], [ 22.337164891446605, 48.2906973343147 ], [ 22.337147171205174, 48.290399710878035 ], [ 22.337142696178603, 48.290324559031149 ], [ 22.338617170645932, 48.286994446836445 ], [ 22.339293182034851, 48.285467671395963 ], [ 22.339381287716321, 48.285275640058842 ], [ 22.33938128232046, 48.28527557890493 ], [ 22.338754619430176, 48.279682282311569 ], [ 22.338702054056625, 48.279213108698173 ], [ 22.338678386598417, 48.279001868741261 ], [ 22.338668589383985, 48.278914415068357 ], [ 22.343298571771697, 48.275514403067348 ], [ 22.344214769595965, 48.274851537968175 ], [ 22.347525048142529, 48.272456569615144 ], [ 22.347530125714854, 48.272452895884442 ], [ 22.349242251428734, 48.271229858371441 ], [ 22.349351265448604, 48.271289784695966 ], [ 22.349410725924429, 48.271322237631239 ], [ 22.349443568266111, 48.27134016291825 ], [ 22.349515912429467, 48.271379646753473 ], [ 22.349923373664865, 48.27157641212176 ], [ 22.350698413001396, 48.271950681179078 ], [ 22.350740646064139, 48.271920322764799 ], [ 22.351634555090754, 48.271277766156174 ], [ 22.354325092828958, 48.269343759706771 ], [ 22.358038738896767, 48.266607180277219 ], [ 22.359688228628954, 48.265391672787587 ], [ 22.361007808363695, 48.263509504160368 ], [ 22.36403486072038, 48.25919189678865 ], [ 22.364035918323111, 48.259190374236425 ], [ 22.364271963380531, 48.258850417912583 ], [ 22.364272233177189, 48.258850030304757 ], [ 22.364272942742218, 48.25884893582986 ], [ 22.364506411242019, 48.258489467814854 ], [ 22.365695975988672, 48.25665790224059 ], [ 22.365790018994232, 48.256380682622478 ], [ 22.365813931068146, 48.256310193760442 ], [ 22.365899999785256, 48.256056482420888 ], [ 22.367740143992592, 48.250632118977137 ], [ 22.368066419829518, 48.249670326424507 ], [ 22.368066448607749, 48.249670224801093 ], [ 22.369339758223362, 48.245286478588298 ], [ 22.369388788362073, 48.245117680336818 ], [ 22.3693950440462, 48.245112322175999 ], [ 22.370868313422022, 48.243850588633791 ], [ 22.370873328041682, 48.243846868138633 ], [ 22.370927921386624, 48.243806361774318 ], [ 22.370947175871606, 48.243792076043462 ], [ 22.379757067734545, 48.237504410200359 ], [ 22.384402748687876, 48.234188763600628 ], [ 22.384409093404997, 48.234184236413455 ], [ 22.384447919835793, 48.234244666358393 ], [ 22.38464166438132, 48.234546201845831 ], [ 22.384922180914032, 48.234982790323556 ], [ 22.385044724334591, 48.235204778078128 ], [ 22.385096274373666, 48.235298162780055 ], [ 22.385152058420886, 48.235419800583372 ], [ 22.385160583094489, 48.2354862505901 ], [ 22.385210873183382, 48.236002769012657 ], [ 22.385687397855179, 48.236366396392214 ], [ 22.390021905286744, 48.239673967979343 ], [ 22.390677834814369, 48.240174494657367 ], [ 22.390772840094598, 48.240249350627153 ], [ 22.395458772004815, 48.243941487609618 ], [ 22.395864085659127, 48.244518227334424 ], [ 22.396537299257034, 48.245476168990194 ], [ 22.398093104813086, 48.246828742152786 ], [ 22.39874513667877, 48.247395600126879 ], [ 22.400625259348374, 48.249030120643681 ], [ 22.407836499255097, 48.249683116582617 ], [ 22.4159365643211, 48.250350241770377 ], [ 22.419532592555186, 48.250646412801757 ], [ 22.419544029233634, 48.25064596943605 ], [ 22.419601432959894, 48.250643740016756 ], [ 22.419601417671458, 48.25064367796341 ], [ 22.419590785886044, 48.25059938635269 ], [ 22.419378187053837, 48.249713722310503 ], [ 22.419376981062953, 48.249709862420332 ], [ 22.419375770575471, 48.249705999832202 ], [ 22.419365626222714, 48.249673582869605 ], [ 22.419365619927476, 48.249673554091373 ], [ 22.419365612732861, 48.249673522615012 ], [ 22.419268688299439, 48.249256236286328 ], [ 22.419189823151953, 48.248916704442422 ], [ 22.419174521187244, 48.248850341670106 ], [ 22.419178812752079, 48.248849683366302 ], [ 22.422989482178991, 48.248264362310465 ], [ 22.425752627581801, 48.247839940760684 ], [ 22.425786576988969, 48.247834859591251 ], [ 22.427148200928798, 48.247631101094555 ], [ 22.432477372932397, 48.246833628169554 ], [ 22.432015037763847, 48.247644797769283 ], [ 22.43201460608924, 48.247645553199845 ], [ 22.431285169575062, 48.248925352323283 ], [ 22.43085994313202, 48.249671419100878 ], [ 22.430829085593984, 48.249725112224212 ], [ 22.430768349879543, 48.249830794255899 ], [ 22.430278867775655, 48.250727984009302 ], [ 22.432575851394404, 48.252291232354651 ], [ 22.432723849226363, 48.252247206943082 ], [ 22.433710476557337, 48.251953714092792 ], [ 22.439405400139265, 48.250259639570686 ], [ 22.44020399631745, 48.250022080954352 ], [ 22.440683858373461, 48.249693494759128 ], [ 22.443360519572479, 48.247720085413675 ], [ 22.443422952307571, 48.247668298853057 ], [ 22.445922151186494, 48.245595246423591 ], [ 22.445922305869885, 48.245595116921152 ], [ 22.445929366447274, 48.245588131886905 ], [ 22.446257992212622, 48.245263011678617 ], [ 22.446512107347928, 48.245011607100082 ], [ 22.44699774485008, 48.244531149692875 ], [ 22.447484693563752, 48.244085239742105 ], [ 22.448154942996268, 48.24395879416312 ], [ 22.448436765344468, 48.243905627143022 ], [ 22.448523269333521, 48.243889308045311 ], [ 22.44907845500677, 48.243784569402465 ], [ 22.451331809815315, 48.243367048350592 ], [ 22.451658061370495, 48.243306596822038 ], [ 22.452036479899732, 48.243236480279393 ], [ 22.456108689264624, 48.242481944586132 ], [ 22.45616866235406, 48.242483057047536 ], [ 22.456288828866548, 48.242485284668305 ], [ 22.456891122827187, 48.242496449751343 ], [ 22.461228826449258, 48.242576857236315 ], [ 22.466862795781367, 48.242681294606143 ], [ 22.467413585568693, 48.242830350040663 ], [ 22.467734769444064, 48.242917268617134 ], [ 22.468063156889343, 48.243021106139224 ], [ 22.468519146441565, 48.243295473107651 ], [ 22.468551995977975, 48.243325095876571 ], [ 22.468577035801729, 48.243347676054498 ], [ 22.468604634196595, 48.243372563892763 ], [ 22.468668200976879, 48.243429889377921 ], [ 22.469214431201124, 48.244128054666021 ], [ 22.470288755022125, 48.245501207015138 ], [ 22.471266965598147, 48.246751511073512 ], [ 22.471267010564134, 48.246751568630145 ], [ 22.472789076255026, 48.247586129596243 ], [ 22.472789203958769, 48.247586169166539 ], [ 22.474672286297164, 48.248166719318647 ], [ 22.476404954325233, 48.248700896829064 ], [ 22.476459476623575, 48.24871195579226 ], [ 22.479295513876934, 48.249287199944433 ], [ 22.480037713569743, 48.249437742857708 ], [ 22.480044454887832, 48.249440981316297 ], [ 22.480583627232647, 48.249699999555503 ], [ 22.480642227956594, 48.2497281519328 ], [ 22.482290157364957, 48.250519817036036 ], [ 22.482523009829208, 48.250631680108086 ], [ 22.482532163128838, 48.250638219078724 ], [ 22.483611258752717, 48.251409153010172 ], [ 22.484547867590152, 48.25207829177981 ], [ 22.484727083588098, 48.252206328259547 ], [ 22.484772707094862, 48.25224335964333 ], [ 22.484846093572401, 48.252302927138487 ], [ 22.486585800594355, 48.253715026427358 ], [ 22.486596276796831, 48.253723528618139 ], [ 22.486637882132584, 48.253757299060226 ], [ 22.489195425428647, 48.253856416040946 ], [ 22.489412426442414, 48.253425662364521 ], [ 22.489483186000257, 48.253285200851508 ], [ 22.489636571670474, 48.252797097408177 ], [ 22.489637275839641, 48.252794858096308 ], [ 22.490530863808431, 48.252494012388865 ], [ 22.495697014805558, 48.250754711860509 ], [ 22.498285811341304, 48.249839180433867 ], [ 22.501040652404299, 48.248840652374327 ], [ 22.502140140155461, 48.248442128601425 ], [ 22.503586380407285, 48.245337698576009 ], [ 22.503474822205305, 48.244946382869443 ], [ 22.503109199230209, 48.244488910335065 ], [ 22.502754780009127, 48.244064644367995 ], [ 22.502753061404633, 48.244062585819847 ], [ 22.502727130352866, 48.244042631662239 ], [ 22.500289955017536, 48.242167264607701 ], [ 22.499655058833923, 48.241684718075362 ], [ 22.499031337626263, 48.241134064085941 ], [ 22.498280822801917, 48.240471469682745 ], [ 22.497786594076047, 48.23998747344325 ], [ 22.497390930147446, 48.239599999640291 ], [ 22.497311823082327, 48.239522531139926 ], [ 22.49800203296752, 48.239483990693714 ], [ 22.49826517100098, 48.239469297570167 ], [ 22.498280862372042, 48.239468421630477 ], [ 22.503156646562104, 48.239201509142447 ], [ 22.515409755655696, 48.237983023098138 ], [ 22.515409754756547, 48.23798296104485 ], [ 22.515409847386593, 48.237980565251064 ], [ 22.515413534607092, 48.237884797345657 ], [ 22.515441166276844, 48.237167061910441 ], [ 22.515589534629441, 48.233313016382738 ], [ 22.515510765709394, 48.233155774419515 ], [ 22.515155940894147, 48.232447459382797 ], [ 22.514838289555485, 48.231850675568296 ], [ 22.513461967995511, 48.230650416983337 ], [ 22.512642429304719, 48.229692362012997 ], [ 22.512630232699223, 48.229560456649949 ], [ 22.512495435116307, 48.228102512620978 ], [ 22.512465824038657, 48.227782245154572 ], [ 22.512945297587521, 48.2261764031187 ], [ 22.513291267677971, 48.225902185437576 ], [ 22.517050956336675, 48.22292223507327 ], [ 22.520046962297499, 48.221351311913679 ], [ 22.520136244292303, 48.221304497704466 ], [ 22.520760380087609, 48.220977238908574 ], [ 22.521692368208392, 48.220488560798515 ], [ 22.521858628573, 48.220164883103052 ], [ 22.522511834953377, 48.218893215649359 ], [ 22.523181951286062, 48.217588627613225 ], [ 22.523698280851136, 48.215792875740647 ], [ 22.525289989141811, 48.214919182574306 ], [ 22.527937345032626, 48.213265749315042 ], [ 22.529952492813322, 48.211348500832742 ], [ 22.530828900133713, 48.210025615190148 ], [ 22.531225261936299, 48.209427330407152 ], [ 22.531303215171306, 48.209309664009822 ], [ 22.531370381937677, 48.209324285187677 ], [ 22.53517748914993, 48.21015301764777 ], [ 22.535841188819859, 48.210318457830738 ], [ 22.536147598632795, 48.210237842602453 ], [ 22.538112986924887, 48.209720760304947 ], [ 22.541829829183428, 48.208639514402194 ], [ 22.542590956907247, 48.208418097717015 ], [ 22.544281462019853, 48.207899438008781 ], [ 22.549321144955002, 48.204230560192286 ], [ 22.549495458748481, 48.204101761986749 ], [ 22.550822760961694, 48.203120907403957 ], [ 22.553392811129356, 48.201221681335653 ], [ 22.556270766682701, 48.199094917796344 ], [ 22.556837913339109, 48.198941121135931 ], [ 22.561614790989893, 48.197645737660764 ], [ 22.562352309711514, 48.197445739229636 ], [ 22.570338097925003, 48.196144372564902 ], [ 22.570376304722743, 48.19606728177979 ], [ 22.570984184372605, 48.194840752199127 ], [ 22.571033692051287, 48.194740860002753 ], [ 22.571040686078845, 48.194689791101098 ], [ 22.571155117614751, 48.193854243578528 ], [ 22.571519484236774, 48.19119370992189 ], [ 22.57151948783428, 48.191193680244282 ], [ 22.571519492330765, 48.191193648767921 ], [ 22.571623755232167, 48.190371790725692 ], [ 22.571623739044412, 48.190371753853526 ], [ 22.569870590755329, 48.187230718722844 ], [ 22.568687019090817, 48.185110168599408 ], [ 22.568616297304345, 48.185105391400725 ], [ 22.562398177833813, 48.184685335160225 ], [ 22.562094323893916, 48.184664809033848 ], [ 22.562083486164113, 48.184664076985655 ], [ 22.562083475372219, 48.184664017630439 ], [ 22.561408696953833, 48.181575843750295 ], [ 22.565706830405986, 48.178964421171145 ], [ 22.565747164999777, 48.1787957209458 ], [ 22.565771381943819, 48.178694433901057 ], [ 22.566309095588451, 48.176445451596351 ], [ 22.566315732585167, 48.176417692222856 ], [ 22.566356071675443, 48.176248974011003 ], [ 22.566756156671318, 48.174469204889988 ], [ 22.567072477912518, 48.173099663318965 ], [ 22.567802525066668, 48.172524813069799 ], [ 22.568093037563756, 48.172307460421052 ], [ 22.56928504756695, 48.171555417648449 ], [ 22.569290455190469, 48.171552007419336 ], [ 22.569840127120301, 48.170738010351045 ], [ 22.57176555043992, 48.167616765701268 ], [ 22.57248986531522, 48.166442600945459 ], [ 22.572623911964001, 48.166132666689407 ], [ 22.573093616177516, 48.165046646285873 ], [ 22.573196754027038, 48.164801081904557 ], [ 22.573732545820405, 48.163525399877358 ], [ 22.574049701632589, 48.162770273329556 ], [ 22.574368724437193, 48.16164224829123 ], [ 22.57438838541583, 48.161571262104189 ], [ 22.574441505671018, 48.161379459194791 ], [ 22.574441604596529, 48.161379110257712 ], [ 22.575030195587203, 48.159328427564901 ], [ 22.57518970114387, 48.159232956435972 ], [ 22.57530101832748, 48.1591663265649 ], [ 22.575776860413896, 48.158881512172229 ], [ 22.575895397354884, 48.158817606347611 ], [ 22.575956324624656, 48.158784758609897 ], [ 22.57664492202565, 48.158459108701095 ], [ 22.577884904564883, 48.158160720840726 ], [ 22.578116557333317, 48.158227813862709 ], [ 22.582862312146062, 48.159602325986725 ], [ 22.583281317978617, 48.158978200983313 ], [ 22.584070471275254, 48.157802730411788 ], [ 22.584277400781502, 48.157494500371001 ], [ 22.584673437029551, 48.156726003602216 ], [ 22.585524255040468, 48.155075020995582 ], [ 22.585886894065027, 48.154371285306638 ], [ 22.586170517755249, 48.154052645613149 ], [ 22.586304998776768, 48.153901563106842 ], [ 22.58661958162844, 48.153548143931857 ], [ 22.588912940080206, 48.15120958285604 ], [ 22.589094280276981, 48.151286611588034 ], [ 22.589139667261975, 48.151305891253912 ], [ 22.591811001776477, 48.152440614442924 ], [ 22.591845114860348, 48.152455105218962 ], [ 22.598167972973727, 48.145267102894593 ], [ 22.598129670847811, 48.145200454137694 ], [ 22.598021157750281, 48.145011629782971 ], [ 22.597992199580347, 48.144961240768737 ], [ 22.597574467188053, 48.144456767865677 ], [ 22.597520182310632, 48.144398504387539 ], [ 22.59748301872645, 48.14435861765611 ], [ 22.597125415905282, 48.144116994103967 ], [ 22.596613053249882, 48.143880938254824 ], [ 22.595730199589127, 48.143880407654876 ], [ 22.594403855153985, 48.144027479184956 ], [ 22.593884018232927, 48.144085121231456 ], [ 22.593577760405424, 48.144161193084642 ], [ 22.593265146169642, 48.144238843248104 ], [ 22.593168211843647, 48.144268800564703 ], [ 22.592725229186158, 48.14421554720974 ], [ 22.592372134666277, 48.144101775776392 ], [ 22.592241551306699, 48.144057115443559 ], [ 22.59108868879207, 48.143524607974314 ], [ 22.589621432283252, 48.142846880679087 ], [ 22.588385324922967, 48.141873220672778 ], [ 22.588187617064875, 48.141717489570624 ], [ 22.588247267297731, 48.141301584600569 ], [ 22.588380671830691, 48.140371423002875 ], [ 22.588403322155671, 48.140306643936526 ], [ 22.588539130576521, 48.139918229442856 ], [ 22.588763699385254, 48.139349868701458 ], [ 22.588868007252813, 48.139167622887669 ], [ 22.588908018990026, 48.139097717685672 ], [ 22.58892997863569, 48.139059350808509 ], [ 22.588976128245861, 48.139013400847887 ], [ 22.588984100735729, 48.139005463431488 ], [ 22.589165658568334, 48.138860508905395 ], [ 22.589176528674045, 48.13885712205871 ], [ 22.589232440424837, 48.138839703090014 ], [ 22.589262302413431, 48.138836490711583 ], [ 22.589272271398329, 48.13883541871968 ], [ 22.589342048896469, 48.138827914776584 ], [ 22.589581106682829, 48.138802207655885 ], [ 22.58961705078633, 48.138798342369682 ], [ 22.590544743745056, 48.138329875623413 ], [ 22.591268902138211, 48.137928552260917 ], [ 22.591679029863428, 48.137701257607091 ], [ 22.59477548739892, 48.135710907732289 ], [ 22.595259555584107, 48.135399756693516 ], [ 22.595271961731726, 48.135391782404895 ], [ 22.595266159305936, 48.135145360969659 ], [ 22.595259559181443, 48.134865107938538 ], [ 22.595239992631605, 48.134743714750755 ], [ 22.595082507851544, 48.133766638219811 ], [ 22.595031313944162, 48.133449020156206 ], [ 22.594762854622161, 48.13324537767221 ], [ 22.594695185134754, 48.133202026752201 ], [ 22.59466715866256, 48.133184072686902 ], [ 22.594169018785294, 48.132969730968341 ], [ 22.593735972737022, 48.132783396836373 ], [ 22.59297681272983, 48.13230159584208 ], [ 22.592957146355332, 48.132264286567647 ], [ 22.592794575009805, 48.131955885655714 ], [ 22.592738377274429, 48.131849276422997 ], [ 22.592592740163013, 48.131479894281767 ], [ 22.592266655881645, 48.130652839956667 ], [ 22.592084889406181, 48.128525267926818 ], [ 22.592007400221519, 48.127618255778032 ], [ 22.592139426093695, 48.12639995229614 ], [ 22.592414748142232, 48.123859346831466 ], [ 22.59241475443747, 48.123859318952441 ], [ 22.592414761632085, 48.123859289274833 ], [ 22.592546507815086, 48.123371881907019 ], [ 22.592601641652493, 48.123274008688725 ], [ 22.592672039683009, 48.12314904339371 ], [ 22.592789303183963, 48.122940885413584 ], [ 22.592790573925868, 48.12293946538415 ], [ 22.595749562892081, 48.119635093584861 ], [ 22.596694370848581, 48.118640045002167 ], [ 22.598131786053216, 48.117311037674313 ], [ 22.599119890970258, 48.116397455078584 ], [ 22.599246511917045, 48.116280384032621 ], [ 22.599246461555026, 48.116280368744185 ], [ 22.597743305009658, 48.115832071992656 ], [ 22.595480610741618, 48.115157252205563 ], [ 22.592183541437464, 48.113336781567341 ], [ 22.590228022305553, 48.107588978748424 ], [ 22.590402402648806, 48.107608171180232 ], [ 22.593268009610995, 48.107923556227206 ], [ 22.593269227293149, 48.107923690226301 ], [ 22.593270734556768, 48.107923554428623 ], [ 22.595829283294847, 48.107692231711212 ], [ 22.595830983912947, 48.107692077927197 ], [ 22.597771799129418, 48.107183943884081 ], [ 22.597775675207345, 48.107181691981623 ], [ 22.599146249200146, 48.106385290149149 ], [ 22.59981108111657, 48.105998973773808 ], [ 22.601596569026469, 48.104594099638177 ], [ 22.601676614084511, 48.104531117417309 ], [ 22.604555367336502, 48.104063973573716 ], [ 22.605378291075397, 48.103939918392655 ], [ 22.605390806940363, 48.103938031614973 ], [ 22.610522612828504, 48.103671056174278 ], [ 22.613747363150424, 48.103908758682451 ], [ 22.615688189158732, 48.104911631366747 ], [ 22.617822240803832, 48.105564229805509 ], [ 22.618197777005776, 48.105623291881443 ], [ 22.619723513729241, 48.105863249889239 ], [ 22.619811389184235, 48.105877069770997 ], [ 22.619856450614748, 48.105853065066981 ], [ 22.622706762806899, 48.104334662314841 ], [ 22.624091132399883, 48.103597187660171 ], [ 22.624997888242035, 48.103050409748676 ], [ 22.626268845231095, 48.101988782556305 ], [ 22.627775265416346, 48.100353440958713 ], [ 22.628547124750128, 48.099553699943385 ], [ 22.630389692630274, 48.098241214060749 ], [ 22.632235624874284, 48.097037869901897 ], [ 22.633604886756302, 48.096229607810301 ], [ 22.634554164343342, 48.095888449092683 ], [ 22.635454109619502, 48.09570574822169 ], [ 22.636141388614249, 48.095671692694623 ], [ 22.646746358757582, 48.095350299276959 ], [ 22.648233500175934, 48.095348915220313 ], [ 22.653140290292185, 48.095344347563696 ], [ 22.653973880889964, 48.095343572348042 ], [ 22.656063890935911, 48.095556178375091 ], [ 22.657004641151389, 48.095518344795948 ], [ 22.65810171422271, 48.095271944045123 ], [ 22.659229916427648, 48.094867322868765 ], [ 22.659581381375801, 48.094662801746949 ], [ 22.660812442640292, 48.093946435079943 ], [ 22.662369957807414, 48.093251636853722 ], [ 22.663455306417347, 48.092767469743023 ], [ 22.665069114648077, 48.092258675597577 ], [ 22.667429897072168, 48.091884647558629 ], [ 22.670122816215155, 48.091699910622481 ], [ 22.672748802415356, 48.091685981023318 ], [ 22.674620687294976, 48.091877152608561 ], [ 22.675858517756581, 48.092065408591793 ], [ 22.676511743921822, 48.092277936377741 ], [ 22.676572496723395, 48.092297701677694 ], [ 22.677525397679062, 48.092635722660646 ], [ 22.679302592940417, 48.093811176144868 ], [ 22.681112999265679, 48.095447260582773 ], [ 22.682305822255955, 48.096473453587123 ], [ 22.683348488142371, 48.097129927204435 ], [ 22.685786668919661, 48.098665030366931 ], [ 22.693507539341567, 48.101697869860914 ], [ 22.693512398378516, 48.101700530055496 ], [ 22.693951792741188, 48.101941032153036 ], [ 22.695787050032379, 48.102945556891939 ], [ 22.696331656081156, 48.103243646177475 ], [ 22.699984715722053, 48.105243142157462 ], [ 22.700449456577303, 48.105583538249789 ], [ 22.701985089440484, 48.10670829964846 ], [ 22.702778509121003, 48.107531497680668 ], [ 22.70354490327469, 48.108640196288093 ], [ 22.70444306969199, 48.109334311029784 ], [ 22.704579513933481, 48.109439757438906 ], [ 22.704630821155604, 48.109479407648564 ], [ 22.705734756054312, 48.110126915025205 ], [ 22.706232757435941, 48.110266379190193 ], [ 22.706563449843429, 48.110358987777147 ], [ 22.707502116329692, 48.110422428652271 ], [ 22.708946118168853, 48.110502785774997 ], [ 22.710047829943449, 48.110531197157059 ], [ 22.711001496222195, 48.110496636210939 ], [ 22.711919767883046, 48.110495178409792 ], [ 22.712780366920583, 48.110588250147657 ], [ 22.713317855734601, 48.110657622950953 ], [ 22.714764842423619, 48.111254947258146 ], [ 22.716117396700554, 48.111813289551776 ], [ 22.716588955316183, 48.112097236098577 ], [ 22.716949036668836, 48.112314057248057 ], [ 22.717574691418861, 48.11283826217624 ], [ 22.717796201633519, 48.113156389256119 ], [ 22.718315674328949, 48.113902438946582 ], [ 22.719487320083942, 48.114748377235969 ], [ 22.720080831265477, 48.115036818594433 ], [ 22.720252028008815, 48.115086418903161 ], [ 22.720535307258672, 48.115168492831799 ], [ 22.721041911555119, 48.115222000694814 ], [ 22.721234969018667, 48.115230203411215 ], [ 22.721736286200723, 48.115251502055287 ], [ 22.721821535635456, 48.115255123625161 ], [ 22.722885653949959, 48.115247320207686 ], [ 22.723012753335922, 48.115225029611508 ], [ 22.72415545800817, 48.115024625586045 ], [ 22.724769494416705, 48.114920854613786 ], [ 22.72635084521545, 48.114653611175356 ], [ 22.727070702151309, 48.114536896260859 ], [ 22.727586190850161, 48.114492492234774 ], [ 22.728437829941981, 48.114478729010273 ], [ 22.729134085070029, 48.114583251815588 ], [ 22.729619930315664, 48.114742929142949 ], [ 22.730084333025729, 48.114988461148698 ], [ 22.730537946569086, 48.115274882629762 ], [ 22.730593148754849, 48.115346003715104 ], [ 22.730906672205265, 48.115749936910106 ], [ 22.731066720053093, 48.115987830074459 ], [ 22.731117821330486, 48.116079731794287 ], [ 22.731176768293324, 48.116185745675693 ], [ 22.7312262606834, 48.116306683806499 ], [ 22.731285742742898, 48.11645203133628 ], [ 22.731355680320576, 48.116622926806656 ], [ 22.732016714399947, 48.117598585106748 ], [ 22.732339711308612, 48.117944494942662 ], [ 22.732879325220779, 48.118522386698942 ], [ 22.7331296254319, 48.118730405284055 ], [ 22.733363607444687, 48.118909070897018 ], [ 22.733516690043359, 48.119025963877164 ], [ 22.733655500401085, 48.119103667100717 ], [ 22.73411183439373, 48.119359111433994 ], [ 22.734760194327635, 48.119646648973685 ], [ 22.735144031272057, 48.11966529102034 ], [ 22.736285624382106, 48.119607318922647 ], [ 22.736764538552791, 48.119559351782698 ], [ 22.73686909463305, 48.119547436664959 ], [ 22.736970557945085, 48.11953587408135 ], [ 22.737836114944855, 48.119298560080551 ], [ 22.738055413726499, 48.119238434106478 ], [ 22.738854842676915, 48.119014794297414 ], [ 22.738946658961254, 48.11897242993382 ], [ 22.739382492907794, 48.118729603088809 ], [ 22.740208397899323, 48.118330168302748 ], [ 22.741445728337737, 48.117943589325364 ], [ 22.742151546856576, 48.117772022960537 ], [ 22.742312718856965, 48.117760980185096 ], [ 22.742876689108073, 48.117722337216094 ], [ 22.743705517795547, 48.117681252587772 ], [ 22.744727834721971, 48.117696280259167 ], [ 22.745124352107268, 48.117730985096955 ], [ 22.745634589664746, 48.117885797091958 ], [ 22.745719666429579, 48.117946897931006 ], [ 22.746148716789946, 48.118255043435681 ], [ 22.746407348320531, 48.118438452072951 ], [ 22.747722632893328, 48.118931264366495 ], [ 22.750151281756359, 48.119827651025446 ], [ 22.750583346644191, 48.119987120609323 ], [ 22.752076133107209, 48.120345278312072 ], [ 22.753889409168949, 48.120373270610003 ], [ 22.753926577249842, 48.120370453034127 ], [ 22.755590752011699, 48.120244264661153 ], [ 22.756861510250644, 48.119896635321595 ], [ 22.757433321690598, 48.119740209043414 ], [ 22.758318254583969, 48.119290385243175 ], [ 22.75860941729087, 48.118969256226308 ], [ 22.75906435733441, 48.118467491181832 ], [ 22.759106003139607, 48.118421558308341 ], [ 22.759496037312374, 48.117352518903772 ], [ 22.759562107805095, 48.116161481067593 ], [ 22.759622068303884, 48.115640101809277 ], [ 22.759690065144582, 48.115048834436266 ], [ 22.760119650601553, 48.114289518846306 ], [ 22.760451843977478, 48.113702349683763 ], [ 22.760522450650683, 48.113577548964827 ], [ 22.760550290963181, 48.113528339861034 ], [ 22.761434456734889, 48.112364483134456 ], [ 22.761860059094602, 48.111990447001574 ], [ 22.763170792198366, 48.110838526077202 ], [ 22.764145348828947, 48.110244483396229 ], [ 22.765194962877274, 48.109768286077667 ], [ 22.7664240006672, 48.109344869969789 ], [ 22.767611906164518, 48.109104539642772 ], [ 22.768684147155852, 48.108945305681289 ], [ 22.769983441782585, 48.108846050205102 ], [ 22.771761351105624, 48.108890170045356 ], [ 22.772703222775533, 48.10907404363229 ], [ 22.772875386290082, 48.10912512062788 ], [ 22.773923594698317, 48.109436099896186 ], [ 22.774846982602241, 48.109770977748553 ], [ 22.77577255855681, 48.110169282986078 ], [ 22.776389576218094, 48.11054853069021 ], [ 22.777019528828362, 48.110959310423823 ], [ 22.777404843359022, 48.111327824719524 ], [ 22.777460372898076, 48.111380934182876 ], [ 22.777741673639355, 48.111652804633252 ], [ 22.777840131417065, 48.111747960999594 ], [ 22.777896201448527, 48.111882111070599 ], [ 22.777994986579358, 48.11211846369622 ], [ 22.778035142208068, 48.112572452256927 ], [ 22.777848782895205, 48.113033058029316 ], [ 22.777435142417971, 48.113323193710471 ], [ 22.77728210388608, 48.113430535890586 ], [ 22.776942636793422, 48.113657362897015 ], [ 22.774162543666648, 48.115514981831041 ], [ 22.773921945341556, 48.115675747337946 ], [ 22.773854925164812, 48.115720529079283 ], [ 22.773688948985864, 48.115785237099203 ], [ 22.77249911444261, 48.116249110108527 ], [ 22.771406702557385, 48.116860900010636 ], [ 22.77095109791486, 48.117391505413821 ], [ 22.770547280732501, 48.117992041199898 ], [ 22.77033120781914, 48.118313374362799 ], [ 22.77004620906547, 48.118984163388575 ], [ 22.770050928707576, 48.119468037320246 ], [ 22.770127497885767, 48.119974609241012 ], [ 22.770303137279996, 48.120270717319841 ], [ 22.770416629923545, 48.120462052581786 ], [ 22.770666718794075, 48.120846959719415 ], [ 22.77115332666466, 48.121220304273663 ], [ 22.771826651778554, 48.121511442698989 ], [ 22.772731606278683, 48.121648280843544 ], [ 22.773112646331754, 48.121689254855312 ], [ 22.773599440361863, 48.12174160079428 ], [ 22.774747017560856, 48.121696640087976 ], [ 22.776199988338817, 48.121579083408051 ], [ 22.777543944197816, 48.121391787001414 ], [ 22.779060020403733, 48.121043146823865 ], [ 22.780055155321293, 48.120702525900924 ], [ 22.781881914918586, 48.119746108596132 ], [ 22.782985147446652, 48.119197031118233 ], [ 22.783860689619303, 48.118761272714664 ], [ 22.783954755108027, 48.118714456706869 ], [ 22.785178369086509, 48.118132250902761 ], [ 22.786449580583849, 48.117557229782449 ], [ 22.788026091231188, 48.116906063064391 ], [ 22.789000426628434, 48.116652955169911 ], [ 22.789801025596887, 48.116513604319437 ], [ 22.790476069315218, 48.116511063734777 ], [ 22.791378510210222, 48.116576394085314 ], [ 22.791872021276902, 48.116695112689342 ], [ 22.792369865277237, 48.116814873607666 ], [ 22.793188883260427, 48.117206761283057 ], [ 22.793878239689093, 48.117616523883612 ], [ 22.794602021266371, 48.118335157741456 ], [ 22.794650913808653, 48.118391252954041 ], [ 22.795502578980972, 48.119368378947684 ], [ 22.796256146104326, 48.1202610747888 ], [ 22.796946961233346, 48.121051609444351 ], [ 22.797533707714422, 48.121574018426372 ], [ 22.797542198213932, 48.121578304595118 ], [ 22.798341553419959, 48.121981910437 ], [ 22.799142235126169, 48.122183634667067 ], [ 22.799975707013402, 48.122299999745337 ], [ 22.80001119785868, 48.122304955009781 ], [ 22.801063517067689, 48.12224886699164 ], [ 22.801528981877141, 48.122149580938526 ], [ 22.802909566223548, 48.121855095236526 ], [ 22.804257787566996, 48.121453210697211 ], [ 22.805365057151846, 48.120936078037687 ], [ 22.805927353764503, 48.120427784814524 ], [ 22.806088472704914, 48.12028214140787 ], [ 22.806549479574926, 48.11957677165077 ], [ 22.806669930273188, 48.118956067668478 ], [ 22.806627687318098, 48.118425180777592 ], [ 22.806339538239286, 48.117636335948305 ], [ 22.805798644591903, 48.116732441748809 ], [ 22.804635224036474, 48.115298800998914 ], [ 22.804118674137612, 48.114751527561111 ], [ 22.803423741912241, 48.114183242362856 ], [ 22.803014582756816, 48.113658086851217 ], [ 22.802909432224624, 48.113509431615057 ], [ 22.802893344252595, 48.113486687760599 ], [ 22.80245398586294, 48.112865554801658 ], [ 22.801827547803271, 48.11154250098582 ], [ 22.801749566689239, 48.111199135331844 ], [ 22.801654127935819, 48.110778893830911 ], [ 22.801491808400215, 48.110064164829396 ], [ 22.801552841790283, 48.109436461423684 ], [ 22.801600000439748, 48.109319090903455 ], [ 22.801650649358066, 48.109193031133543 ], [ 22.801903425402941, 48.108563905000324 ], [ 22.802348363186468, 48.107456510409691 ], [ 22.802803179123543, 48.106858728347618 ], [ 22.802812630098799, 48.106846306911677 ], [ 22.803379586998403, 48.106464568984734 ], [ 22.804269416700379, 48.10617298269716 ], [ 22.805058802921508, 48.106057499853762 ], [ 22.805505001554764, 48.106079531445232 ], [ 22.805912901659212, 48.106099670863216 ], [ 22.806814603311352, 48.10627351521066 ], [ 22.806902453585451, 48.106290452142673 ], [ 22.80775386964541, 48.106594458967209 ], [ 22.808906178177551, 48.107036545899973 ], [ 22.809654699205112, 48.107445288669169 ], [ 22.810242248780867, 48.107991422666089 ], [ 22.810311499276338, 48.108168992005403 ], [ 22.810411384278154, 48.108425116226215 ], [ 22.810406706904075, 48.110321314277257 ], [ 22.81039999976025, 48.110688045217273 ], [ 22.810386387621804, 48.111432332236518 ], [ 22.810383080814574, 48.112352678633272 ], [ 22.810414905123764, 48.11292339559833 ], [ 22.811255943906758, 48.114341695712824 ], [ 22.811469703763862, 48.114601086271307 ], [ 22.811846708558903, 48.114975959672961 ], [ 22.812888555162715, 48.11573030740783 ], [ 22.814909509866027, 48.117193576322563 ], [ 22.815407722588304, 48.117456111810156 ], [ 22.815731043253152, 48.117595733356438 ], [ 22.816500719032945, 48.117815925164905 ], [ 22.817629278268726, 48.118073741010335 ], [ 22.818183865892877, 48.118200433902985 ], [ 22.818231849220581, 48.118211395739422 ], [ 22.81894598556886, 48.118306786828896 ], [ 22.819635788061362, 48.118356863778274 ], [ 22.820611957176141, 48.118303427861065 ], [ 22.821603431853077, 48.118200243246804 ], [ 22.822281929867302, 48.118090554735375 ], [ 22.823373475705523, 48.117761118680733 ], [ 22.824370432649403, 48.117386378378853 ], [ 22.824967924230407, 48.117161789784916 ], [ 22.825107563763197, 48.117109299954279 ], [ 22.82613960595819, 48.116544694781908 ], [ 22.826844297626224, 48.116049982221 ], [ 22.827292665424238, 48.115696593622999 ], [ 22.828200308897181, 48.114571649662082 ], [ 22.829249211581896, 48.113257760837143 ], [ 22.830037084244111, 48.112199236305798 ], [ 22.830371725574764, 48.111636352435823 ], [ 22.830435240194277, 48.111529519271983 ], [ 22.830505379220028, 48.111411542608721 ], [ 22.830611152982442, 48.111188847087817 ], [ 22.831116861553994, 48.110124131623422 ], [ 22.831639470185564, 48.108752092635029 ], [ 22.831694685861123, 48.108054226821196 ], [ 22.831717674331287, 48.107040652204432 ], [ 22.83156058705157, 48.106114699433931 ], [ 22.831179075753823, 48.105453164432049 ], [ 22.831176714134131, 48.105449068020164 ], [ 22.830500269272193, 48.104471959113653 ], [ 22.830080483727386, 48.104041913203844 ], [ 22.829673593561552, 48.103625078334801 ], [ 22.828942257679216, 48.102875866628096 ], [ 22.82856410804726, 48.102429042966094 ], [ 22.828073002667054, 48.101720941967983 ], [ 22.827839664568899, 48.101229618052571 ], [ 22.827722456825995, 48.100818063103191 ], [ 22.827722446034102, 48.100817930902963 ], [ 22.827693836801245, 48.100318052635998 ], [ 22.827682544014294, 48.099685716822421 ], [ 22.827623812888703, 48.096397140715567 ], [ 22.827777278598717, 48.095837014167046 ], [ 22.827785798775665, 48.095818947686439 ], [ 22.827804858107697, 48.095778533952227 ], [ 22.828541053027323, 48.094896022933085 ], [ 22.829522163017543, 48.093719919239049 ], [ 22.829616609818856, 48.093606700888586 ], [ 22.829682432098593, 48.093527797070351 ], [ 22.829699674800224, 48.093522879577279 ], [ 22.830262005587144, 48.093362510671398 ], [ 22.83048400323429, 48.09306057318696 ], [ 22.832946936951657, 48.089710730765717 ], [ 22.833249661342848, 48.089298995952049 ], [ 22.833958040231551, 48.088335528861762 ], [ 22.835239363705682, 48.086592797419712 ], [ 22.835529117175099, 48.086198702808019 ], [ 22.835576035705515, 48.086134888714298 ], [ 22.836299935993281, 48.083789222994312 ], [ 22.83609999421941, 48.083381634055172 ], [ 22.835965292864103, 48.083012534301076 ], [ 22.835901041699685, 48.081462359400405 ], [ 22.835891870413548, 48.080504876399118 ], [ 22.836039881735189, 48.080261679033413 ], [ 22.836297599554712, 48.080105472189814 ], [ 22.836342454141061, 48.080091138795126 ], [ 22.837891382581347, 48.079596179819987 ], [ 22.838985212697594, 48.079246648414198 ], [ 22.839484164662508, 48.079087207608723 ], [ 22.839656121333064, 48.079072286956659 ], [ 22.839706922236815, 48.079080248654634 ], [ 22.839737152048031, 48.079084987182569 ], [ 22.839819833918227, 48.079097947312448 ], [ 22.840181643767892, 48.079241290253321 ], [ 22.840318063727636, 48.079305027005375 ], [ 22.840799569744433, 48.079562388693432 ], [ 22.841058456682617, 48.079700762880066 ], [ 22.841062020695858, 48.079703434765861 ], [ 22.841487546613109, 48.080022399114512 ], [ 22.841714855656164, 48.080286431973377 ], [ 22.841878873111625, 48.080557563181173 ], [ 22.841881593560743, 48.080566118431705 ], [ 22.842042501160677, 48.081072043739937 ], [ 22.842226839696934, 48.081403683133544 ], [ 22.842552495900975, 48.081879062968426 ], [ 22.842922226079907, 48.082317233353763 ], [ 22.843627743325783, 48.083005522287124 ], [ 22.844338923602606, 48.083219462008742 ], [ 22.844556512772897, 48.08328491826444 ], [ 22.845324623732438, 48.083500000125014 ], [ 22.845416908563607, 48.083525841244693 ], [ 22.845450580080183, 48.083525289960335 ], [ 22.846451017400568, 48.083508915104517 ], [ 22.846849712044616, 48.083459329184791 ], [ 22.84727033665672, 48.083407013822807 ], [ 22.847839430345516, 48.083326520003027 ], [ 22.848332123928344, 48.082971666409378 ], [ 22.849412715124799, 48.08153157302371 ], [ 22.849879287899, 48.081277281621396 ], [ 22.854241120331494, 48.078900000234853 ], [ 22.854301191447007, 48.078867260415848 ], [ 22.854670562796343, 48.078788295443474 ], [ 22.85603683263389, 48.078381583343571 ], [ 22.856161595581227, 48.078344444040908 ], [ 22.856448295852204, 48.078183900666602 ], [ 22.856611574065028, 48.078092471090713 ], [ 22.85727439239929, 48.077480039971874 ], [ 22.857619884050393, 48.077105151281842 ], [ 22.858043698557992, 48.076616801424393 ], [ 22.858086687950333, 48.076567266766062 ], [ 22.859606554798688, 48.07459999979028 ], [ 22.859776032038383, 48.074380632660109 ], [ 22.860509522696475, 48.07343122557063 ], [ 22.860525595379897, 48.073386574231108 ], [ 22.860580657271669, 48.073233597752335 ], [ 22.861198794588859, 48.071516262265732 ], [ 22.861192020895032, 48.071507978610384 ], [ 22.86096109118148, 48.071225626561443 ], [ 22.859794799990198, 48.069799631847673 ], [ 22.859808695415097, 48.069677358223544 ], [ 22.859814046381189, 48.069630267023285 ], [ 22.85996521522253, 48.06829999974525 ], [ 22.86001428673012, 48.067868172278509 ], [ 22.860127222693279, 48.06687434497519 ], [ 22.860132031368323, 48.066832030973444 ], [ 22.860340219026, 48.065000000449743 ], [ 22.860369980290386, 48.064738102581543 ], [ 22.860666377051757, 48.064524599930451 ], [ 22.862220501774914, 48.063405121149458 ], [ 22.862236865838781, 48.063386097790215 ], [ 22.862360846376077, 48.063241974237826 ], [ 22.86308513696963, 48.062400000159982 ], [ 22.863400000409854, 48.062033977885847 ], [ 22.863432894012874, 48.061995738712369 ], [ 22.863456787201073, 48.061943212909114 ], [ 22.863483809130514, 48.061883809090546 ], [ 22.864499758856823, 48.059650395849189 ], [ 22.86452268257591, 48.059599999640398 ], [ 22.864715538591327, 48.059176035845439 ], [ 22.864583382317335, 48.058923111412582 ], [ 22.864226835300315, 48.058766575417224 ], [ 22.863996966786772, 48.058665656195103 ], [ 22.863740027780182, 48.058552850633589 ], [ 22.863149941216932, 48.05851910986911 ], [ 22.863551806870362, 48.056124095650659 ], [ 22.863572993998503, 48.055997828137436 ], [ 22.863900000085096, 48.05570927886032 ], [ 22.864787023002805, 48.05492657190382 ], [ 22.864817135902172, 48.054899999635381 ], [ 22.866423379935213, 48.053482654600941 ], [ 22.867222386204219, 48.052777613995715 ], [ 22.867246663402966, 48.052756192144727 ], [ 22.867430376910477, 48.052599999690358 ], [ 22.867642544967623, 48.05241961727171 ], [ 22.869463443683003, 48.051422232250388 ], [ 22.869480227730378, 48.051419771705184 ], [ 22.869497384097031, 48.051417257200853 ], [ 22.869515565690847, 48.051414593408822 ], [ 22.870117344339974, 48.051417344435038 ], [ 22.870530430834776, 48.051419232111925 ], [ 22.87275468807843, 48.051429399846995 ], [ 22.872814844629431, 48.051431444005971 ], [ 22.872868677147778, 48.051433274126396 ], [ 22.872962793897898, 48.051436473914237 ], [ 22.873263057744055, 48.051487606667877 ], [ 22.873276472031705, 48.051512866825419 ], [ 22.87332274305021, 48.051600000339874 ], [ 22.873439579373212, 48.051820013183203 ], [ 22.873414713118564, 48.051871547034295 ], [ 22.873122169052976, 48.052477831286978 ], [ 22.872698004709321, 48.053356891607336 ], [ 22.87268104439471, 48.053390521755261 ], [ 22.872618501043064, 48.053514533768691 ], [ 22.872047455825566, 48.054646823392375 ], [ 22.872017541676371, 48.054706138177835 ], [ 22.87215830086501, 48.055211713649783 ], [ 22.872513893701239, 48.055560854749842 ], [ 22.872641744920656, 48.055686385718218 ], [ 22.872959835128313, 48.055846330144107 ], [ 22.873304523684965, 48.055994574390127 ], [ 22.873504363835423, 48.056004364409944 ], [ 22.873729572062246, 48.056015396393605 ], [ 22.874385948552856, 48.055914050892909 ], [ 22.881108573302186, 48.054876072273032 ], [ 22.881369352413742, 48.054835806926974 ], [ 22.881362494183804, 48.054707568099957 ], [ 22.881062692589239, 48.049101483147069 ], [ 22.88038560291335, 48.036440339949763 ], [ 22.880385456323779, 48.036440118716598 ], [ 22.878907987114076, 48.034204746751698 ], [ 22.876683418704943, 48.030839032195559 ], [ 22.875015474884378, 48.028315475179056 ], [ 22.873065927250821, 48.025365858048076 ], [ 22.872899999635308, 48.025114814996869 ], [ 22.872698129715104, 48.024809390840858 ], [ 22.871290500056546, 48.023918550301005 ], [ 22.871251927234823, 48.023899999985076 ], [ 22.871190470264139, 48.0238704437661 ], [ 22.869011204303717, 48.022822408927084 ], [ 22.868968454130879, 48.022801850425139 ], [ 22.868822975300134, 48.02273188676719 ], [ 22.865856754885442, 48.022240433349509 ], [ 22.864971034185942, 48.022093682877255 ], [ 22.864595718317787, 48.02203149925441 ], [ 22.864633876552261, 48.017121451793685 ], [ 22.864793961272483, 48.014275154175095 ], [ 22.865659330313974, 48.012194068101849 ], [ 22.859615480570085, 48.01010477031889 ], [ 22.856975773413239, 48.008902288609875 ], [ 22.852644590775299, 48.005173271329454 ], [ 22.851555170035169, 48.004235311710318 ], [ 22.851494521554969, 48.004208841964669 ], [ 22.847765460207995, 48.00258129658954 ], [ 22.847600000239936, 48.002509081928622 ], [ 22.847579190827048, 48.002499999675308 ], [ 22.847540574837751, 48.0024831463802 ], [ 22.847084771445168, 48.001803332657687 ], [ 22.847134971601747, 48.001729409284849 ], [ 22.8479957765839, 48.000461830149504 ], [ 22.849230728315547, 47.998479140699942 ], [ 22.849073989972851, 47.998432727588352 ], [ 22.847076791760571, 47.99784132621636 ], [ 22.845080296818367, 47.998493552335731 ], [ 22.84493768142903, 47.998548257196433 ], [ 22.844897830670391, 47.998513812262786 ], [ 22.844856641720753, 47.998478209901577 ], [ 22.844371749756476, 47.998059086257854 ], [ 22.843380705854941, 47.997202458626646 ], [ 22.842962396997166, 47.996840886198072 ], [ 22.842265811817924, 47.996238781094917 ], [ 22.841547060148741, 47.995546527050749 ], [ 22.841428712964785, 47.995432539779927 ], [ 22.839622821236333, 47.993693223063872 ], [ 22.839122290960972, 47.993211145078305 ], [ 22.838819957774945, 47.992919958089658 ], [ 22.838366572659368, 47.992483286874233 ], [ 22.838200000229904, 47.99232285411648 ], [ 22.837617437394954, 47.991761767091987 ], [ 22.837449478210999, 47.991599999740288 ], [ 22.837400338355053, 47.991552672018315 ], [ 22.837434335426337, 47.991341031863271 ], [ 22.837668355210553, 47.989884176913392 ], [ 22.837677932090969, 47.989824556358315 ], [ 22.838243366438292, 47.989357977288876 ], [ 22.838285570722633, 47.989323150143434 ], [ 22.839863123684324, 47.98802139677008 ], [ 22.8416324606697, 47.986561388797043 ], [ 22.841899999985003, 47.986340623221281 ], [ 22.842676351432488, 47.985700000155077 ], [ 22.843096186439993, 47.985353564215757 ], [ 22.843909681686625, 47.984682289556076 ], [ 22.844099999815171, 47.984525245443763 ], [ 22.846548309656953, 47.98250496792997 ], [ 22.846586974209572, 47.982500000075049 ], [ 22.846959352891986, 47.982452151645646 ], [ 22.847197505960253, 47.982402493780057 ], [ 22.84768905380696, 47.982299999845111 ], [ 22.847707829852538, 47.982296085096436 ], [ 22.850526001174103, 47.981708460876916 ], [ 22.850566578584846, 47.981700000055014 ], [ 22.85174434422612, 47.981454421284525 ], [ 22.85213582720678, 47.981372791621141 ], [ 22.852250979998757, 47.981298039972728 ], [ 22.853767919553889, 47.980313309311782 ], [ 22.85391671688302, 47.98021671672808 ], [ 22.855290312597901, 47.979325038919512 ], [ 22.855400000209954, 47.979253835096586 ], [ 22.855842287691587, 47.97896672113734 ], [ 22.855914680418266, 47.978900000434749 ], [ 22.856027247659483, 47.978796250146956 ], [ 22.858286374316776, 47.976714096578462 ], [ 22.858507792800481, 47.976510023319008 ], [ 22.858550285767137, 47.976483816175346 ], [ 22.858626454747252, 47.97643684188688 ], [ 22.858784838849374, 47.976383626303459 ], [ 22.858871653104359, 47.976354457692139 ], [ 22.859011747694126, 47.976307388974874 ], [ 22.859248683080295, 47.976239543220402 ], [ 22.861863868422859, 47.97549068494726 ], [ 22.861999999700345, 47.97545170473245 ], [ 22.863206284642501, 47.975106285926529 ], [ 22.863424125622942, 47.975043906251415 ], [ 22.864866942155686, 47.974630756804174 ], [ 22.865970482252123, 47.974314759318702 ], [ 22.866022024197093, 47.974299999645439 ], [ 22.866402653259911, 47.974191007209356 ], [ 22.866437199817028, 47.974183430421078 ], [ 22.866531447868169, 47.97416276130258 ], [ 22.866655397828481, 47.974135580192979 ], [ 22.867060697093564, 47.97407197114461 ], [ 22.867211377603041, 47.974075647573216 ], [ 22.867341162364824, 47.974078815884695 ], [ 22.867398328669935, 47.974093381304669 ], [ 22.867455014737175, 47.974107824416649 ], [ 22.867572557927303, 47.974137776337386 ], [ 22.86779732009029, 47.974248160024672 ], [ 22.867812890952223, 47.974275646004344 ], [ 22.867815500784786, 47.97428025413052 ], [ 22.867816569179354, 47.974282140008825 ], [ 22.867865089402414, 47.974395162307019 ], [ 22.867923923050796, 47.974532208194887 ], [ 22.867892123023069, 47.974684245781475 ], [ 22.867839168243165, 47.974937423823235 ], [ 22.867652400637837, 47.975174247693417 ], [ 22.867341096714426, 47.975481232173195 ], [ 22.867340800837326, 47.97548152355364 ], [ 22.867339763919063, 47.975482164770142 ], [ 22.866800873961324, 47.97581531862221 ], [ 22.866430266943325, 47.976134954764461 ], [ 22.866428038423408, 47.976171961866726 ], [ 22.866406857590505, 47.976523553619245 ], [ 22.866470479229292, 47.976599999590405 ], [ 22.866519724305931, 47.976659173182327 ], [ 22.866738890887177, 47.976922521657229 ], [ 22.867160659437047, 47.977050332406975 ], [ 22.8671853512231, 47.977057814766397 ], [ 22.86782516579882, 47.977138643134026 ], [ 22.868188212216239, 47.977111787578906 ], [ 22.868347566687021, 47.977100000165024 ], [ 22.868414955585763, 47.977095015222801 ], [ 22.86841801957604, 47.977094787694398 ], [ 22.868890413661688, 47.977007271968205 ], [ 22.869255720075444, 47.976799999820287 ], [ 22.86935807641413, 47.976741924300427 ], [ 22.869431964713499, 47.976699999705261 ], [ 22.869736353749829, 47.976527292100968 ], [ 22.87229275220875, 47.975076812444911 ], [ 22.872418612329113, 47.975005399979295 ], [ 22.872848812922484, 47.974747502295486 ], [ 22.872890456029779, 47.97468091199454 ], [ 22.873232691235842, 47.974133653845172 ], [ 22.873443443760038, 47.973796646398171 ], [ 22.873381954413844, 47.973467245417169 ], [ 22.87329260496989, 47.973394587390374 ], [ 22.872722494147865, 47.973011246871579 ], [ 22.872713867850848, 47.973005447143805 ], [ 22.872372602113956, 47.972793758425325 ], [ 22.872060502290424, 47.972616380641568 ], [ 22.872319818205142, 47.971480181665243 ], [ 22.872437871310751, 47.970962926697837 ], [ 22.872639575755898, 47.970079152131234 ], [ 22.872650018683487, 47.970033396424299 ], [ 22.872954341169986, 47.968700000404738 ], [ 22.873019926028746, 47.968412639132168 ], [ 22.873370524929953, 47.966876478366828 ], [ 22.873379810429981, 47.966835794836186 ], [ 22.873400000209983, 47.966824449888577 ], [ 22.874470798688492, 47.966222728796083 ], [ 22.874504045725246, 47.96620404538055 ], [ 22.877500000424845, 47.96452050821506 ], [ 22.878651290924438, 47.963873554820736 ], [ 22.878960143296013, 47.963700000054985 ], [ 22.87901290292325, 47.963670352105112 ], [ 22.879196423076621, 47.963603577443223 ], [ 22.87920625356594, 47.963599999940129 ], [ 22.87935362097295, 47.96354637876243 ], [ 22.879406724141177, 47.963527056828298 ], [ 22.879666129088662, 47.963499999825274 ], [ 22.879795778952143, 47.963486476719595 ], [ 22.880078256906074, 47.96355027732352 ], [ 22.880439787066507, 47.963686910422666 ], [ 22.880510130238349, 47.963714200350125 ], [ 22.881412843627913, 47.964064414341294 ], [ 22.881767759274794, 47.964252467977076 ], [ 22.882225878421707, 47.964502618900838 ], [ 22.882659922717323, 47.964739625333493 ], [ 22.882956216955904, 47.964989054101579 ], [ 22.883045275019583, 47.965064026084008 ], [ 22.884173015872079, 47.966191641031571 ], [ 22.884558801647529, 47.966527434393754 ], [ 22.884827027145661, 47.96666558285051 ], [ 22.884936221029818, 47.966705535232336 ], [ 22.885297860907713, 47.966771896206126 ], [ 22.885474762950025, 47.9667873816324 ], [ 22.885618907186881, 47.966800000020157 ], [ 22.891933016695532, 47.967352720651718 ], [ 22.892228960198452, 47.967319335119328 ], [ 22.892277325738121, 47.967299999695229 ], [ 22.892390438867835, 47.967254780883422 ], [ 22.892496744129517, 47.967212283420281 ], [ 22.892515423048337, 47.967199999580373 ], [ 22.892985915068095, 47.966890607615539 ], [ 22.893102640774373, 47.966102641423845 ], [ 22.893433962707263, 47.963866037387845 ], [ 22.893469408586384, 47.963626758368321 ], [ 22.893445921891839, 47.9632527159402 ], [ 22.893093018028537, 47.962956632142891 ], [ 22.89303309799925, 47.962677699316544 ], [ 22.892765940895515, 47.961434059234591 ], [ 22.892675975416012, 47.961015258447446 ], [ 22.892635862055556, 47.960828527714568 ], [ 22.892383679563238, 47.959654600379679 ], [ 22.891835447448102, 47.957102524961613 ], [ 22.891985904026285, 47.95697136513644 ], [ 22.892832150783249, 47.956233654859375 ], [ 22.894708459428045, 47.954597997599592 ], [ 22.895241153056816, 47.95426392104315 ], [ 22.895355778846181, 47.954228662223102 ], [ 22.895391747231429, 47.95421759876325 ], [ 22.895426425089568, 47.954208441866172 ], [ 22.896020373341742, 47.954051603698645 ], [ 22.896002065842765, 47.954021948554157 ], [ 22.895988517556191, 47.954000000599592 ], [ 22.895983392319749, 47.953991696259777 ], [ 22.895827503836301, 47.953739161233329 ], [ 22.895802198712602, 47.953698168335904 ], [ 22.895801729266452, 47.953697406610104 ], [ 22.8946922005847, 47.95189999998513 ], [ 22.894675451610965, 47.951872867438965 ], [ 22.894478000059678, 47.951553000170804 ], [ 22.890184999937844, 47.952745000281709 ], [ 22.888802991065177, 47.95242624637433 ], [ 22.888636933048076, 47.95238794514762 ], [ 22.888596619138696, 47.952378647056946 ], [ 22.887084999972899, 47.952030000584216 ], [ 22.886948115962809, 47.951596581317347 ], [ 22.886943218254942, 47.951581073407908 ], [ 22.886937891570597, 47.951564210220226 ], [ 22.885734092354596, 47.947752593807195 ], [ 22.885721678113043, 47.947713288937223 ], [ 22.885653999632439, 47.947499000278754 ], [ 22.885611421230294, 47.947328683971762 ], [ 22.885158499265458, 47.945516998810604 ], [ 22.885140480448968, 47.945444921745889 ], [ 22.885046737816822, 47.945069953016059 ], [ 22.885000000050127, 47.944883001049789 ], [ 22.884968260277162, 47.944756042857193 ], [ 22.88495471378917, 47.944701857804489 ], [ 22.884952773951511, 47.944694097554645 ], [ 22.88469999970539, 47.94368300056999 ], [ 22.880407999629654, 47.943445000386532 ], [ 22.876353999737432, 47.939152000264755 ], [ 22.874684000066623, 47.935814000116125 ], [ 22.872800000419829, 47.932730503610003 ], [ 22.872599040613352, 47.932401599054629 ], [ 22.872597569322522, 47.932399189770877 ], [ 22.872442510913231, 47.93214541008274 ], [ 22.872060999615485, 47.931520999994291 ], [ 22.868960999650483, 47.930567000067072 ], [ 22.867052999796215, 47.928421000029118 ], [ 22.866544705673675, 47.926896472894043 ], [ 22.866500000374799, 47.926762385775532 ], [ 22.86649272485954, 47.926740567323463 ], [ 22.865911625221429, 47.924997674902841 ], [ 22.865901914342032, 47.924968548559718 ], [ 22.865627409777176, 47.924145227320423 ], [ 22.865622000355131, 47.924128999953439 ], [ 22.862522000390129, 47.921028999988437 ], [ 22.857752999901209, 47.91816700020695 ], [ 22.85695159603938, 47.91688475402816 ], [ 22.856931896389995, 47.916853234589212 ], [ 22.856911240761292, 47.91682018630263 ], [ 22.856792999697234, 47.916631000420523 ], [ 22.856783804129407, 47.916616287511772 ], [ 22.856197213230871, 47.915677741534694 ], [ 22.855367999633529, 47.914351000498357 ], [ 22.851313999741478, 47.910774000120114 ], [ 22.848880865959359, 47.909199725187307 ], [ 22.847259999849257, 47.908151000568353 ], [ 22.847051051364929, 47.908151000568353 ], [ 22.847051000103761, 47.908151000568353 ], [ 22.846663400395698, 47.908151000568353 ], [ 22.846568956292458, 47.908151000568353 ], [ 22.841660719166953, 47.908151000568353 ], [ 22.841566428847727, 47.908151000568353 ], [ 22.840344000175492, 47.908151000568353 ], [ 22.835989999938704, 47.908151000568353 ], [ 22.835857903019871, 47.908151000568353 ], [ 22.835240614662723, 47.908151000568353 ], [ 22.833906000062029, 47.908151000568353 ], [ 22.831788081354944, 47.908621539352623 ], [ 22.831758999977978, 47.908628000082217 ], [ 22.831578962898902, 47.908581707479925 ], [ 22.823982632392756, 47.90662846902876 ], [ 22.82345816396321, 47.906493612989891 ], [ 22.823413000010078, 47.906482000044434 ], [ 22.823332904590018, 47.906432905154531 ], [ 22.819468372967094, 47.904064100777703 ], [ 22.819384309738211, 47.904012574121111 ], [ 22.819105082833289, 47.903841418746651 ], [ 22.816020999969226, 47.901950999738972 ], [ 22.815996035688613, 47.90193563931831 ], [ 22.815517826586586, 47.901641392836041 ], [ 22.815479163832379, 47.901617603069951 ], [ 22.813268880254668, 47.900257592513867 ], [ 22.813228701243645, 47.900232870150887 ], [ 22.813072229100101, 47.900136591430623 ], [ 22.806720000028122, 47.896228000222209 ], [ 22.79622699997617, 47.893127000210939 ], [ 22.79547738537309, 47.893080142834492 ], [ 22.795414298830849, 47.893076200206565 ], [ 22.795262146131165, 47.893066688976546 ], [ 22.794329075226699, 47.893008364344666 ], [ 22.788666759263606, 47.892654423562931 ], [ 22.788624324752902, 47.89265177146217 ], [ 22.788595999705706, 47.892649999797754 ], [ 22.786512963002963, 47.892649999797754 ], [ 22.778823937574714, 47.892649999797754 ], [ 22.778749999812817, 47.892649999797754 ], [ 22.778581000113093, 47.892649999797754 ], [ 22.774470646902898, 47.89300258350255 ], [ 22.770234000099038, 47.893366000440722 ], [ 22.767673999855276, 47.893877999770041 ], [ 22.767673090640699, 47.893878182332287 ], [ 22.767658207760178, 47.893881159088323 ], [ 22.765595500232166, 47.894293700593835 ], [ 22.765463999564076, 47.89432000036777 ], [ 22.765061304735468, 47.89432000036777 ], [ 22.765048000165223, 47.89432000036777 ], [ 22.761755385203003, 47.89432000036777 ], [ 22.761500000224942, 47.89432000036777 ], [ 22.761463231442974, 47.89432000036777 ], [ 22.760217999561121, 47.89432000036777 ], [ 22.758072000422544, 47.890503999759972 ], [ 22.758072000422544, 47.889192000410617 ], [ 22.758072000422544, 47.889122248992692 ], [ 22.758072000422544, 47.888931586423723 ], [ 22.758072000422544, 47.886927000280991 ], [ 22.758508493572265, 47.886308494241689 ], [ 22.758509443256344, 47.886307149755226 ], [ 22.758764212198798, 47.885946144798822 ], [ 22.75919587778759, 47.885334480801816 ], [ 22.759222123602171, 47.885297290237759 ], [ 22.759229259722645, 47.885287177361363 ], [ 22.760933000157991, 47.882873000388713 ], [ 22.765940999977261, 47.880011999754117 ], [ 22.768088000061312, 47.878103999899849 ], [ 22.768007397423503, 47.877811835348098 ], [ 22.767993722332562, 47.877762266515504 ], [ 22.767449591125796, 47.875789935457192 ], [ 22.766180000206987, 47.871188000226084 ], [ 22.763794999939307, 47.867849000031356 ], [ 22.766399209955694, 47.864160158164907 ], [ 22.766425829888249, 47.864122451390131 ], [ 22.766472880619006, 47.864055804431928 ], [ 22.766656999720851, 47.863795000139305 ], [ 22.770472000282723, 47.86355699995562 ], [ 22.772804886636322, 47.860641503103011 ], [ 22.773042191643981, 47.860344932772534 ], [ 22.773054187700723, 47.860329941973362 ], [ 22.774167355039481, 47.858938774405033 ], [ 22.774185558216914, 47.858916025154542 ], [ 22.774194730402598, 47.858904563295027 ], [ 22.774287999991259, 47.858788000366076 ], [ 22.774718431710369, 47.857629026058817 ], [ 22.774720346367076, 47.85762387294335 ], [ 22.775584704570576, 47.85529651742047 ], [ 22.77597321259384, 47.854250426915769 ], [ 22.775987179964545, 47.85421281996571 ], [ 22.776227575042583, 47.85356553741974 ], [ 22.777387999956261, 47.850441000352077 ], [ 22.777285506920691, 47.847771013921204 ], [ 22.777282067013857, 47.847681400076681 ], [ 22.777149999772803, 47.844241000421903 ], [ 22.776757538329889, 47.844142871796123 ], [ 22.776732669377338, 47.844136653883538 ], [ 22.769519000401544, 47.842333000567635 ], [ 22.768834378903591, 47.842000000499752 ], [ 22.768803720115727, 47.841985087042247 ], [ 22.768776818695414, 47.841972001906413 ], [ 22.761472822712619, 47.838419334484854 ], [ 22.761099271314492, 47.83823763815667 ], [ 22.760985647369921, 47.838182371219489 ], [ 22.760694999974305, 47.838041000491899 ], [ 22.758137953104097, 47.836235802140607 ], [ 22.758135069877653, 47.836233766974942 ], [ 22.756641000082084, 47.835178999811035 ], [ 22.756483976654238, 47.835172316948956 ], [ 22.756471798934456, 47.835171798939484 ], [ 22.754645906283656, 47.835094091219389 ], [ 22.754532239171681, 47.835089252866908 ], [ 22.753124179637268, 47.835029328340966 ], [ 22.752939561411665, 47.835021470964193 ], [ 22.74543300033281, 47.83470200029717 ], [ 22.744368302854923, 47.834783856589752 ], [ 22.744318468722383, 47.834787686802372 ], [ 22.741253318385986, 47.835023341554063 ], [ 22.740163519930604, 47.835107126892581 ], [ 22.740120819220579, 47.83511041031727 ], [ 22.736330800026451, 47.835401793358187 ], [ 22.736261225775024, 47.835407142525696 ], [ 22.73613300043769, 47.835416999994663 ], [ 22.733881833679789, 47.835772734923808 ], [ 22.732346199018025, 47.836015399890869 ], [ 22.732221174367851, 47.836035157096887 ], [ 22.731602000132227, 47.836132999738254 ], [ 22.728820996891557, 47.83692757234968 ], [ 22.728800000419767, 47.836933570827682 ], [ 22.728332999568465, 47.837067000541708 ], [ 22.72783249987009, 47.837209999941592 ], [ 22.725294999764571, 47.837935000100344 ], [ 22.724923999742941, 47.838041000491899 ], [ 22.717947526956777, 47.837604912936513 ], [ 22.717508565168259, 47.8375774746209 ], [ 22.717425179128895, 47.837572262150275 ], [ 22.717293000371853, 47.837564000078714 ], [ 22.717203651827106, 47.837523034160768 ], [ 22.71708292143984, 47.837467679090196 ], [ 22.715640494313448, 47.836806324852148 ], [ 22.712956625048321, 47.835575769006653 ], [ 22.711569999955714, 47.834940000480628 ], [ 22.71132518740751, 47.834246449613943 ], [ 22.711017490664801, 47.833374751143936 ], [ 22.7109999997503, 47.833325199398473 ], [ 22.71071613504165, 47.832521014833105 ], [ 22.710138999615253, 47.830886000588578 ], [ 22.709901000331001, 47.829217000064489 ], [ 22.709686109126778, 47.828545523057528 ], [ 22.708165541706535, 47.82379414838141 ], [ 22.7081551527383, 47.823761683754867 ], [ 22.708121930882442, 47.823657878608344 ], [ 22.707992999577357, 47.82325500031817 ], [ 22.704654000281948, 47.820394000582723 ], [ 22.704099999915115, 47.820196001344414 ], [ 22.703988033421126, 47.82015598421134 ], [ 22.701316000133488, 47.819201000425949 ], [ 22.700215477262645, 47.81841547679295 ], [ 22.699823381843714, 47.818135610470108 ], [ 22.699792000000855, 47.818113211055902 ], [ 22.699645999563302, 47.818009000315215 ], [ 22.699696120579631, 47.817875344871368 ], [ 22.700218999907008, 47.816480999998191 ], [ 22.700728721253597, 47.815121743074144 ], [ 22.700964565762092, 47.81449282378486 ], [ 22.700964783398149, 47.81449224642023 ], [ 22.701076999903762, 47.814193000606679 ], [ 22.693208000349046, 47.802984999957857 ], [ 22.688677000043583, 47.796785000027853 ], [ 22.688073181731966, 47.79603908883297 ], [ 22.688029507955548, 47.795985138503454 ], [ 22.687656837892916, 47.795524770152213 ], [ 22.685618066720451, 47.793006230453273 ], [ 22.684623000151362, 47.791777000208583 ], [ 22.684530828634934, 47.791728725500434 ], [ 22.684422811063996, 47.791672149150429 ], [ 22.684384240040686, 47.79165194677995 ], [ 22.684089478246847, 47.791497561963013 ], [ 22.684051929752741, 47.79147789648772 ], [ 22.679615000332092, 47.789153999757389 ], [ 22.673892733762727, 47.788364664797541 ], [ 22.67269899975912, 47.788199999830169 ], [ 22.672462444786049, 47.788131012836118 ], [ 22.672406432310993, 47.788114678449801 ], [ 22.671887668281386, 47.787963390897914 ], [ 22.669685356294224, 47.78732113016622 ], [ 22.669658328069431, 47.787313248507644 ], [ 22.667913933781051, 47.786804529905112 ], [ 22.66782037191274, 47.786777244474308 ], [ 22.666976000242357, 47.786531000205628 ], [ 22.664528510582386, 47.784964474730771 ], [ 22.66450648708485, 47.784950378756946 ], [ 22.66433960528866, 47.784843566277743 ], [ 22.661013999596491, 47.782715000497035 ], [ 22.651951999884943, 47.780330000229355 ], [ 22.650925848249472, 47.780073597218916 ], [ 22.650914339625217, 47.78007072118686 ], [ 22.646593015355393, 47.778990956467624 ], [ 22.64622900036818, 47.778899999935163 ], [ 22.645848829060242, 47.778971242429066 ], [ 22.645833672785955, 47.778974082488105 ], [ 22.645695364249775, 47.779000000050019 ], [ 22.638598000097772, 47.780330000229355 ], [ 22.638487396076528, 47.780311582113995 ], [ 22.638459421764935, 47.780306924525007 ], [ 22.638209196197579, 47.780265256236646 ], [ 22.632874999681633, 47.779377000348404 ], [ 22.62905899997304, 47.776992000080895 ], [ 22.628180811995037, 47.776933322914658 ], [ 22.628177812755951, 47.77693312326511 ], [ 22.62680272416651, 47.776841244927652 ], [ 22.625481999594626, 47.776752999851169 ], [ 22.623091229276952, 47.776752999851169 ], [ 22.622764000158611, 47.776752999851169 ], [ 22.620473273123196, 47.776752999851169 ], [ 22.619519999848137, 47.776752999851169 ], [ 22.614474555856077, 47.775744250097205 ], [ 22.614461030052496, 47.775741545835842 ], [ 22.614325971666347, 47.775714542791945 ], [ 22.613558000101591, 47.775560999740435 ], [ 22.610934999650624, 47.772460999775433 ], [ 22.605700877893298, 47.772100000214891 ], [ 22.60539018910606, 47.772078572068551 ], [ 22.604018999976859, 47.771984000261455 ], [ 22.595916057080501, 47.771822254493543 ], [ 22.592095999630772, 47.77174600007794 ], [ 22.582795999735765, 47.77174600007794 ], [ 22.575740323657158, 47.771984699034761 ], [ 22.568726000204776, 47.772222000445083 ], [ 22.563585259552269, 47.772427647517986 ], [ 22.557095173403582, 47.772687271900224 ], [ 22.556801999812535, 47.772698999958948 ], [ 22.556793001196127, 47.772700000005045 ], [ 22.549855326961904, 47.773470942030428 ], [ 22.548558747388427, 47.773615024214109 ], [ 22.54851432897317, 47.773619960592896 ], [ 22.548216999614908, 47.773652999886167 ], [ 22.54154000017104, 47.780330000229355 ], [ 22.541024550142993, 47.78060889888161 ], [ 22.534267048785409, 47.784265232054906 ], [ 22.531490067312859, 47.785767391252136 ], [ 22.528129022036808, 47.787585489478943 ], [ 22.528103373372119, 47.787599363320055 ], [ 22.526993000226867, 47.788199999830169 ], [ 22.51769425488601, 47.792652090021988 ], [ 22.508393922241737, 47.797103423884039 ], [ 22.49909199959626, 47.801554000516774 ], [ 22.494468114611891, 47.803130844812756 ], [ 22.494374373778442, 47.8031628130135 ], [ 22.493189072717598, 47.803567025897621 ], [ 22.488599999590406, 47.805132000041851 ], [ 22.482282271209954, 47.809818381613184 ], [ 22.481207000402833, 47.810616000228265 ], [ 22.474887166709493, 47.8078741750532 ], [ 22.468568000313098, 47.805132000041851 ], [ 22.463960241072243, 47.804698486346183 ], [ 22.458432814422906, 47.804178447077788 ], [ 22.454264196835254, 47.803785866924329 ], [ 22.452523241554502, 47.803621913320796 ], [ 22.448297999952786, 47.803224000187583 ], [ 22.448246538047442, 47.803146805081099 ], [ 22.448240561153114, 47.803137839739577 ], [ 22.445618127274884, 47.799204154748111 ], [ 22.445197722996511, 47.798573543834038 ], [ 22.444195937592553, 47.797070556361064 ], [ 22.443808611278428, 47.796489445931286 ], [ 22.442098000022781, 47.793923000246309 ], [ 22.441976957570603, 47.793463132817408 ], [ 22.441962402043373, 47.793407829907551 ], [ 22.440905395567597, 47.789392008034838 ], [ 22.439712999755272, 47.784861000534818 ], [ 22.43661299979027, 47.773892000115893 ], [ 22.433273999595542, 47.763160999880313 ], [ 22.432599999990089, 47.762203178733785 ], [ 22.432556665258005, 47.762141595858111 ], [ 22.431681049340966, 47.760897258801606 ], [ 22.431440128159522, 47.760554886898547 ], [ 22.428743000189456, 47.756722000619959 ], [ 22.427286668645024, 47.754659119522898 ], [ 22.427056233558403, 47.754332710586198 ], [ 22.427045590981265, 47.754317634351537 ], [ 22.425881000407969, 47.752667999828361 ], [ 22.426253148863793, 47.75148965682223 ], [ 22.426259993603878, 47.751467984060355 ], [ 22.426273194752127, 47.751426185370292 ], [ 22.426741600344656, 47.7499430675187 ], [ 22.426753144042436, 47.749906515473356 ], [ 22.426768506261624, 47.749857872942641 ], [ 22.427311999848996, 47.748137000422275 ], [ 22.427448734571612, 47.747926604029715 ], [ 22.427449931569129, 47.74792476221819 ], [ 22.428786623603855, 47.745867981222545 ], [ 22.428811669722791, 47.745829443474065 ], [ 22.430158441359083, 47.743757154569153 ], [ 22.430181364178793, 47.743721882259081 ], [ 22.430411999813998, 47.743366999887257 ], [ 22.430411999813998, 47.741008659122429 ], [ 22.430411999813998, 47.740744000335496 ], [ 22.423408159758878, 47.740744000335496 ], [ 22.420396000175458, 47.740744000335496 ], [ 22.417775819098892, 47.74141772474826 ], [ 22.414868598707017, 47.742165256521446 ], [ 22.414778661106368, 47.742188382587869 ], [ 22.4120500002075, 47.742890000373222 ], [ 22.41083465369644, 47.744626727941238 ], [ 22.410799581035917, 47.744676847158814 ], [ 22.410380999683412, 47.745274999741525 ], [ 22.410330604373996, 47.745284049619386 ], [ 22.404639249301965, 47.746305934870975 ], [ 22.401079999742365, 47.746945000311541 ], [ 22.399566786078481, 47.746945000311541 ], [ 22.395683571040024, 47.746945000311541 ], [ 22.392747371793803, 47.746945000311541 ], [ 22.392608333008184, 47.746945000311541 ], [ 22.392495000444057, 47.746945000311541 ], [ 22.381048999611778, 47.746945000311541 ], [ 22.373418086575555, 47.747541254425357 ], [ 22.365786999970055, 47.748137000422275 ], [ 22.36505898168673, 47.748171671085743 ], [ 22.36497013226591, 47.748175902396156 ], [ 22.357670379284627, 47.74852354432619 ], [ 22.355771000331515, 47.74861399993631 ], [ 22.348378000244566, 47.751713999901256 ], [ 22.347549668882266, 47.752376641968567 ], [ 22.347490937756731, 47.752423625250174 ], [ 22.345951123945326, 47.75365543295203 ], [ 22.345948491629656, 47.753657538264974 ], [ 22.342931690645116, 47.756070895055814 ], [ 22.34275754502471, 47.75621020723537 ], [ 22.342182723553947, 47.756670048583999 ], [ 22.341224000387342, 47.757437000317452 ], [ 22.340228118133325, 47.758148451290026 ], [ 22.340154383617914, 47.758201126380982 ], [ 22.339277962807898, 47.758827235288834 ], [ 22.339195744987762, 47.75888597091091 ], [ 22.337712711672395, 47.759945438831039 ], [ 22.334547000044097, 47.762206999953264 ], [ 22.330254999968417, 47.764830000404231 ], [ 22.323815999808687, 47.766499000028944 ], [ 22.321396858578225, 47.766412771232581 ], [ 22.320775311931186, 47.766390615534476 ], [ 22.320409352609659, 47.766377570868372 ], [ 22.317139000364648, 47.766260999845315 ], [ 22.317266333574594, 47.765924422274338 ], [ 22.317270843674635, 47.765912501760681 ], [ 22.317352378010014, 47.765696984628164 ], [ 22.317438678752183, 47.765468867994002 ], [ 22.318808141182956, 47.761849014020811 ], [ 22.31923340539737, 47.760724729262847 ], [ 22.319663819129914, 47.759586830567969 ], [ 22.31967140491156, 47.759566776585643 ], [ 22.320476999613959, 47.757437000317452 ], [ 22.321907999954419, 47.751476000617004 ], [ 22.317854000062141, 47.744083000530225 ], [ 22.317813475711375, 47.74407182015841 ], [ 22.317696166345058, 47.744039456256075 ], [ 22.317688119211425, 47.744037235829921 ], [ 22.311730360667696, 47.742393597986336 ], [ 22.311461275417571, 47.742319362548585 ], [ 22.31140859583013, 47.742304829504349 ], [ 22.310938000388433, 47.74217499977658 ], [ 22.310327511805326, 47.741971476002902 ], [ 22.305830453712531, 47.740472246796855 ], [ 22.30581999459713, 47.740468760125282 ], [ 22.305815065412958, 47.740467117063986 ], [ 22.303783999632003, 47.73979000040822 ], [ 22.300069668280685, 47.737004056292335 ], [ 22.300064259757846, 47.737000000349894 ], [ 22.29983504055474, 47.736828074256266 ], [ 22.299015000042289, 47.736213000030034 ], [ 22.297608167183341, 47.735744149273046 ], [ 22.297288994191831, 47.73563778015955 ], [ 22.297242770837272, 47.735622376571428 ], [ 22.296992675671561, 47.735539028303606 ], [ 22.296986748239874, 47.735537052493157 ], [ 22.296643661376038, 47.735422711788772 ], [ 22.294452654766303, 47.734692522541934 ], [ 22.294007000223019, 47.734544000405322 ], [ 22.291406563761996, 47.733038605447462 ], [ 22.290939053894363, 47.732767963470906 ], [ 22.289475999917556, 47.731920999954355 ], [ 22.288836959658113, 47.731464542754452 ], [ 22.288816250069885, 47.731449749806302 ], [ 22.288765076846914, 47.731413197760958 ], [ 22.286136999722828, 47.729536000586052 ], [ 22.285742703663004, 47.729575462837431 ], [ 22.285699624338179, 47.729579775086677 ], [ 22.285602153117054, 47.729589529133648 ], [ 22.278982999865605, 47.730252000329585 ], [ 22.27135199959514, 47.730967000027078 ], [ 22.268362698080239, 47.730842163335353 ], [ 22.268357565649183, 47.730841949296632 ], [ 22.267632045682433, 47.730811650237513 ], [ 22.266862181944134, 47.730779499474409 ], [ 22.265629000078377, 47.730727999797523 ], [ 22.263270703380385, 47.727898308160434 ], [ 22.26320792890283, 47.727822986341778 ], [ 22.262965038206119, 47.727531543046325 ], [ 22.262051999700191, 47.72643600062105 ], [ 22.261621448371159, 47.723940024013075 ], [ 22.261473383989653, 47.723081675079243 ], [ 22.261451152748577, 47.722952800431585 ], [ 22.260859000442565, 47.719520000048078 ], [ 22.260859000442565, 47.717086516429731 ], [ 22.260859000442565, 47.717047000218997 ], [ 22.260859000442565, 47.717014058052484 ], [ 22.260859000442565, 47.716897000496317 ], [ 22.260978511349322, 47.712247001897708 ], [ 22.26103505082699, 47.710046709787946 ], [ 22.261086174587319, 47.708057178296201 ], [ 22.261088796111096, 47.707955184384389 ], [ 22.261097999772915, 47.70759700060114 ], [ 22.25969553492115, 47.697780726899168 ], [ 22.259667000331888, 47.697581000063224 ], [ 22.253228000172157, 47.694241999868495 ], [ 22.249318280314412, 47.695110948211777 ], [ 22.248953862430994, 47.695191941155144 ], [ 22.248917602665301, 47.695199999980048 ], [ 22.242496999936691, 47.696627000135948 ], [ 22.231289000187246, 47.694004000584187 ], [ 22.230768183904729, 47.693213902099956 ], [ 22.230486351663956, 47.692786351808763 ], [ 22.2304829270455, 47.692781157324646 ], [ 22.227830652762464, 47.688757555416998 ], [ 22.224372999614332, 47.683511000532405 ], [ 22.224241927922662, 47.681541062570147 ], [ 22.22423571540611, 47.681447685961984 ], [ 22.224233156834828, 47.681409236347292 ], [ 22.224135000330193, 47.679934000154049 ], [ 22.223703979555069, 47.676916343014909 ], [ 22.223670351205897, 47.676680904100522 ], [ 22.223652989793834, 47.676559355329971 ], [ 22.22282871797114, 47.670788461518271 ], [ 22.222801677155644, 47.670599138939167 ], [ 22.222786119783734, 47.670490222046226 ], [ 22.222465999806104, 47.668248999991533 ], [ 22.222331898298592, 47.667311036775118 ], [ 22.222308181377571, 47.66714515142769 ], [ 22.22230640611582, 47.667132737186137 ], [ 22.221750000062514, 47.663241000172093 ], [ 22.221400214148673, 47.66259984740509 ], [ 22.221378502715879, 47.662560051505181 ], [ 22.221322780721891, 47.662457914601134 ], [ 22.220127934256936, 47.660267780333925 ], [ 22.220122647142546, 47.660258088340242 ], [ 22.220062706428848, 47.660148218165773 ], [ 22.218888000281027, 47.657995000169308 ], [ 22.213642000278242, 47.65465599997458 ], [ 22.211842757237491, 47.654102297283259 ], [ 22.211783115098797, 47.654083943019714 ], [ 22.211402382613926, 47.653966775746142 ], [ 22.211390057405367, 47.653962983305121 ], [ 22.210542000313239, 47.65370200004736 ], [ 22.204342000383065, 47.654417999790951 ], [ 22.202195251210014, 47.648337023335046 ], [ 22.201375313220296, 47.646013873041909 ], [ 22.201178793366751, 47.645457066790357 ], [ 22.201134989188517, 47.645332956750735 ], [ 22.200049000261288, 47.642256000114401 ], [ 22.199393596837126, 47.637535668236694 ], [ 22.199377007043267, 47.637416182510833 ], [ 22.199262571910253, 47.636592002419036 ], [ 22.199215415059541, 47.636252372549052 ], [ 22.19885700015061, 47.633670999916774 ], [ 22.193849000331284, 47.626277999829995 ], [ 22.192738425737787, 47.622530104880582 ], [ 22.192735219654708, 47.622519285137059 ], [ 22.192707534025658, 47.622425850073114 ], [ 22.192122025011599, 47.620449910035404 ], [ 22.19205676660647, 47.620229685851427 ], [ 22.192038092184305, 47.620166662261681 ], [ 22.191940999577639, 47.619839000569414 ], [ 22.190999437274343, 47.617432662087879 ], [ 22.190013425978975, 47.614912729339039 ], [ 22.190003133238065, 47.614886423269866 ], [ 22.18773141607204, 47.609080629467542 ], [ 22.187725878046876, 47.609066475937084 ], [ 22.187694429654186, 47.608986105324561 ], [ 22.187649000401109, 47.608870000150546 ], [ 22.182063450567796, 47.603698228390499 ], [ 22.182054481629166, 47.603689923151535 ], [ 22.18201533593907, 47.603653676875865 ], [ 22.181210000241379, 47.602908000404 ], [ 22.18025600031433, 47.600523000136491 ], [ 22.180178697289193, 47.600329742124075 ], [ 22.18010970489911, 47.600157262947334 ], [ 22.179766799698143, 47.599300000394862 ], [ 22.179758629357309, 47.59927957319394 ], [ 22.179743121448041, 47.599240804319777 ], [ 22.179302000387111, 47.598137999868811 ], [ 22.176977466037386, 47.596116905770714 ], [ 22.176885076884901, 47.596036577426219 ], [ 22.176869262306639, 47.59602282589276 ], [ 22.1738170001546, 47.593369000279267 ], [ 22.170729909957458, 47.593122012271124 ], [ 22.16785500040811, 47.592891999866083 ], [ 22.158793999843283, 47.593607000462782 ], [ 22.152039066050179, 47.593776244778041 ], [ 22.151586079334152, 47.593787595121455 ], [ 22.151061199015203, 47.593800745907856 ], [ 22.149254999718607, 47.593845999793132 ], [ 22.148459259787046, 47.594190124474778 ], [ 22.148352030921615, 47.594236495318114 ], [ 22.148194652261452, 47.594304555111307 ], [ 22.140431000190517, 47.597662000401101 ], [ 22.140147134582719, 47.597667449393441 ], [ 22.14009693442614, 47.597668412567316 ], [ 22.140041609932382, 47.597669473767382 ], [ 22.128388610346121, 47.59789313605944 ], [ 22.128381128886019, 47.597893279950881 ], [ 22.128357841841023, 47.597893726914094 ], [ 22.128305263876996, 47.597894735953332 ], [ 22.128031000330566, 47.59790000058473 ], [ 22.128629134926825, 47.592368201431384 ], [ 22.128634734105731, 47.592316414870766 ], [ 22.128639921395404, 47.592268444133538 ], [ 22.128791240423482, 47.590868981218534 ], [ 22.128834901609423, 47.59046517123079 ], [ 22.128844302222888, 47.590378231070645 ], [ 22.128973432278144, 47.589183979956829 ], [ 22.128974098675769, 47.589177813305469 ], [ 22.128985000257615, 47.589077000203588 ], [ 22.128692547023547, 47.588913212075113 ], [ 22.128655283614478, 47.588892343307066 ], [ 22.12700966006787, 47.58797071717504 ], [ 22.1269378411086, 47.587930494996385 ], [ 22.126780279886191, 47.587842253517351 ], [ 22.124407406976275, 47.586513333423738 ], [ 22.123738985865657, 47.58613898612532 ], [ 22.123738029886169, 47.586138450129397 ], [ 22.123022999611919, 47.58573800000886 ], [ 22.122087791918204, 47.584428905469792 ], [ 22.121997860612964, 47.584303021067683 ], [ 22.121824154760986, 47.584059869567511 ], [ 22.12176479231141, 47.583976773109782 ], [ 22.118252999976107, 47.57906100056482 ], [ 22.11604101757905, 47.577614648797066 ], [ 22.116037971575224, 47.577612656798863 ], [ 22.115975108964278, 47.577571553284656 ], [ 22.115964836008459, 47.577564836248314 ], [ 22.112053000046103, 47.575006999773223 ], [ 22.111848201033695, 47.574943975284327 ], [ 22.111817842619416, 47.574934632227666 ], [ 22.111704244755174, 47.574899672881713 ], [ 22.108907140951828, 47.574038886785218 ], [ 22.108869903623201, 47.574027427623776 ], [ 22.10885380485928, 47.574022473258708 ], [ 22.107018184241838, 47.573457575806515 ], [ 22.106882972071674, 47.573415965974107 ], [ 22.106598108216303, 47.573328300960384 ], [ 22.105975078587164, 47.573136569097471 ], [ 22.10585460000982, 47.573099491848097 ], [ 22.105656738367941, 47.573038602349698 ], [ 22.102753000150926, 47.572144999991906 ], [ 22.101083355712433, 47.567614014075673 ], [ 22.099432084423313, 47.563132084378253 ], [ 22.099413999956198, 47.563083000280358 ], [ 22.099189063324729, 47.562889063279727 ], [ 22.096126370835464, 47.56024846039827 ], [ 22.095817933950514, 47.559982530869206 ], [ 22.095765836224416, 47.559937613330362 ], [ 22.094109835400616, 47.558509835260736 ], [ 22.093611244063709, 47.558079958423491 ], [ 22.092499000328701, 47.557121000533868 ], [ 22.091746066328085, 47.557658788822096 ], [ 22.091725303679937, 47.557673617743262 ], [ 22.091675206045977, 47.557709400868191 ], [ 22.090945197562974, 47.558230815200147 ], [ 22.087490999610054, 47.560698000012678 ], [ 22.087290071279938, 47.560732446745078 ], [ 22.087256168637452, 47.560738259063555 ], [ 22.087190731267242, 47.560749478106118 ], [ 22.08607974568389, 47.560939944622817 ], [ 22.085881467655781, 47.560973937197616 ], [ 22.085575118996644, 47.56102645760501 ], [ 22.080572433271243, 47.561884111362815 ], [ 22.080407624412373, 47.561912366262732 ], [ 22.080344243791842, 47.561923231871788 ], [ 22.079143999596056, 47.562129000353139 ], [ 22.075089999703835, 47.560698000012678 ], [ 22.074126148603, 47.560017669180127 ], [ 22.074063320166147, 47.559973321811526 ], [ 22.074012478792952, 47.559937436163807 ], [ 22.068292483011703, 47.555899999985002 ], [ 22.068288484625896, 47.55589717791247 ], [ 22.068135604374731, 47.555789268260241 ], [ 22.067599999640436, 47.555411213057084 ], [ 22.067493940792872, 47.555336352590643 ], [ 22.06735347298445, 47.555237203234356 ], [ 22.066981999919392, 47.554975000495915 ], [ 22.066124627649458, 47.554697634288573 ], [ 22.066057739673056, 47.554675994801414 ], [ 22.065607282749909, 47.554530269556381 ], [ 22.062415090584068, 47.55349756995696 ], [ 22.062330165804667, 47.553470096567878 ], [ 22.062219372925767, 47.55343425408762 ], [ 22.058874000135063, 47.552352000044948 ], [ 22.054582000059384, 47.548536000336185 ], [ 22.055157519404077, 47.54817432808278 ], [ 22.055165059320188, 47.548169589555016 ], [ 22.055167277947589, 47.548168195605854 ], [ 22.062929332822534, 47.543290306102904 ], [ 22.07085743402348, 47.538306494449216 ], [ 22.071110129129238, 47.538147643598847 ], [ 22.071131173265087, 47.538134414571743 ], [ 22.071194527805346, 47.53809458719553 ], [ 22.071275000041339, 47.538044000330501 ], [ 22.070603435799967, 47.537509783249959 ], [ 22.060781999989388, 47.529697000316503 ], [ 22.055167497382172, 47.533294232742719 ], [ 22.054907422439612, 47.533460864527342 ], [ 22.053151709283952, 47.534585756327715 ], [ 22.051599493821698, 47.535579977534042 ], [ 22.045520000347892, 47.539474000624693 ], [ 22.04308574780913, 47.536926826512001 ], [ 22.042904349156572, 47.536737012003528 ], [ 22.040392477031162, 47.534108617418894 ], [ 22.03526599962629, 47.528743000389227 ], [ 22.034044758059224, 47.527770725338712 ], [ 22.033986416340213, 47.527724277153709 ], [ 22.033971877000681, 47.527712701979624 ], [ 22.030872647754677, 47.525245295034381 ], [ 22.030823744420275, 47.52520636158431 ], [ 22.02882637263906, 47.523616183040474 ], [ 22.024260798796888, 47.519980399376095 ], [ 22.024217223945811, 47.519945698135643 ], [ 22.024050030984256, 47.51981255530518 ], [ 22.024019942366635, 47.519788592869418 ], [ 22.022388000206206, 47.518489000567058 ], [ 22.020708306743131, 47.515435692503388 ], [ 22.01973019599177, 47.513657703140552 ], [ 22.01845246530911, 47.511335071756264 ], [ 22.014517999706015, 47.504180999953235 ], [ 22.014222922250212, 47.503059816057828 ], [ 22.014222016632743, 47.503056378848896 ], [ 22.01411042965276, 47.502632393470151 ], [ 22.012729268840701, 47.497384518381011 ], [ 22.011697248229552, 47.493722181333681 ], [ 22.0105180526661, 47.489537568404103 ], [ 22.009033271068688, 47.484268518777299 ], [ 22.007603104399891, 47.479529827239787 ], [ 22.007588656791256, 47.479481959924556 ], [ 22.007482829069374, 47.479131309762295 ], [ 22.007125999665334, 47.477948999846546 ], [ 22.007594512276967, 47.477261894421019 ], [ 22.007599999940112, 47.47725384638801 ], [ 22.007601824664619, 47.477251170005502 ], [ 22.010703356174986, 47.472702558276637 ], [ 22.010724444377672, 47.47267162519546 ], [ 22.010766782660937, 47.472609518014906 ], [ 22.011498248045712, 47.471536535982466 ], [ 22.013048921170935, 47.469261861845609 ], [ 22.013587485574135, 47.468471844300325 ], [ 22.01359199207684, 47.468465235182634 ], [ 22.014280000421763, 47.467455999794595 ], [ 22.018454047216494, 47.460540580183761 ], [ 22.022319451181772, 47.454134682269796 ], [ 22.022335585918711, 47.454107941828113 ], [ 22.022350286236815, 47.454083580992631 ], [ 22.022627000435762, 47.453625000493503 ], [ 22.032658256173647, 47.450888680967921 ], [ 22.032674450265745, 47.450884264397303 ], [ 22.032721997422357, 47.450871295274112 ], [ 22.033119000441616, 47.450762999812639 ], [ 22.031866323072506, 47.449278194832857 ], [ 22.031731863634775, 47.449118820577212 ], [ 22.031476305986871, 47.448815905529671 ], [ 22.026681000327983, 47.443132000441551 ], [ 22.026746530328239, 47.443006573794378 ], [ 22.026762889895451, 47.442975260300159 ], [ 22.026771956860443, 47.44295790608254 ], [ 22.030376865899768, 47.436058037548435 ], [ 22.030406387045161, 47.436001532245029 ], [ 22.030415051113891, 47.435984948746579 ], [ 22.030854631636089, 47.435143582610351 ], [ 22.034958494439081, 47.427286165424277 ], [ 22.03496145140997, 47.427280503292707 ], [ 22.034977012379329, 47.427250710552016 ], [ 22.035027000295941, 47.427155000203186 ], [ 22.03314528312842, 47.425063715817885 ], [ 22.033141021241192, 47.425058979088647 ], [ 22.033134644148561, 47.425051892430986 ], [ 22.031597887132875, 47.423343987235228 ], [ 22.031583289337391, 47.423327763465522 ], [ 22.03154044563513, 47.423280148859931 ], [ 22.030735000220204, 47.422385000567374 ], [ 22.031939355217105, 47.420458100561063 ], [ 22.031955768743842, 47.420431838558557 ], [ 22.032187292009951, 47.420061414102975 ], [ 22.034311999699071, 47.416662000151234 ], [ 22.034311999699071, 47.411204160343743 ], [ 22.034311999699071, 47.410962293075499 ], [ 22.034311999699071, 47.410950857296257 ], [ 22.034311999699071, 47.409746000477696 ], [ 22.030615141275916, 47.404619062619759 ], [ 22.029905683200695, 47.403634944397311 ], [ 22.029759098203954, 47.403431610380665 ], [ 22.029336802651471, 47.402845831569948 ], [ 22.027422602870899, 47.400190567041193 ], [ 22.026918999612292, 47.399491999756094 ], [ 22.02381867768986, 47.394007045388946 ], [ 22.020770984993078, 47.388613990043723 ], [ 22.020770853692056, 47.388613758018664 ], [ 22.020765162782084, 47.388603688309672 ], [ 22.020718999682117, 47.388522000190278 ], [ 22.015397168844402, 47.38190589743931 ], [ 22.015280308239824, 47.38176061645936 ], [ 22.015043728984949, 47.381466501278055 ], [ 22.011895000154254, 47.377552000624462 ], [ 22.006590529829225, 47.377084228154672 ], [ 22.006522503310919, 47.377078228777293 ], [ 22.005635396756304, 47.377000000349824 ], [ 22.003787000369755, 47.376837000027592 ], [ 22.001880232586814, 47.37694917696308 ], [ 22.001769505358538, 47.376955690752595 ], [ 22.001731613323443, 47.37695792017189 ], [ 21.999778174323353, 47.377072841838242 ], [ 21.99944552589028, 47.377092411985359 ], [ 21.99941442283739, 47.377094242105727 ], [ 21.99931654602193, 47.377100000464679 ], [ 21.998904902939103, 47.377124217408891 ], [ 21.998710927267666, 47.377135628906217 ], [ 21.995678999686106, 47.377314000440833 ], [ 21.994963999988613, 47.380414000405835 ], [ 21.990137506740723, 47.381265839147261 ], [ 21.990052225829686, 47.381280890200969 ], [ 21.989960382565641, 47.381297101380198 ], [ 21.986856000204341, 47.381844999846919 ], [ 21.986441942441729, 47.381500000124959 ], [ 21.984794414130931, 47.380127252470913 ], [ 21.984780318157334, 47.380115507324888 ], [ 21.984666046700852, 47.380020294301289 ], [ 21.982563000082564, 47.378268000368053 ], [ 21.977077999849882, 47.377790999954868 ], [ 21.976585165073345, 47.378146962412416 ], [ 21.976535116902255, 47.378183109762745 ], [ 21.976155683038371, 47.378457166465239 ], [ 21.9752063505926, 47.379142843767397 ], [ 21.975105177761804, 47.379215918180194 ], [ 21.975094795988127, 47.379223415828051 ], [ 21.973806032422601, 47.380154258212542 ], [ 21.973796254993204, 47.380161320588513 ], [ 21.973769510055035, 47.380180635328145 ], [ 21.973026068398383, 47.380717605233485 ], [ 21.972785999774203, 47.38089099991987 ], [ 21.964439999806245, 47.381368000333055 ], [ 21.963559676837804, 47.381164958596059 ], [ 21.963042731237124, 47.381045727378591 ], [ 21.962870696325695, 47.381006048390532 ], [ 21.962840084302513, 47.380998986913767 ], [ 21.961561975005225, 47.380704197240902 ], [ 21.961559180811719, 47.380703553326498 ], [ 21.961456658997747, 47.380679907451906 ], [ 21.961339999841243, 47.380652999736185 ], [ 21.961185528689327, 47.380476461919272 ], [ 21.960599999890178, 47.38899999975024 ], [ 21.957999999600418, 47.393599999640344 ], [ 21.957000000249934, 47.394800000119972 ], [ 21.948099999915144, 47.406099999615378 ], [ 21.95279999992016, 47.410199999830297 ], [ 21.953800000169906, 47.41089999973525 ], [ 21.95739999981032, 47.413500000024953 ], [ 21.955799999770306, 47.414999999950112 ], [ 21.949900000184869, 47.419399999610391 ], [ 21.947700000354757, 47.420199999630427 ], [ 21.9445000002749, 47.424099999615407 ], [ 21.942499999775293, 47.427199999580409 ], [ 21.935900000284903, 47.440699999805304 ], [ 21.933899999785297, 47.444900000135078 ], [ 21.915400000109969, 47.456399999860196 ], [ 21.911000000449746, 47.458499999575452 ], [ 21.908699999605346, 47.455800000070042 ], [ 21.906800000119972, 47.452499999875158 ], [ 21.905500000424865, 47.450199999930192 ], [ 21.9020000000001, 47.447200000080045 ], [ 21.890500000274983, 47.453199999780338 ], [ 21.878399999860221, 47.449600000139867 ], [ 21.866100000115068, 47.437499999725276 ], [ 21.858400000259962, 47.43080000012003 ], [ 21.856399999760299, 47.434299999645418 ], [ 21.854899999835141, 47.43810000041475 ], [ 21.853899999585451, 47.440400000359773 ], [ 21.850199999830181, 47.443899999885161 ], [ 21.839899999685258, 47.441900000284932 ], [ 21.840400000259933, 47.440699999805304 ], [ 21.828700000304877, 47.440699999805304 ], [ 21.826200000130029, 47.447200000080045 ], [ 21.826200000130029, 47.448300000444817 ], [ 21.827000000150008, 47.45169999985518 ], [ 21.827700000055017, 47.453999999800317 ], [ 21.830699999905164, 47.457400000110056 ], [ 21.832999999850301, 47.459599999940224 ], [ 21.834800000120026, 47.461099999865212 ], [ 21.829199999980176, 47.46160000043983 ], [ 21.815799999870137, 47.464199999830157 ], [ 21.813100000364898, 47.464999999850193 ], [ 21.809800000170014, 47.467000000349799 ], [ 21.807699999555382, 47.469400000409848 ], [ 21.78929999999508, 47.450400000160073 ], [ 21.781199999680382, 47.445600000040031 ], [ 21.777700000154937, 47.443799999770306 ], [ 21.773100000264776, 47.442399999960173 ], [ 21.770299999745362, 47.44170000005505 ], [ 21.767999999800168, 47.441299999595458 ], [ 21.765799999970056, 47.441399999710313 ], [ 21.752299999745333, 47.440200000130062 ], [ 21.737599999940187, 47.438299999745311 ], [ 21.724500000175055, 47.435099999665283 ], [ 21.719399999710276, 47.434900000334721 ], [ 21.705900000384702, 47.434800000219866 ], [ 21.696400000259871, 47.434299999645418 ], [ 21.690100000215011, 47.432899999835115 ], [ 21.690100000215011, 47.431299999795272 ], [ 21.689400000309831, 47.430200000329933 ], [ 21.687600000039936, 47.427999999600388 ], [ 21.685300000094969, 47.425400000209891 ], [ 21.682400000359848, 47.424999999750298 ], [ 21.68090000043486, 47.427700000155028 ], [ 21.681099999765195, 47.431000000349911 ], [ 21.681199999880278, 47.433100000064996 ], [ 21.68090000043486, 47.438800000319929 ], [ 21.680399999860242, 47.440699999805304 ], [ 21.678500000374868, 47.446899999735308 ], [ 21.674899999835247, 47.453799999570435 ], [ 21.673299999795233, 47.455399999610449 ], [ 21.658800000219969, 47.458699999805333 ], [ 21.656600000389801, 47.458799999920188 ], [ 21.648099999615283, 47.457799999670328 ], [ 21.64250000037481, 47.457199999880174 ], [ 21.635200000080033, 47.456600000090077 ], [ 21.630099999615425, 47.45629999974534 ], [ 21.627799999670287, 47.456399999860196 ], [ 21.623299999895153, 47.456100000414779 ], [ 21.617099999965149, 47.455100000164919 ], [ 21.610799999920175, 47.453299999895194 ], [ 21.607900000184884, 47.44999999970031 ], [ 21.603200000180038, 47.446600000289948 ], [ 21.59739999981025, 47.442999999750327 ], [ 21.580899999735209, 47.437200000279915 ], [ 21.572900000434686, 47.434700000105011 ], [ 21.56890000033485, 47.433699999855151 ], [ 21.556599999690377, 47.433599999740295 ], [ 21.552599999590484, 47.433300000294935 ], [ 21.549799999970048, 47.432999999950141 ], [ 21.547600000139937, 47.422300000244888 ], [ 21.552300000144953, 47.415799999970147 ], [ 21.558399999960102, 47.414099999815278 ], [ 21.549599999740337, 47.404799999920101 ], [ 21.547800000369818, 47.402900000434727 ], [ 21.543700000154956, 47.399600000240014 ], [ 21.536900000434798, 47.397799999970118 ], [ 21.529299999795342, 47.391499999925088 ], [ 21.527599999640302, 47.3900000000001 ], [ 21.52640000006005, 47.388099999615349 ], [ 21.526199999830169, 47.384700000204987 ], [ 21.525399999810134, 47.380499999875212 ], [ 21.524300000344795, 47.378999999950054 ], [ 21.523099999865167, 47.377500000025123 ], [ 21.518399999860151, 47.373399999810204 ], [ 21.5172000002799, 47.372699999905251 ], [ 21.51379999996999, 47.371300000095118 ], [ 21.498300000145036, 47.364400000259991 ], [ 21.482900000434711, 47.357400000309951 ], [ 21.46640000035984, 47.351700000055075 ], [ 21.449900000284799, 47.347499999725301 ], [ 21.442299999645343, 47.340000000100076 ], [ 21.438599999890243, 47.333599999940191 ], [ 21.439199999680341, 47.332499999575418 ], [ 21.440799999720355, 47.331299999994997 ], [ 21.44459999959048, 47.328500000374788 ], [ 21.450099999615361, 47.326100000314909 ], [ 21.456700000005128, 47.323299999795324 ], [ 21.460499999875253, 47.321300000195038 ], [ 21.462699999705364, 47.319800000269879 ], [ 21.463699999955111, 47.318599999790308 ], [ 21.470599999790238, 47.309700000354894 ], [ 21.476899999835268, 47.299699999655388 ], [ 21.479400000010116, 47.293900000185033 ], [ 21.483600000339891, 47.288099999815245 ], [ 21.480200000030152, 47.287399999910122 ], [ 21.474100000215003, 47.287500000025148 ], [ 21.464600000089945, 47.288099999815245 ], [ 21.462300000144978, 47.286300000444726 ], [ 21.462200000030123, 47.284700000404882 ], [ 21.455300000194995, 47.281500000324854 ], [ 21.454199999830223, 47.281500000324854 ], [ 21.451400000209958, 47.281500000324854 ], [ 21.45089999963534, 47.281500000324854 ], [ 21.448100000015074, 47.282399999560369 ], [ 21.44649999997506, 47.283199999580347 ], [ 21.445399999610345, 47.284700000404882 ], [ 21.445399999610345, 47.285099999965098 ], [ 21.443799999570501, 47.287399999910122 ], [ 21.439399999910222, 47.287500000025148 ], [ 21.428199999630465, 47.287299999795266 ], [ 21.420399999660276, 47.289799999970114 ], [ 21.4154000002099, 47.289499999625377 ], [ 21.412599999690315, 47.288799999720197 ], [ 21.410299999745291, 47.287700000254858 ], [ 21.407899999685299, 47.28550000042469 ], [ 21.406700000105047, 47.283999999600383 ], [ 21.400299999945162, 47.277600000339874 ], [ 21.391100000165068, 47.271400000409869 ], [ 21.389299999895115, 47.269899999585505 ], [ 21.389299999895115, 47.269500000025118 ], [ 21.390200000030006, 47.264100000114922 ], [ 21.392399999860118, 47.251099999565497 ], [ 21.392100000414757, 47.243900000284953 ], [ 21.406000000199924, 47.240999999650285 ], [ 21.413200000379788, 47.227500000324937 ], [ 21.413599999940175, 47.223299999994993 ], [ 21.408200000030035, 47.215399999910176 ], [ 21.409900000184905, 47.203499999725238 ], [ 21.403000000349778, 47.199499999625402 ], [ 21.398300000344932, 47.193499999925109 ], [ 21.398100000115051, 47.190399999960107 ], [ 21.398800000020174, 47.180500000274833 ], [ 21.398300000344932, 47.169500000225014 ], [ 21.397099999865134, 47.168000000299855 ], [ 21.380499999675408, 47.158400000060112 ], [ 21.358699999805253, 47.143999999700327 ], [ 21.347500000424702, 47.143099999565493 ], [ 21.336400000259971, 47.144500000274775 ], [ 21.319800000070074, 47.148200000030101 ], [ 21.30600000039982, 47.151500000224985 ], [ 21.300899999935211, 47.150900000434831 ], [ 21.293899999985172, 47.131200000279932 ], [ 21.295600000140041, 47.129999999800191 ], [ 21.297200000180055, 47.129600000239918 ], [ 21.301300000394804, 47.121199999580426 ], [ 21.304400000359806, 47.114199999630443 ], [ 21.305299999595434, 47.110000000199875 ], [ 21.30360000033977, 47.109300000294922 ], [ 21.296799999720292, 47.106000000100039 ], [ 21.29270000040475, 47.102300000344769 ], [ 21.294200000329738, 47.098799999920175 ], [ 21.295700000254897, 47.092700000105026 ], [ 21.29539999991016, 47.086600000289877 ], [ 21.288500000075032, 47.081800000170006 ], [ 21.241500000025098, 47.063700000055121 ], [ 21.23240000035986, 47.060000000299851 ], [ 21.231799999670329, 47.059599999840259 ], [ 21.231799999670329, 47.059300000394671 ], [ 21.231799999670329, 47.057700000354828 ], [ 21.23269999980522, 47.054300000045089 ], [ 21.235400000210007, 47.050400000060108 ], [ 21.237000000249793, 47.049299999695336 ], [ 21.23899999985025, 47.044699999805232 ], [ 21.240399999660383, 47.037400000409832 ], [ 21.239200000080132, 47.034700000005046 ], [ 21.235099999865213, 47.030599999790184 ], [ 21.233800000169992, 47.026100000015049 ], [ 21.233100000264983, 47.023100000164902 ], [ 21.238500000174952, 47.016900000234955 ], [ 21.247100000165005, 47.00980000017006 ], [ 21.25260000019, 47.009299999595441 ], [ 21.259800000369694, 47.00810000001502 ], [ 21.29170000015506, 46.999099999565431 ], [ 21.320299999745316, 46.991299999595412 ], [ 21.342299999845238, 46.984700000105022 ], [ 21.355000000050154, 46.980700000005186 ], [ 21.368600000389733, 46.978999999850089 ], [ 21.394900000035022, 46.977100000364885 ], [ 21.407099999665263, 46.976900000135004 ], [ 21.408200000030035, 46.976900000135004 ], [ 21.414999999750307, 46.976499999675411 ], [ 21.417700000154923, 46.975899999885144 ], [ 21.420900000234951, 46.974700000304892 ], [ 21.425099999665292, 46.968899999935104 ], [ 21.438599999890243, 46.97090000043471 ], [ 21.442499999875224, 46.958699999905264 ], [ 21.430200000129901, 46.957400000209987 ], [ 21.425400000010029, 46.95100000004993 ], [ 21.423400000409799, 46.943099999965114 ], [ 21.443500000124914, 46.956399999960126 ], [ 21.472099999715397, 46.949299999895061 ], [ 21.476799999720242, 46.942299999945078 ], [ 21.47900000044973, 46.941499999925099 ], [ 21.483400000110009, 46.941399999810244 ], [ 21.484499999575405, 46.941399999810244 ], [ 21.486199999730275, 46.941700000154981 ], [ 21.489100000364886, 46.943599999640355 ], [ 21.499399999610432, 46.949799999570359 ], [ 21.51180000036976, 46.953799999670366 ], [ 21.521200000379793, 46.953600000339861 ], [ 21.534599999590455, 46.95440000035984 ], [ 21.53469999970531, 46.955499999825236 ], [ 21.53539999961032, 46.957799999770259 ], [ 21.538300000244931, 46.960799999620349 ], [ 21.539399999710326, 46.961500000424735 ], [ 21.543299999695307, 46.961099999965143 ], [ 21.544899999735321, 46.96070000040487 ], [ 21.547700000254963, 46.959499999925129 ], [ 21.549300000294807, 46.959399999810273 ], [ 21.552699999705339, 46.95970000015501 ], [ 21.562799999620324, 46.961799999870266 ], [ 21.55359999984023, 46.978400000059992 ], [ 21.557399999710356, 46.988999999650446 ], [ 21.566799999720388, 46.999399999910167 ], [ 21.575100000264854, 46.998900000234926 ], [ 21.591199999880132, 46.997400000309938 ], [ 21.595600000439731, 46.997300000194912 ], [ 21.603499999625399, 46.998200000329916 ], [ 21.618300000444776, 47.005100000164873 ], [ 21.623400000010179, 47.007699999555427 ], [ 21.62259999999003, 47.014199999830169 ], [ 21.627400000110072, 47.020499999875199 ], [ 21.628499999575411, 47.021299999895177 ], [ 21.634799999620441, 47.024199999630468 ], [ 21.639900000085049, 47.025199999880215 ], [ 21.641400000010037, 47.021799999570476 ], [ 21.641999999800191, 47.017700000254933 ], [ 21.65010000011489, 47.018500000274969 ], [ 21.652099999715347, 47.018899999835185 ], [ 21.657599999740341, 47.021199999780322 ], [ 21.658200000429645, 47.021600000239914 ], [ 21.659042987144232, 47.022442986954331 ], [ 21.659314999687581, 47.022230000514298 ], [ 21.660829089291099, 47.021045444991444 ], [ 21.66100000005008, 47.020911731990964 ], [ 21.661066523801026, 47.020859686425581 ], [ 21.661101409402647, 47.020832393799992 ], [ 21.661405560118624, 47.020594440381274 ], [ 21.661525759006622, 47.020500401872198 ], [ 21.661694246092623, 47.020368585541917 ], [ 21.661797705000197, 47.020287642960398 ], [ 21.662058000276545, 47.020084000476345 ], [ 21.665509572209146, 47.019917196021822 ], [ 21.666477488245562, 47.019870419584379 ], [ 21.666542811401655, 47.019867262064622 ], [ 21.669450548903853, 47.019726739397697 ], [ 21.676843000404176, 47.019368999879475 ], [ 21.676926800131696, 47.018587521397023 ], [ 21.676930374936887, 47.018554187126199 ], [ 21.676934227632614, 47.018518258311076 ], [ 21.677559000147767, 47.012692000435663 ], [ 21.679992151017018, 47.008671356398054 ], [ 21.680590864776661, 47.0076820149132 ], [ 21.680696455077396, 47.007507532946363 ], [ 21.682311368574915, 47.004838979135741 ], [ 21.682360491343729, 47.004757808126442 ], [ 21.682832728947403, 47.003977460991109 ], [ 21.683043000334351, 47.003629999824796 ], [ 21.688527999667485, 47.002199000383712 ], [ 21.688238906300455, 47.000752720561763 ], [ 21.688221892026775, 47.000667601528676 ], [ 21.688211966209451, 47.000617949958553 ], [ 21.687919093891196, 46.999152765487906 ], [ 21.687812999970163, 46.998622000005469 ], [ 21.679943000369178, 46.997668000078249 ], [ 21.67692031242251, 46.99045937629927 ], [ 21.676916588330016, 46.990450496393407 ], [ 21.676910055654616, 46.990434917437483 ], [ 21.676843000404176, 46.9902749999913 ], [ 21.674219999953209, 46.984552000474537 ], [ 21.673641936426407, 46.983796041154505 ], [ 21.67351152843446, 46.983625501815538 ], [ 21.673466119865623, 46.983566120480134 ], [ 21.673081695663825, 46.98306339316116 ], [ 21.673051975768146, 46.98302452626092 ], [ 21.672720849887469, 46.982591499098532 ], [ 21.671221159329207, 46.980630289956025 ], [ 21.6711746418963, 46.980569458014259 ], [ 21.671134855889079, 46.980517427737084 ], [ 21.671119999988036, 46.980498000582259 ], [ 21.670569530359614, 46.978761889050077 ], [ 21.670569345998615, 46.97876130808794 ], [ 21.670555309380177, 46.97871703716163 ], [ 21.66886369900061, 46.973381917941254 ], [ 21.668762914676961, 46.973064059758656 ], [ 21.668752558983556, 46.973031398180524 ], [ 21.668691064241273, 46.972837450388113 ], [ 21.668681366851729, 46.972806867143333 ], [ 21.668322252270286, 46.971674265455022 ], [ 21.668020000023034, 46.970721000274068 ], [ 21.668047449130597, 46.970716071089896 ], [ 21.668071202923841, 46.97071180560539 ], [ 21.668115904625381, 46.970703778256848 ], [ 21.675933353241817, 46.969300000394696 ], [ 21.675972516918193, 46.969292966797013 ], [ 21.676380248849455, 46.969219751190622 ], [ 21.676608217095691, 46.969178814950453 ], [ 21.677319999918211, 46.969051000603258 ], [ 21.677607621994241, 46.96879365690188 ], [ 21.677616015366993, 46.968786148461959 ], [ 21.677644309837035, 46.968760832546423 ], [ 21.681588498010797, 46.965231866757279 ], [ 21.681621816993413, 46.96520205603025 ], [ 21.681640733333211, 46.965185130789337 ], [ 21.681851000223674, 46.964996999811831 ], [ 21.678751000258501, 46.959750999808932 ], [ 21.673504000209448, 46.954028000292112 ], [ 21.673500000025115, 46.954028348329643 ], [ 21.673481020732652, 46.954029999484931 ], [ 21.673423343612512, 46.954035015903344 ], [ 21.668020000023034, 46.954504999805977 ], [ 21.667664999840042, 46.954504999805977 ], [ 21.66726999961088, 46.954504999805977 ], [ 21.667263766409746, 46.954504999805977 ], [ 21.659434999825407, 46.954504999805977 ], [ 21.655517972976213, 46.951122485914084 ], [ 21.655498568304381, 46.951105728846358 ], [ 21.655497391991105, 46.951104714411201 ], [ 21.654187999776525, 46.949974000399891 ], [ 21.653271723711214, 46.948599312008696 ], [ 21.653260347287301, 46.948582242876284 ], [ 21.653231429586924, 46.948538857782182 ], [ 21.650849999627894, 46.944966000580621 ], [ 21.650225558962518, 46.944609123512294 ], [ 21.650219262808832, 46.944605525324732 ], [ 21.650200000229972, 46.944594515824406 ], [ 21.649396055783484, 46.94413505129171 ], [ 21.644173000183912, 46.941149999972652 ], [ 21.643202245887039, 46.940086784577488 ], [ 21.643144227024607, 46.940023239381162 ], [ 21.643143887980102, 46.940022867061771 ], [ 21.639658801912333, 46.9362058349314 ], [ 21.639647579272435, 46.936193542997671 ], [ 21.639560089626514, 46.936097721132967 ], [ 21.639165000364585, 46.935664999740027 ], [ 21.636260316960204, 46.932968228800803 ], [ 21.636186827060556, 46.932899999935046 ], [ 21.636150910835909, 46.932866654872328 ], [ 21.635826000169857, 46.932564999775025 ], [ 21.617463999663983, 46.931850000077532 ], [ 21.606177028646982, 46.932488514233739 ], [ 21.606161588186865, 46.932489388374677 ], [ 21.604824999574078, 46.932564999775025 ], [ 21.604556579822429, 46.932315093466912 ], [ 21.60451529194728, 46.93227665284536 ], [ 21.604485060337367, 46.932248505863924 ], [ 21.598762786573332, 46.926920901378537 ], [ 21.59876206261913, 46.926920226887148 ], [ 21.598618459774116, 46.926786529175047 ], [ 21.59790899990054, 46.926126000514671 ], [ 21.596716999789805, 46.917303000133529 ], [ 21.599092790999634, 46.910800641836204 ], [ 21.599113169637235, 46.910744865882918 ], [ 21.599116369425076, 46.910736110083462 ], [ 21.599662933297793, 46.909240209268319 ], [ 21.599670901291177, 46.909218401607916 ], [ 21.599677622824004, 46.909200000579688 ], [ 21.599925481376033, 46.908521632967108 ], [ 21.600381997930867, 46.907272178768153 ], [ 21.600396342117506, 46.907232921562127 ], [ 21.600750602158541, 46.906263339081875 ], [ 21.600757321893013, 46.906244947046787 ], [ 21.601142355835179, 46.905191139459646 ], [ 21.601248000095268, 46.904902000227253 ], [ 21.601611968317741, 46.904832023978827 ], [ 21.602135877368994, 46.904731299010336 ], [ 21.60215339886031, 46.904727930149988 ], [ 21.60431997178938, 46.904311389359293 ], [ 21.604330664728536, 46.904309333509048 ], [ 21.605091496575483, 46.904163056979485 ], [ 21.607176838240662, 46.903762132916142 ], [ 21.607448000025272, 46.903710000116575 ], [ 21.607499928678806, 46.903590054837252 ], [ 21.607532574968388, 46.903514649381691 ], [ 21.610906513824716, 46.895721558003572 ], [ 21.61436399969881, 46.88773299987821 ], [ 21.613938050200943, 46.887647799006743 ], [ 21.613924528894017, 46.887645093846061 ], [ 21.613914240649819, 46.887643035298026 ], [ 21.612919513125121, 46.887444062093891 ], [ 21.607209999841587, 46.886302000437126 ], [ 21.606961158330819, 46.886053158026982 ], [ 21.606906296088766, 46.885998295784759 ], [ 21.606902400225579, 46.885994399921742 ], [ 21.60199538617826, 46.881087385874196 ], [ 21.601961333348868, 46.881053333045031 ], [ 21.601938054397863, 46.881030054093799 ], [ 21.601248000095268, 46.880339999791204 ], [ 21.601443890423241, 46.879774054629024 ], [ 21.6014457286376, 46.879768741434361 ], [ 21.60144654881924, 46.879766373519431 ], [ 21.603394000133051, 46.874139999861256 ], [ 21.603394000133051, 46.868822702505724 ], [ 21.603394000133051, 46.867938999884984 ], [ 21.602472082620579, 46.867339850853625 ], [ 21.602410298296775, 46.867299697023498 ], [ 21.602376527854517, 46.867277749968309 ], [ 21.599333345257719, 46.865300000494756 ], [ 21.59925412307939, 46.865248514307552 ], [ 21.599217784173504, 46.865224898110739 ], [ 21.598623999598033, 46.864838999919982 ], [ 21.597724880798694, 46.864377936392714 ], [ 21.597700000155044, 46.864365176811589 ], [ 21.589996662016461, 46.86041493799911 ], [ 21.589837094406448, 46.860333112283456 ], [ 21.589821224969683, 46.860324975217509 ], [ 21.589323999702856, 46.860070000330438 ], [ 21.582050257813194, 46.858281730817339 ], [ 21.581082291414759, 46.858043677573733 ], [ 21.581081130389862, 46.85804339158932 ], [ 21.578051996102829, 46.857298428279989 ], [ 21.577995803763315, 46.857284609297437 ], [ 21.577632030693735, 46.857195144740217 ], [ 21.574776999758853, 46.856492999952025 ], [ 21.569804363080948, 46.854910495323224 ], [ 21.569799999570364, 46.854909106769924 ], [ 21.569651310159884, 46.854861788041262 ], [ 21.566997852369127, 46.85401734532428 ], [ 21.566943349855876, 46.854000000099973 ], [ 21.566926140429075, 46.853994523228778 ], [ 21.564284999752999, 46.853153999757296 ], [ 21.553554000416909, 46.851245999903028 ], [ 21.551885068241347, 46.850613031866089 ], [ 21.551868466756389, 46.850606736611667 ], [ 21.550963091373717, 46.850263358367442 ], [ 21.54677764297395, 46.848675962325956 ], [ 21.546657113135382, 46.848630248887048 ], [ 21.546637999843995, 46.848623000351267 ], [ 21.546582398359135, 46.848621458913328 ], [ 21.546221121807378, 46.848611443163691 ], [ 21.545808345578848, 46.848600000190004 ], [ 21.545799471968223, 46.848599753775716 ], [ 21.538052999646311, 46.848385000167752 ], [ 21.536870631274724, 46.842670631444662 ], [ 21.536865733566913, 46.842646963086906 ], [ 21.536859128945707, 46.842615042550278 ], [ 21.536622000205227, 46.841469000494044 ], [ 21.53559113792079, 46.84101546878901 ], [ 21.535523936080779, 46.840985903576723 ], [ 21.535496600287956, 46.840973876942996 ], [ 21.531453403052296, 46.839195060203906 ], [ 21.531446873974232, 46.839192187769356 ], [ 21.531430703264448, 46.83918507323267 ], [ 21.530659999559361, 46.838846000042849 ], [ 21.522844765973218, 46.83863429873395 ], [ 21.522811119637538, 46.838633388620167 ], [ 21.521837000077596, 46.838606999813294 ], [ 21.520798776842184, 46.837623540793857 ], [ 21.520754867443202, 46.837581947149204 ], [ 21.520669752906826, 46.837501322927778 ], [ 21.519661836824298, 46.836546572066823 ], [ 21.519267690051834, 46.836173214921985 ], [ 21.51920863966717, 46.836117279788652 ], [ 21.517305999772134, 46.834314999737614 ], [ 21.518498105103561, 46.8295455082187 ], [ 21.519564622809185, 46.825277712496586 ], [ 21.519564757707485, 46.82527717200395 ], [ 21.51958018467775, 46.825215438941541 ], [ 21.519689999993545, 46.824776000512088 ], [ 21.519452593362644, 46.820732099107204 ], [ 21.519452114023977, 46.820723943155599 ], [ 21.519451999810087, 46.820722000619867 ], [ 21.519452257016042, 46.820721080613566 ], [ 21.520883135947997, 46.815595011500704 ], [ 21.521726166729366, 46.812574298465279 ], [ 21.521730314402532, 46.812559439866334 ], [ 21.521733778591113, 46.812547022926822 ], [ 21.522313999591574, 46.810467999898435 ], [ 21.522172939129973, 46.810194713015733 ], [ 21.522014101769457, 46.809886987494565 ], [ 21.522000000399771, 46.809859666090745 ], [ 21.520332097948085, 46.806628323738323 ], [ 21.520326648056539, 46.806617764798091 ], [ 21.520313976608804, 46.80659321600416 ], [ 21.519355791236876, 46.804736857020487 ], [ 21.519242340861354, 46.804517064510947 ], [ 21.519208622580038, 46.804451739556271 ], [ 21.518497999882811, 46.803074999811486 ], [ 21.514698036885079, 46.796318823155275 ], [ 21.514696927121577, 46.796316849143409 ], [ 21.514688077792641, 46.796301114604944 ], [ 21.514205999807132, 46.795444000440398 ], [ 21.514077177319905, 46.795149587583467 ], [ 21.514018501052988, 46.795015488773913 ], [ 21.514015214030962, 46.795007975837507 ], [ 21.511908349790588, 46.790192917469312 ], [ 21.511849964903945, 46.790059482359197 ], [ 21.511842560785738, 46.79004256161511 ], [ 21.51089633909487, 46.787880050923718 ], [ 21.510866999612404, 46.78781300016999 ], [ 21.510842934653851, 46.787771741073186 ], [ 21.510588476876876, 46.787335472753966 ], [ 21.507725986964715, 46.782427733853012 ], [ 21.507714562876913, 46.782408148417346 ], [ 21.507684488648295, 46.782356585787966 ], [ 21.507529000363149, 46.782089999753794 ], [ 21.500850999973636, 46.777797000531223 ], [ 21.493697000116583, 46.774697000566221 ], [ 21.488211999883958, 46.771834999885527 ], [ 21.487715537242252, 46.771192561987277 ], [ 21.487668957756227, 46.771132287625051 ], [ 21.48732149838844, 46.770682663474133 ], [ 21.48415799999168, 46.766588999882572 ], [ 21.48380710881105, 46.764834913600509 ], [ 21.483804595206095, 46.764822346474148 ], [ 21.483609745393551, 46.763848297061429 ], [ 21.483607035736156, 46.763834755969299 ], [ 21.483594614299989, 46.763772657782056 ], [ 21.483204000064632, 46.761820000292857 ], [ 21.484635000405092, 46.757288999987395 ], [ 21.490836000381194, 46.75609599983062 ], [ 21.497396743564934, 46.754784009474633 ], [ 21.497462242088886, 46.754770909949571 ], [ 21.497556797708171, 46.754752000804217 ], [ 21.499182000349094, 46.754427000206078 ], [ 21.50514400009564, 46.750135000130172 ], [ 21.510390000098539, 46.746319000421636 ], [ 21.516113739757316, 46.744053644160431 ], [ 21.521837000077596, 46.741788000116173 ], [ 21.523111964445775, 46.740683055278851 ], [ 21.523162898449129, 46.74063891295566 ], [ 21.523245826733614, 46.740567041835561 ], [ 21.52459315505007, 46.739399382775446 ], [ 21.527954231802482, 46.736486512842475 ], [ 21.528000000100064, 46.736446848243588 ], [ 21.528015130294079, 46.736433736128106 ], [ 21.52899099993482, 46.735588000186169 ], [ 21.529556696884185, 46.732571345791087 ], [ 21.530422000275223, 46.727956999915762 ], [ 21.530313598693681, 46.727451202311215 ], [ 21.530311440320816, 46.727441128105568 ], [ 21.530287462596448, 46.727329254241795 ], [ 21.52899099993482, 46.721280000471722 ], [ 21.523666123093278, 46.716363936546543 ], [ 21.523638397893933, 46.716338340042455 ], [ 21.523618863719605, 46.716320305038209 ], [ 21.522791000004815, 46.715556000009485 ], [ 21.521452938302502, 46.714887057291946 ], [ 21.521400410700494, 46.714860797088306 ], [ 21.521365759822061, 46.714843474347049 ], [ 21.518772126732415, 46.713546827324365 ], [ 21.518635365929526, 46.713478455466316 ], [ 21.518576622213516, 46.713449087205788 ], [ 21.515159999734351, 46.71174100034699 ], [ 21.511860923143274, 46.709981246537325 ], [ 21.511852879606749, 46.709976955871866 ], [ 21.511847334387028, 46.709973998001658 ], [ 21.511583000255371, 46.709833000492722 ], [ 21.50995760336076, 46.706582889288882 ], [ 21.509844584659902, 46.706356900450771 ], [ 21.509826457025554, 46.706320651476972 ], [ 21.509197999987862, 46.705064000003631 ], [ 21.508531691384519, 46.702874244350937 ], [ 21.508525700100961, 46.702854555493445 ], [ 21.508483379804204, 46.702715475338948 ], [ 21.507846047357305, 46.700620943501917 ], [ 21.507842941098943, 46.700610735297289 ], [ 21.507828849621774, 46.700564425607865 ], [ 21.507529000363149, 46.69957899977112 ], [ 21.507483813027648, 46.699555215400949 ], [ 21.507466067605094, 46.699545874142871 ], [ 21.507393230613218, 46.699507535144733 ], [ 21.502998000057687, 46.697194000402988 ], [ 21.502702222029995, 46.697059556253691 ], [ 21.50199039963735, 46.696735999966506 ], [ 21.497751000008634, 46.694809000135308 ], [ 21.494312746136472, 46.686786728225059 ], [ 21.4942899123497, 46.686733451487726 ], [ 21.494173999630448, 46.686463000167407 ], [ 21.492776814698232, 46.68635550690118 ], [ 21.492767688378308, 46.686354805429971 ], [ 21.492733980888488, 46.686352211785163 ], [ 21.489556347847213, 46.686107739180898 ], [ 21.489547200842821, 46.68610703501173 ], [ 21.489329208776098, 46.686090264454322 ], [ 21.487973999700444, 46.685985999754166 ], [ 21.48081999984322, 46.690755000243257 ], [ 21.47438099968349, 46.693377999794848 ], [ 21.468896000350185, 46.693377999794848 ], [ 21.460072999969043, 46.690994000472813 ], [ 21.452203000368229, 46.688847000388819 ], [ 21.452160371603895, 46.688853820847328 ], [ 21.452081500161228, 46.688866441932817 ], [ 21.452078470345157, 46.688866927566778 ], [ 21.449306501693741, 46.689310478595701 ], [ 21.449262436712218, 46.689317529280743 ], [ 21.449248000794682, 46.689319838739664 ], [ 21.446240999722534, 46.689801000316038 ], [ 21.440994999719635, 46.692424999913896 ], [ 21.434318000275596, 46.694809000135308 ], [ 21.43094805800655, 46.693498858785404 ], [ 21.430300000244927, 46.693246912814857 ], [ 21.430269933210923, 46.693235223426882 ], [ 21.430257608002364, 46.693230430939764 ], [ 21.430025000153819, 46.693140000510766 ], [ 21.429951414925938, 46.6924771246197 ], [ 21.429950299766574, 46.692467067501354 ], [ 21.429938962013637, 46.692364936892488 ], [ 21.429137707439281, 46.685146916097381 ], [ 21.429133991440608, 46.68511343973347 ], [ 21.429133686570538, 46.685110699499319 ], [ 21.42907200027264, 46.684555000313082 ], [ 21.430467202199793, 46.680867202559511 ], [ 21.430477776428404, 46.680839254328248 ], [ 21.430494650407979, 46.680794651551992 ], [ 21.43178255332225, 46.677390468495503 ], [ 21.431785676667744, 46.677382210920427 ], [ 21.431797365156285, 46.677351318308752 ], [ 21.432410000421328, 46.675731999931941 ], [ 21.439802999608901, 46.667146999734314 ], [ 21.447194999649582, 46.664523000136398 ], [ 21.455065000149773, 46.666430999990723 ], [ 21.455065000149773, 46.663071112142234 ], [ 21.455065000149773, 46.662961848110967 ], [ 21.455065000149773, 46.66235499908413 ], [ 21.455065000149773, 46.661423000171396 ], [ 21.45491888190088, 46.661332173141432 ], [ 21.454782362116418, 46.661247312213732 ], [ 21.454770726687798, 46.661240079865877 ], [ 21.452591977837699, 46.659885770112282 ], [ 21.452367765160261, 46.659746399476887 ], [ 21.45222964458253, 46.659660542999745 ], [ 21.448459288165793, 46.657316888164019 ], [ 21.448384711885012, 46.657270532609061 ], [ 21.4482083206575, 46.657160887265263 ], [ 21.446240999722534, 46.655937999938772 ], [ 21.441471686269381, 46.652361101183942 ], [ 21.441155150989459, 46.652123661277983 ], [ 21.439135146869546, 46.650608408850985 ], [ 21.439100775680288, 46.650582627086749 ], [ 21.439084884659735, 46.650570707472298 ], [ 21.436702999643899, 46.648784000081719 ], [ 21.426447999775405, 46.647115000456949 ], [ 21.421111245587497, 46.646047828044857 ], [ 21.421097133426144, 46.646045005972326 ], [ 21.421049740952867, 46.64603552891657 ], [ 21.420487000075184, 46.645923000346272 ], [ 21.419720347815826, 46.645016956767279 ], [ 21.419702034921158, 46.644995314582161 ], [ 21.419694513890761, 46.644986426582477 ], [ 21.415984880597932, 46.640602314345301 ], [ 21.415956685952381, 46.640568991765633 ], [ 21.415932599410041, 46.640540526424218 ], [ 21.415240000026131, 46.63972200037017 ], [ 21.414346137764085, 46.636146138533491 ], [ 21.414333185728026, 46.636094322295264 ], [ 21.414327153975137, 46.636070189887391 ], [ 21.413999998601241, 46.634761421802352 ], [ 21.413961902419885, 46.634609019990307 ], [ 21.413956226798518, 46.634586309410736 ], [ 21.413947721010629, 46.634552279963941 ], [ 21.413825772941209, 46.634064432827358 ], [ 21.41378452913284, 46.633899436909644 ], [ 21.413093999988234, 46.631137000172544 ], [ 21.410947999950281, 46.624699000058854 ], [ 21.409609626183453, 46.622022251625651 ], [ 21.409604938017651, 46.622012875293933 ], [ 21.409549996635008, 46.621902994327741 ], [ 21.409516999609991, 46.621837000277367 ], [ 21.397115999703772, 46.622791000204586 ], [ 21.385669999770812, 46.62565299998613 ], [ 21.380185000437507, 46.62899100013459 ], [ 21.375654000132101, 46.633998999954031 ], [ 21.373517687591345, 46.634933758886007 ], [ 21.373313021678712, 46.635023312475937 ], [ 21.373292803120478, 46.635032159106913 ], [ 21.368022999861637, 46.637338000148759 ], [ 21.367608845871587, 46.637211904406058 ], [ 21.367567113731354, 46.637199197884854 ], [ 21.367405542431925, 46.637150004968817 ], [ 21.362537999628955, 46.635668000477949 ], [ 21.354907000257924, 46.630898999989029 ], [ 21.354340474133608, 46.630898999989029 ], [ 21.354182860750598, 46.630898999989029 ], [ 21.35409833257205, 46.630898999989029 ], [ 21.348904000419338, 46.630898999989029 ], [ 21.348903000373241, 46.630898999989029 ], [ 21.34884585385322, 46.630898999989029 ], [ 21.345368000133192, 46.630898999989029 ], [ 21.337736999862727, 46.62899100013459 ], [ 21.335166228438766, 46.629162767947548 ], [ 21.3351303328987, 46.629165166439407 ], [ 21.335080182204763, 46.629168517313303 ], [ 21.334405690670167, 46.629213584139677 ], [ 21.334384184282726, 46.629215021256414 ], [ 21.334377284683967, 46.629215482608629 ], [ 21.334160000383747, 46.629230000364316 ], [ 21.329390999894827, 46.63042200047505 ], [ 21.321521000294013, 46.62398300031532 ], [ 21.317585680335014, 46.619571569372454 ], [ 21.313817154937851, 46.615346293596588 ], [ 21.313802486995257, 46.615329848593717 ], [ 21.313650999793992, 46.615159999934178 ], [ 21.312701712314265, 46.613295501186599 ], [ 21.310312096726022, 46.608602051843263 ], [ 21.309329466881536, 46.60667157073658 ], [ 21.309225530433991, 46.60646737337072 ], [ 21.309222398095301, 46.606461220209155 ], [ 21.307648758083758, 46.603369634301373 ], [ 21.307592632294245, 46.603259369324462 ], [ 21.307282816748568, 46.602650704566429 ], [ 21.30697400035001, 46.602044000330409 ], [ 21.304469764368207, 46.596917030096961 ], [ 21.303908322111454, 46.595767349383664 ], [ 21.303818386309501, 46.595583184416512 ], [ 21.303800964642903, 46.595547510109611 ], [ 21.301965999631364, 46.591790000508183 ], [ 21.30721299968036, 46.586781999789537 ], [ 21.307406121895099, 46.586755357373988 ], [ 21.307472154616278, 46.586746247241592 ], [ 21.307474745563127, 46.58674589021075 ], [ 21.310298769672613, 46.586356285014631 ], [ 21.310351571567935, 46.586349000506004 ], [ 21.310364883332738, 46.586347164090341 ], [ 21.314128000207234, 46.585827999862488 ], [ 21.315265572448254, 46.585022318825054 ], [ 21.315270542101928, 46.585018798878593 ], [ 21.315298583862671, 46.584998938250578 ], [ 21.319851999770094, 46.581773999970267 ], [ 21.319736616751584, 46.581543275302067 ], [ 21.319724582023866, 46.581519210343345 ], [ 21.319661322811953, 46.581392714402341 ], [ 21.31698999998855, 46.576051000453504 ], [ 21.309596999901771, 46.568180999953313 ], [ 21.304112999715187, 46.564841999758585 ], [ 21.303852009262812, 46.563537315494841 ], [ 21.303844617735081, 46.563500367747906 ], [ 21.303813359099422, 46.563344107844443 ], [ 21.303335229137645, 46.560953958958123 ], [ 21.303158999788138, 46.56007300016887 ], [ 21.30140290531989, 46.557146788793432 ], [ 21.301376991355255, 46.557103607845363 ], [ 21.301325295625929, 46.557017468081767 ], [ 21.300297000006594, 46.555304000579326 ], [ 21.292904999965913, 46.549580000117089 ], [ 21.292421390434811, 46.548975614333131 ], [ 21.292397258926485, 46.548945456467777 ], [ 21.292332537416712, 46.548864571442891 ], [ 21.28908900025715, 46.544811000527318 ], [ 21.285322712373272, 46.544567998314506 ], [ 21.285000786557134, 46.544547225774011 ], [ 21.284685122720418, 46.54452685882751 ], [ 21.281696000170371, 46.544334000114134 ], [ 21.27811509133852, 46.543405678529382 ], [ 21.278103880389892, 46.543402771920569 ], [ 21.277993611815702, 46.543374186069912 ], [ 21.275258000056738, 46.542665000489421 ], [ 21.275258000056738, 46.541452491339442 ], [ 21.275258000056738, 46.541445803081501 ], [ 21.275258000056738, 46.541412857317482 ], [ 21.275258000056738, 46.539088000111178 ], [ 21.275318616161258, 46.537630149611857 ], [ 21.275320773634917, 46.537578257830489 ], [ 21.275324191957964, 46.537496053500206 ], [ 21.275483408832315, 46.53366681846893 ], [ 21.275485396334034, 46.533619020401545 ], [ 21.275486665277526, 46.533588508203081 ], [ 21.275496000240196, 46.533364000548318 ], [ 21.272872747079759, 46.528117531998589 ], [ 21.270250000237468, 46.522871000496366 ], [ 21.268341836706441, 46.518221018085683 ], [ 21.266433999629498, 46.513571000601189 ], [ 21.264596651414422, 46.510700384415372 ], [ 21.264462013910986, 46.510490031190045 ], [ 21.264426950243603, 46.510435247189093 ], [ 21.262617999920735, 46.507608999955494 ], [ 21.262584379665554, 46.506699563234349 ], [ 21.262579158201561, 46.506558317512429 ], [ 21.26257741981226, 46.506511299157125 ], [ 21.262379999737277, 46.501170999841861 ], [ 21.265718828161482, 46.495805050962474 ], [ 21.269057000080466, 46.490439000459503 ], [ 21.271799733570958, 46.485789035136008 ], [ 21.274542000313147, 46.481139000564553 ], [ 21.274772810417005, 46.476533431173095 ], [ 21.274772904845804, 46.476531527308282 ], [ 21.274773571243429, 46.476518238026415 ], [ 21.274780999643554, 46.476370000075633 ], [ 21.285272999649237, 46.475893000561598 ], [ 21.295289000187324, 46.475176999918631 ], [ 21.300796645348953, 46.4705042493718 ], [ 21.301003324843634, 46.470328900458469 ], [ 21.30102535193862, 46.470310212546451 ], [ 21.303158999788138, 46.468500000474819 ], [ 21.309074804059151, 46.460536087370713 ], [ 21.309109222912298, 46.460489752500223 ], [ 21.309357142618069, 46.46015599880036 ], [ 21.315558999648147, 46.451807000492863 ], [ 21.315586674485473, 46.451475595822217 ], [ 21.315670812358121, 46.450468069146268 ], [ 21.315673657813193, 46.450433983941195 ], [ 21.315674199205034, 46.450427505225321 ], [ 21.315797999877873, 46.448944999811999 ], [ 21.312203344908426, 46.443050175825022 ], [ 21.31215574289331, 46.442972113772157 ], [ 21.312061130616712, 46.442816960934067 ], [ 21.309836000131327, 46.439168000402958 ], [ 21.305953944319242, 46.434664763068497 ], [ 21.305626360868018, 46.434284761732499 ], [ 21.305261383606137, 46.43386138429554 ], [ 21.303874000384837, 46.432251999830044 ], [ 21.298984881946922, 46.425336608997441 ], [ 21.294088569831672, 46.418759095256121 ], [ 21.29408590873777, 46.418755520450986 ], [ 21.293760200373129, 46.418317975094567 ], [ 21.293157846157726, 46.417508796593836 ], [ 21.292856361032307, 46.417103793205683 ], [ 21.292837433900445, 46.417078367572685 ], [ 21.290997000111645, 46.414605999966966 ], [ 21.294573999590455, 46.408404999990864 ], [ 21.294498446646116, 46.408337018438715 ], [ 21.294479779418339, 46.408320220901487 ], [ 21.294374503880363, 46.408225496209752 ], [ 21.291213502001654, 46.405381257139368 ], [ 21.291106759669333, 46.405285211343539 ], [ 21.291068753420348, 46.405251012824124 ], [ 21.289803999954643, 46.404112999915185 ], [ 21.284633099638029, 46.403568633985401 ], [ 21.284406859888747, 46.403544817239663 ], [ 21.284178605658155, 46.403520788253957 ], [ 21.282987423930649, 46.403395386787849 ], [ 21.282797893608006, 46.403375435328144 ], [ 21.282757612973569, 46.403371194125384 ], [ 21.280742000243151, 46.403158999987909 ], [ 21.270614924439258, 46.407209452954021 ], [ 21.270473375645736, 46.407266067075398 ], [ 21.270011000007742, 46.407451000063645 ], [ 21.261143595600515, 46.408356425808506 ], [ 21.259832218582176, 46.408490326767264 ], [ 21.258326255252655, 46.408644097347349 ], [ 21.253079056453259, 46.409179314473818 ], [ 21.24664099968237, 46.409836000331325 ], [ 21.242528814553282, 46.410399563189401 ], [ 21.242525622859262, 46.41040000025987 ], [ 21.242080281279982, 46.410461032750561 ], [ 21.237937190049365, 46.411028831415535 ], [ 21.235273967419744, 46.411393599135351 ], [ 21.23444771169261, 46.411506767123797 ], [ 21.234441082789829, 46.411507675438997 ], [ 21.229233000002921, 46.412221000598834 ], [ 21.223140496037104, 46.412430661346036 ], [ 21.223110752758998, 46.412431684774504 ], [ 21.222661347143571, 46.412447150415744 ], [ 21.222317000329383, 46.412458999883086 ], [ 21.222039456056109, 46.412200000529765 ], [ 21.22180601633471, 46.411982157750572 ], [ 21.221761147359132, 46.411940287114703 ], [ 21.221656949208921, 46.411843051515746 ], [ 21.221653661287519, 46.411839983028983 ], [ 21.221607078204215, 46.411796512499222 ], [ 21.221589234755527, 46.411779861551395 ], [ 21.21873999995114, 46.409120999734455 ], [ 21.217752126159667, 46.406613073834421 ], [ 21.217618387978291, 46.406273552782238 ], [ 21.217078813636419, 46.404903732421474 ], [ 21.215990434311266, 46.402140649971159 ], [ 21.215893157343487, 46.401893692539943 ], [ 21.215885093122722, 46.401873219473487 ], [ 21.215639999986195, 46.401251000133641 ], [ 21.20610936265706, 46.402442954379012 ], [ 21.206100999861292, 46.402444000290416 ], [ 21.206085886754408, 46.402397076364025 ], [ 21.205951876977622, 46.401980994227586 ], [ 21.203835209227577, 46.395409027504797 ], [ 21.201569999556, 46.388373999860278 ], [ 21.201168818286476, 46.386475271116979 ], [ 21.201130921754668, 46.386295917522602 ], [ 21.201034324674481, 46.385838736368669 ], [ 21.200959648568983, 46.385485306401961 ], [ 21.199781223724528, 46.379908020438961 ], [ 21.197993000076963, 46.371442000547972 ], [ 21.198470065241452, 46.363930505788403 ], [ 21.198947000004239, 46.356419000236826 ], [ 21.198947000004239, 46.353989000592094 ], [ 21.198947000004239, 46.353706659334875 ], [ 21.198947000004239, 46.349731315947622 ], [ 21.198947000004239, 46.347834000039143 ], [ 21.198772302200098, 46.347617686107412 ], [ 21.19709258625403, 46.345537830306739 ], [ 21.196993783136691, 46.345415490132837 ], [ 21.19549646858718, 46.343561488272201 ], [ 21.193939000184741, 46.341633000063041 ], [ 21.191726999801347, 46.340527000320947 ], [ 21.191571138297377, 46.34044906956899 ], [ 21.190582268057312, 46.339954633999355 ], [ 21.188545999698192, 46.338936499819681 ], [ 21.187476624846454, 46.33840181329316 ], [ 21.187352636215337, 46.33833981852797 ], [ 21.186785000327518, 46.338056000584061 ], [ 21.17915400005711, 46.335910000546278 ], [ 21.177482307862306, 46.333235385304818 ], [ 21.177402240321271, 46.333107281376101 ], [ 21.177371194824957, 46.333057610920093 ], [ 21.175576999678867, 46.330187000130138 ], [ 21.175457489671487, 46.325417502316043 ], [ 21.175338000348518, 46.320648000005235 ], [ 21.175369815664567, 46.320282152199695 ], [ 21.175370357955785, 46.320275924394366 ], [ 21.175374013699923, 46.320233881988202 ], [ 21.175814999862382, 46.315162999772724 ], [ 21.177003712951034, 46.310956920925207 ], [ 21.17703664522503, 46.310840394868308 ], [ 21.177045541318819, 46.310808918596763 ], [ 21.177365154977906, 46.309678013030066 ], [ 21.178914999827555, 46.304193000206965 ], [ 21.178332100646003, 46.303548737584322 ], [ 21.178325332348265, 46.303541255224843 ], [ 21.178256650224284, 46.30346534345091 ], [ 21.174384000421469, 46.299185000387638 ], [ 21.171678951222589, 46.298693422863209 ], [ 21.171126887995456, 46.298593098992399 ], [ 21.17108525028425, 46.298585532096808 ], [ 21.167444584200268, 46.2979239287464 ], [ 21.167312906365567, 46.297900000484731 ], [ 21.166762625594743, 46.297800000369875 ], [ 21.166514999967376, 46.297755000093275 ], [ 21.154353000290882, 46.298232000506516 ], [ 21.153208339593277, 46.298281668264394 ], [ 21.153044387788441, 46.298288781901931 ], [ 21.153021840885401, 46.298289760364185 ], [ 21.151502545106439, 46.298355684267506 ], [ 21.149582139104609, 46.298439012750293 ], [ 21.14956541531177, 46.298439739402625 ], [ 21.149145196293944, 46.298457972257665 ], [ 21.148868000058201, 46.298469999790768 ], [ 21.148677415730333, 46.29864052024385 ], [ 21.148320551252425, 46.298959816442562 ], [ 21.148300943333936, 46.298977360417041 ], [ 21.147382425258854, 46.299799181587048 ], [ 21.147362787662587, 46.299816750742423 ], [ 21.147129980164493, 46.300025049916258 ], [ 21.144336999752738, 46.302524000582196 ], [ 21.136706000381707, 46.303001000096231 ], [ 21.13155892130726, 46.302343838497507 ], [ 21.131093829716633, 46.302284457162102 ], [ 21.130926527937049, 46.302263096464856 ], [ 21.125497999733057, 46.30156999975577 ], [ 21.118653175103987, 46.301349647868108 ], [ 21.118619113281454, 46.301348551594458 ], [ 21.118499954009678, 46.301344715086657 ], [ 21.118104999646107, 46.301332000471518 ], [ 21.115243269661164, 46.296920038029384 ], [ 21.112929561350199, 46.29335233124516 ], [ 21.112926023417401, 46.293346875957695 ], [ 21.11282137920341, 46.293185515998914 ], [ 21.112382000129287, 46.292508000044279 ], [ 21.111794417278645, 46.289923701917473 ], [ 21.111746273871518, 46.289711960138902 ], [ 21.111634938701457, 46.289222286479401 ], [ 21.110592744059943, 46.284638519352313 ], [ 21.11003755928607, 46.282196002943238 ], [ 21.109970921321064, 46.28190283115083 ], [ 21.109255659021528, 46.27875606014419 ], [ 21.109061775080988, 46.277903072069194 ], [ 21.108995093049202, 46.27760970692259 ], [ 21.108983524170355, 46.277558809791287 ], [ 21.108803999705003, 46.276768999989542 ], [ 21.106769801585187, 46.271843367277711 ], [ 21.10673335206269, 46.271755106912849 ], [ 21.10636784510001, 46.270870063402697 ], [ 21.106347988968707, 46.270821982948235 ], [ 21.105445819668887, 46.268637460450577 ], [ 21.105296391915033, 46.268275632614461 ], [ 21.104812637593227, 46.267104266548813 ], [ 21.104274000345015, 46.265800000469653 ], [ 21.101359245432945, 46.263640755216841 ], [ 21.101287493922769, 46.263587603485291 ], [ 21.101285331952624, 46.26358600089327 ], [ 21.097835000185285, 46.261029999934692 ], [ 21.091345516582351, 46.258924945130218 ], [ 21.091306075914758, 46.258912151374659 ], [ 21.090964346127862, 46.258801300939353 ], [ 21.090035493043672, 46.258500000174934 ], [ 21.089487991177919, 46.258322402057388 ], [ 21.089455686630799, 46.258311923156782 ], [ 21.089011999803972, 46.258168000153148 ], [ 21.087500000224907, 46.257379334288999 ], [ 21.087240098851623, 46.25724376958442 ], [ 21.08719999988017, 46.257222853152314 ], [ 21.083792888631024, 46.255445689367264 ], [ 21.083717461591675, 46.255406345826259 ], [ 21.083688970169817, 46.255391484529525 ], [ 21.083526999571461, 46.255307000417872 ], [ 21.080121203131057, 46.252753009444007 ], [ 21.08006718894967, 46.252712503979069 ], [ 21.079719129734087, 46.252451496439562 ], [ 21.079428453560467, 46.252233520560594 ], [ 21.079317368401973, 46.252150217258759 ], [ 21.079265534177239, 46.252111346761353 ], [ 21.078756999935649, 46.251730000039515 ], [ 21.070888000380933, 46.2522070004527 ], [ 21.069787743709583, 46.250923145386878 ], [ 21.069721267622526, 46.250845576162419 ], [ 21.069407288215814, 46.250479199555514 ], [ 21.065164999964963, 46.245529000063414 ], [ 21.060758505400884, 46.244769523494881 ], [ 21.060080759219773, 46.244652711453568 ], [ 21.060014970214752, 46.244641371901878 ], [ 21.058249000291255, 46.244336999952736 ], [ 21.048710000166523, 46.246006000476655 ], [ 21.042760154757445, 46.247525313342578 ], [ 21.042525645742046, 46.247585196499813 ], [ 21.040901212021311, 46.247999999800186 ], [ 21.037502000417078, 46.248868000258142 ], [ 21.030825000073833, 46.258168000153148 ], [ 21.026293999768427, 46.265323000056469 ], [ 21.025781293571981, 46.265261471140093 ], [ 21.025745682217575, 46.265257197561652 ], [ 21.025611612186253, 46.265241105992288 ], [ 21.01953122118897, 46.2645113978827 ], [ 21.019507595998789, 46.264508563219749 ], [ 21.018981861323994, 46.26444547038227 ], [ 21.014370000275392, 46.263892000615385 ], [ 21.006977276280452, 46.262222739288177 ], [ 21.000320579930928, 46.260719149269448 ], [ 21.00015624501475, 46.260682029752047 ], [ 21.000018632553974, 46.260650948282716 ], [ 20.999585000147704, 46.260553000420828 ], [ 20.998882878741881, 46.260515045433067 ], [ 20.998772728878464, 46.260509090122468 ], [ 20.998604552058396, 46.260499998875957 ], [ 20.997763456618372, 46.260454531851337 ], [ 20.997540839338399, 46.260442498022996 ], [ 20.990760999720464, 46.260076000007416 ], [ 20.990340933587333, 46.260094279627367 ], [ 20.974306999968121, 46.260791999751177 ], [ 20.966954907343279, 46.261491780221547 ], [ 20.966114008854447, 46.261571818085031 ], [ 20.965377566621385, 46.261641913044002 ], [ 20.959282999610878, 46.262222000045369 ], [ 20.956899079429093, 46.263537553515448 ], [ 20.956659016200774, 46.26367002904874 ], [ 20.956655594280221, 46.263671918524324 ], [ 20.95236799998338, 46.266037999753962 ], [ 20.949506000201893, 46.273430999840912 ], [ 20.948272061106763, 46.275193401254512 ], [ 20.948202680209647, 46.27529249485292 ], [ 20.948109531130115, 46.275425537858325 ], [ 20.946167000007108, 46.278200000329832 ], [ 20.938003012029412, 46.278000429975975 ], [ 20.937795068088064, 46.277995347007788 ], [ 20.936389999698918, 46.277961000100106 ], [ 20.934649488683078, 46.277799238144439 ], [ 20.926135999876522, 46.277008000219098 ], [ 20.92599896388117, 46.276712893085573 ], [ 20.925812317684404, 46.276310950090419 ], [ 20.925803400906318, 46.276291747766038 ], [ 20.924580323822966, 46.273657852927613 ], [ 20.924557480143676, 46.273608658212993 ], [ 20.924482015332899, 46.273446145323476 ], [ 20.923034999865479, 46.270329999829812 ], [ 20.921842999754745, 46.263892000615385 ], [ 20.916796678923674, 46.263471130488369 ], [ 20.91665396640758, 46.26345922796105 ], [ 20.91659475144661, 46.263454288884361 ], [ 20.913257999557061, 46.263175999972589 ], [ 20.903481000148076, 46.267229999864639 ], [ 20.901279937319373, 46.268034304039929 ], [ 20.900495369665691, 46.268320997116462 ], [ 20.898173524288893, 46.269169437319761 ], [ 20.897280754703161, 46.269495669089849 ], [ 20.8910800002418, 46.271761000170102 ], [ 20.890915950410886, 46.271880333910303 ], [ 20.888331014664686, 46.27376068680627 ], [ 20.88791265364614, 46.274065012890105 ], [ 20.887901153115877, 46.274073379283152 ], [ 20.884523069284342, 46.276530690439131 ], [ 20.877964999784979, 46.281300000294834 ], [ 20.870809999881658, 46.28583100060024 ], [ 20.860556000059432, 46.285116000003427 ], [ 20.84966494208345, 46.283288705309531 ], [ 20.838774608961216, 46.281460370999469 ], [ 20.836096861381122, 46.281010529212722 ], [ 20.835906095389987, 46.280978481871557 ], [ 20.835195756878818, 46.280859152627841 ], [ 20.8299124709838, 46.279971600009389 ], [ 20.827884999793071, 46.279630999770916 ], [ 20.8272696117034, 46.279512926880045 ], [ 20.827094650397896, 46.279479357886089 ], [ 20.816080513904694, 46.277366110257788 ], [ 20.804277000183447, 46.27510000036483 ], [ 20.792547223675456, 46.273719855786851 ], [ 20.791910743785877, 46.273644967441328 ], [ 20.791647696584107, 46.27361401637387 ], [ 20.788177808159503, 46.273205743050653 ], [ 20.788132172961468, 46.273200374098053 ], [ 20.788083355962158, 46.27319463012816 ], [ 20.788060999715526, 46.273192000510562 ], [ 20.788018933027445, 46.273200090811599 ], [ 20.787897849206388, 46.27322337695739 ], [ 20.787770393688788, 46.273247889778361 ], [ 20.779188345965508, 46.274898417328188 ], [ 20.778907753889882, 46.274952381147557 ], [ 20.778486342370854, 46.275033428050392 ], [ 20.77565999980925, 46.275576999878695 ], [ 20.770527048184817, 46.271117663849168 ], [ 20.769924686774971, 46.270594352847183 ], [ 20.769885300966052, 46.270560135441883 ], [ 20.768386164390108, 46.269257735456165 ], [ 20.761113999911345, 46.26293799978896 ], [ 20.755151353552264, 46.256976159222461 ], [ 20.749190000418309, 46.251014000295925 ], [ 20.749196478234978, 46.250985439626334 ], [ 20.749200125885181, 46.250969348057026 ], [ 20.749203993869344, 46.250952294212993 ], [ 20.750299649609133, 46.246121260287907 ], [ 20.750798928927509, 46.243919808052851 ], [ 20.750890411563375, 46.243516435135405 ], [ 20.754436000421265, 46.227883000200336 ], [ 20.756821709354426, 46.219695395126564 ], [ 20.759206708722729, 46.211507727999333 ], [ 20.761233472147183, 46.204547760470803 ], [ 20.761242093048338, 46.204518158386293 ], [ 20.761249798439508, 46.204491700331744 ], [ 20.761591000324529, 46.203320000617566 ], [ 20.751019063179285, 46.204354310902829 ], [ 20.740446730332394, 46.205387645423684 ], [ 20.729873999985216, 46.206420000582739 ], [ 20.728205000360504, 46.19974300023938 ], [ 20.72658048120428, 46.196263416223758 ], [ 20.726572944885561, 46.196247274292432 ], [ 20.726547363669965, 46.196192482197489 ], [ 20.726534999790488, 46.196165999861137 ], [ 20.732973999950218, 46.19330400007965 ], [ 20.731123717685534, 46.190444280978852 ], [ 20.731121208577065, 46.190440403102116 ], [ 20.731113412354205, 46.19042835308602 ], [ 20.7303510003984, 46.189250000187428 ], [ 20.725820000092995, 46.187581000562886 ], [ 20.722480999898266, 46.184718999881966 ], [ 20.720334767835425, 46.178757523540924 ], [ 20.71818899982253, 46.172796000435198 ], [ 20.715892875056113, 46.16958142504285 ], [ 20.715880375379129, 46.169563925135208 ], [ 20.715872140287217, 46.169552395826486 ], [ 20.713419000186889, 46.166118000045742 ], [ 20.712543276351255, 46.16548757349284 ], [ 20.712529190269947, 46.165477432737362 ], [ 20.70758254759653, 46.161916380037042 ], [ 20.707538401676004, 46.161884599794575 ], [ 20.707457000440399, 46.161825999970006 ], [ 20.70531750609814, 46.160970023447817 ], [ 20.705089994707635, 46.160879000365583 ], [ 20.702687999951308, 46.159918000115738 ], [ 20.697441999948524, 46.158964000188519 ], [ 20.693765989608835, 46.154370143567348 ], [ 20.693750092293044, 46.154350275744775 ], [ 20.692958607054095, 46.153361168083563 ], [ 20.692672000312712, 46.153003000488241 ], [ 20.690526000274815, 46.150378999991005 ], [ 20.690458043903789, 46.150307960743987 ], [ 20.685788896940153, 46.145426986566292 ], [ 20.685603513391413, 46.145233190759313 ], [ 20.685569200658165, 46.145197322198726 ], [ 20.68528000027186, 46.144894999804592 ], [ 20.684222277935817, 46.144848911348163 ], [ 20.682300758573206, 46.144765184465882 ], [ 20.679795000039348, 46.144656000474072 ], [ 20.678267203868529, 46.145498983591324 ], [ 20.676253530975771, 46.146610055509711 ], [ 20.67565616529987, 46.146939659737541 ], [ 20.673272582363893, 46.14825483549231 ], [ 20.672879000365583, 46.148472000182835 ], [ 20.669319437841921, 46.149977923942174 ], [ 20.666861006130603, 46.151017999781004 ], [ 20.666734800670611, 46.151071393430129 ], [ 20.666679000435636, 46.151094999734596 ], [ 20.666610580913641, 46.151085452531731 ], [ 20.666424876307133, 46.151059535868967 ], [ 20.664586554126231, 46.150802988067483 ], [ 20.658031831903656, 46.149888241748954 ], [ 20.657853317376748, 46.149863328729793 ], [ 20.656424999714034, 46.149664000293512 ], [ 20.655938229066066, 46.149321469210577 ], [ 20.655911625321437, 46.149302748023445 ], [ 20.65138705966524, 46.14611889886811 ], [ 20.651300050257191, 46.146057672123902 ], [ 20.650860172958744, 46.14574813896553 ], [ 20.649985999554303, 46.145132999988107 ], [ 20.649949665145016, 46.145019732175001 ], [ 20.649430391199758, 46.143401003753468 ], [ 20.647958767583191, 46.138813521526856 ], [ 20.645931999662082, 46.132493999898202 ], [ 20.642492286190134, 46.129054286426253 ], [ 20.64117415436391, 46.127736154599972 ], [ 20.641129817786975, 46.127691818023095 ], [ 20.639731999732078, 46.126293999968198 ], [ 20.63807663023249, 46.126625107862537 ], [ 20.638037801103735, 46.126632876206372 ], [ 20.637989914902789, 46.126642453986165 ], [ 20.634696029198494, 46.127301299115743 ], [ 20.633869740196474, 46.127466575622009 ], [ 20.633798689258185, 46.127480787608249 ], [ 20.631465974675109, 46.127947378368958 ], [ 20.630192999607345, 46.128201999822465 ], [ 20.629313647007393, 46.129081307456488 ], [ 20.627500000424789, 46.130894860509443 ], [ 20.62649674732711, 46.13189806144652 ], [ 20.626159396339233, 46.132235337790632 ], [ 20.624405550175993, 46.133988800842531 ], [ 20.623647284095, 46.134746901448466 ], [ 20.623609321912795, 46.13478485553668 ], [ 20.622800000419772, 46.135593999863374 ], [ 20.616443619177801, 46.140024646620191 ], [ 20.61627597565581, 46.140141499131005 ], [ 20.61493099996585, 46.141079000095829 ], [ 20.613985018394033, 46.141601784994407 ], [ 20.613933256114933, 46.141630389730778 ], [ 20.61300169067556, 46.142145208434727 ], [ 20.605869000254188, 46.146086999915156 ], [ 20.598335922664887, 46.148870873791964 ], [ 20.594898999789166, 46.150140999807377 ], [ 20.594027378660655, 46.150736311431729 ], [ 20.593952353618306, 46.15078755210385 ], [ 20.592004868130232, 46.152117670094526 ], [ 20.591832199196688, 46.152235600892311 ], [ 20.591699870252967, 46.15232598095929 ], [ 20.590010795961518, 46.15347960609904 ], [ 20.586921129206871, 46.155589436303444 ], [ 20.585122000380181, 46.156818000150736 ], [ 20.579875795331816, 46.159918121524242 ], [ 20.57462900032823, 46.16301800008074 ], [ 20.567296724264565, 46.16621424189384 ], [ 20.567231482946625, 46.166242681154927 ], [ 20.565329000433053, 46.167071999972961 ], [ 20.563767123553987, 46.167999451013884 ], [ 20.559812485258078, 46.170347739156853 ], [ 20.559772713639916, 46.170371355353893 ], [ 20.558859987198787, 46.17091333808014 ], [ 20.557698126967125, 46.171603257484378 ], [ 20.550318449436929, 46.175984135759279 ], [ 20.550265904747789, 46.176015327845164 ], [ 20.550260485433171, 46.17601854651889 ], [ 20.550065999846083, 46.176134000583829 ], [ 20.542077759181382, 46.177922779113032 ], [ 20.534088999607718, 46.179711000062696 ], [ 20.530678182252416, 46.180492564880012 ], [ 20.530500975339805, 46.180533171069158 ], [ 20.529243071111011, 46.18082141097949 ], [ 20.522641999628718, 46.182334000513833 ], [ 20.512388754337678, 46.186388960882027 ], [ 20.502133999984267, 46.190443000344374 ], [ 20.501364132648689, 46.189975567818294 ], [ 20.501329224564074, 46.189954373495709 ], [ 20.501212733580815, 46.189883645414 ], [ 20.501171928641668, 46.189858869991042 ], [ 20.499247561126197, 46.188690473486702 ], [ 20.49917907955097, 46.188648895130484 ], [ 20.49909855065772, 46.188600000789449 ], [ 20.495471077628167, 46.186397548508126 ], [ 20.495456999640908, 46.186389000452152 ], [ 20.495427772573692, 46.186288823170742 ], [ 20.495422350561171, 46.186270240479303 ], [ 20.494300295222615, 46.182424341010687 ], [ 20.494298009145837, 46.182416506116908 ], [ 20.494294187027208, 46.182403406592073 ], [ 20.493786999970041, 46.180664999989915 ], [ 20.494324585011611, 46.179291618313641 ], [ 20.494327184052395, 46.179284978618966 ], [ 20.495412440931432, 46.17651244159606 ], [ 20.495431870784387, 46.17646280081766 ], [ 20.495440571725169, 46.176440573174091 ], [ 20.495934000054092, 46.175179999757233 ], [ 20.494306139916546, 46.172506389058697 ], [ 20.494301808781472, 46.172499276320593 ], [ 20.494288791094959, 46.172477895838313 ], [ 20.492594999859534, 46.169696000470196 ], [ 20.484527292400628, 46.162523869381175 ], [ 20.484503286797292, 46.162502529368396 ], [ 20.484358146111674, 46.1623734991378 ], [ 20.484009999661851, 46.162064000153521 ], [ 20.482773842838753, 46.161142324558796 ], [ 20.482273889928194, 46.160769560067195 ], [ 20.481742056051189, 46.160373025594708 ], [ 20.476974330800829, 46.156818219585148 ], [ 20.472235911758105, 46.153284295833657 ], [ 20.469940000131089, 46.151572000147837 ], [ 20.465289688568419, 46.147875595882113 ], [ 20.460640000235912, 46.144179000060831 ], [ 20.442219615742772, 46.142381704951845 ], [ 20.442189468669142, 46.142378764168768 ], [ 20.442174863679043, 46.142377338743302 ], [ 20.441084999573263, 46.142271000206563 ], [ 20.426061000115226, 46.144656000474072 ], [ 20.417020902492709, 46.148303828758856 ], [ 20.414799999720287, 46.149200000479823 ], [ 20.413780566919741, 46.149611358477443 ], [ 20.412865379933407, 46.149980651585906 ], [ 20.412468000098272, 46.150140999807377 ], [ 20.403882999900588, 46.154195000598975 ], [ 20.403773316785191, 46.154235220079499 ], [ 20.403745474673997, 46.154245430082653 ], [ 20.403684034790444, 46.154267959898561 ], [ 20.397036959388345, 46.156705439204757 ], [ 20.396963813928835, 46.156732260585443 ], [ 20.396952349371531, 46.15673646401666 ], [ 20.396730000089462, 46.156818000150736 ], [ 20.393629000078363, 46.153480000002105 ], [ 20.387309705078906, 46.155268675109312 ], [ 20.386194890182139, 46.155584141095289 ], [ 20.386080385801279, 46.155616542769337 ], [ 20.386080108810006, 46.155616621010381 ], [ 20.380989999988628, 46.157057000380291 ], [ 20.3753081984147, 46.156425099838657 ], [ 20.375301381553697, 46.156424342609512 ], [ 20.375259377818054, 46.156419671530728 ], [ 20.374551999874996, 46.156340999737381 ], [ 20.369544000055726, 46.154195000598975 ], [ 20.36505643610576, 46.156642762753336 ], [ 20.365029347626432, 46.156657538614581 ], [ 20.364976948627316, 46.156686119069207 ], [ 20.364297000006729, 46.157057000380291 ], [ 20.359051000003774, 46.164925999935008 ], [ 20.359045388234222, 46.164934417589336 ], [ 20.35899382830263, 46.165011745795596 ], [ 20.358641677171761, 46.165539898747511 ], [ 20.356665999736265, 46.168503000313251 ], [ 20.35652096067389, 46.16845466445136 ], [ 20.356504346598456, 46.168449127325403 ], [ 20.356481046962813, 46.168441362578847 ], [ 20.34879612604044, 46.165880271457468 ], [ 20.343192470156396, 46.16401222308582 ], [ 20.342963277932995, 46.163935819382743 ], [ 20.342683780332266, 46.163842645122031 ], [ 20.340926999681358, 46.163257000310466 ], [ 20.333215644986126, 46.159600855994825 ], [ 20.330716448805106, 46.158415599000762 ], [ 20.330018475971997, 46.158084581038736 ], [ 20.32873905096659, 46.157477807554812 ], [ 20.325505311920779, 46.155944189173056 ], [ 20.317795999585769, 46.15228699984533 ], [ 20.316741629922376, 46.152023408553589 ], [ 20.316731415422566, 46.152020854478963 ], [ 20.316472457438067, 46.151956114083475 ], [ 20.312253985033465, 46.150901496207268 ], [ 20.312225286767614, 46.150894322315196 ], [ 20.312221759626595, 46.150893440080324 ], [ 20.312072000022908, 46.150856000404247 ], [ 20.310517577624296, 46.154029543328875 ], [ 20.310363539046136, 46.154344031751691 ], [ 20.310228849381929, 46.154619017453854 ], [ 20.309309000310179, 46.15649699973693 ], [ 20.309222366818858, 46.156458554618723 ], [ 20.309222154578833, 46.156458460189924 ], [ 20.309220936896907, 46.156457918798083 ], [ 20.308811701299135, 46.156276310603289 ], [ 20.307975010738176, 46.155905004812212 ], [ 20.304797161859597, 46.154494747334866 ], [ 20.299144000095623, 46.151986000353645 ], [ 20.297408290560213, 46.152159267336458 ], [ 20.296859999989067, 46.152214000076071 ], [ 20.296835241653241, 46.152195402995574 ], [ 20.295926697059542, 46.151512962353422 ], [ 20.293965645298385, 46.150039946586446 ], [ 20.29291074863221, 46.149247576414666 ], [ 20.292057158910779, 46.148606413754976 ], [ 20.289985357438354, 46.147050208900055 ], [ 20.287702337592862, 46.145334892391475 ], [ 20.28705076528064, 46.144845341039684 ], [ 20.283112000018775, 46.14188600043866 ], [ 20.282305359404916, 46.141005359110125 ], [ 20.281941590831821, 46.140608219393982 ], [ 20.281875830605202, 46.140536427414304 ], [ 20.281332160750651, 46.139942881159129 ], [ 20.281077961978383, 46.139665362066978 ], [ 20.280528744206322, 46.139065759777054 ], [ 20.280227615212425, 46.138737006307963 ], [ 20.280125248081845, 46.138625248456492 ], [ 20.279338719006716, 46.137766564075775 ], [ 20.279338554430808, 46.137766417486205 ], [ 20.279213731228879, 46.137655104799308 ], [ 20.274376934448014, 46.133341822267312 ], [ 20.27434796368766, 46.133315988342247 ], [ 20.274341735882558, 46.133310434129328 ], [ 20.27302699989616, 46.132138000568432 ], [ 20.270649999997545, 46.127240000425729 ], [ 20.270243008208297, 46.127221674041209 ], [ 20.270208950882477, 46.127220139797714 ], [ 20.270208039869317, 46.127220099328213 ], [ 20.269888934326957, 46.127205729960508 ], [ 20.269761666767636, 46.127200000379787 ], [ 20.268063380720548, 46.127123529227504 ], [ 20.267985000307647, 46.127120000287903 ], [ 20.267885237613712, 46.127099185479153 ], [ 20.264963662243304, 46.126489617801781 ], [ 20.264861397635457, 46.12646828138611 ], [ 20.264326468291983, 46.126308756044352 ], [ 20.263774000369892, 46.126144000245517 ], [ 20.263708979385967, 46.126231137357252 ], [ 20.263626999886299, 46.126341000336936 ], [ 20.262547999590595, 46.125681999624646 ], [ 20.261924999639064, 46.125164000018742 ], [ 20.261059000172793, 46.124250000137465 ], [ 20.260118999992017, 46.123125000418497 ], [ 20.25924700024899, 46.121979999777352 ], [ 20.254930999965779, 46.116410000121505 ], [ 20.254513999621508, 46.116252000029931 ], [ 20.253621999855568, 46.116536999682978 ], [ 20.252750000112542, 46.117147999980261 ], [ 20.251819063299251, 46.117842811696505 ], [ 20.249386999710282, 46.119657999717049 ], [ 20.249469999940629, 46.123579999817196 ], [ 20.249553000170977, 46.124019000276803 ], [ 20.250475000420977, 46.124985999904027 ], [ 20.251101999657692, 46.125564999625055 ], [ 20.251358999818024, 46.12618400029146 ], [ 20.251290767355158, 46.126712596609082 ], [ 20.251275999587733, 46.126827000265962 ], [ 20.248225000083835, 46.130011999654073 ], [ 20.246853999812288, 46.129511999979002 ], [ 20.245713000254909, 46.129070000280478 ], [ 20.244653999982177, 46.128646999659452 ], [ 20.243492000355673, 46.128144999892015 ], [ 20.242143000199292, 46.127438999710137 ], [ 20.240918000365468, 46.126921000104119 ], [ 20.239464999909899, 46.126324999599149 ], [ 20.234795000389113, 46.124568000412978 ], [ 20.233508000394011, 46.12411300011496 ], [ 20.233320999864418, 46.124427000205912 ], [ 20.233008999865604, 46.125038999650144 ], [ 20.232511000282557, 46.125886000038861 ], [ 20.231141000057278, 46.127957000215417 ], [ 20.229854000062176, 46.129400000209898 ], [ 20.229335000410003, 46.129572000047915 ], [ 20.224871999643199, 46.130937000042536 ], [ 20.213972950291463, 46.134294519076889 ], [ 20.212396999921793, 46.134780000096896 ], [ 20.211504000109585, 46.135062999657748 ], [ 20.210818999996945, 46.13528199986456 ], [ 20.210601080775405, 46.135401184317232 ], [ 20.21044599988312, 46.135486000278775 ], [ 20.210249634712966, 46.135683941960508 ], [ 20.210197000091455, 46.135737000162408 ], [ 20.210009999561919, 46.136365000344597 ], [ 20.208391000444408, 46.141918000115709 ], [ 20.208059000422622, 46.14318900027223 ], [ 20.207843927555359, 46.14399857177682 ], [ 20.207829999754779, 46.144050999554111 ], [ 20.201226919187093, 46.148177735714 ], [ 20.197264309300465, 46.150654252791639 ], [ 20.181799999970167, 46.160318999722222 ], [ 20.181239000179744, 46.159580999863351 ], [ 20.180706999928248, 46.158872999589448 ], [ 20.180460644143579, 46.15854417777166 ], [ 20.179524000232504, 46.157293999618503 ], [ 20.173822542176595, 46.154909315012958 ], [ 20.171725000308584, 46.154032000276743 ], [ 20.170332999968025, 46.153452999656338 ], [ 20.168801000365988, 46.152822000235233 ], [ 20.153388418241093, 46.147178104186253 ], [ 20.148275999937482, 46.145305999871994 ], [ 20.147543103731323, 46.145099770038428 ], [ 20.147384000171485, 46.145054999988361 ], [ 20.1445010003211, 46.144771000381411 ], [ 20.140035000315038, 46.144427999852496 ], [ 20.137690000093471, 46.144254999968382 ], [ 20.137690000093471, 46.144850999574146 ], [ 20.136782667786065, 46.145761346409188 ], [ 20.135281999664528, 46.147267000371755 ], [ 20.13502891964896, 46.147487721880907 ], [ 20.1344181360883, 46.148020412811945 ], [ 20.132043999630923, 46.150091000199552 ], [ 20.131150999818885, 46.150405000290505 ], [ 20.127373000063869, 46.151675000401099 ], [ 20.126355999929444, 46.151910000446321 ], [ 20.125131000095621, 46.152475000420964 ], [ 20.124092999892127, 46.153008999865619 ], [ 20.118198409728961, 46.156280085058029 ], [ 20.115101155394029, 46.157998845070722 ], [ 20.107216999565026, 46.16237400006014 ], [ 20.106138000168698, 46.163142000403127 ], [ 20.105506211142824, 46.164283850719244 ], [ 20.105183000195382, 46.16486799995829 ], [ 20.104974999596607, 46.165385000417473 ], [ 20.104414999852395, 46.167863999623876 ], [ 20.104149540668857, 46.169175536721639 ], [ 20.103977000338432, 46.170027999592605 ], [ 20.103854000062142, 46.170906999658428 ], [ 20.103791999901034, 46.171582000209185 ], [ 20.103807214631331, 46.171647889039036 ], [ 20.1038228457478, 46.171715577412158 ], [ 20.10390699980826, 46.172079999792231 ], [ 20.104602000382158, 46.172726999951124 ], [ 20.105160000034118, 46.173080000042148 ], [ 20.105764000008776, 46.173463999763953 ], [ 20.106261999591709, 46.173934999900439 ], [ 20.106256814100732, 46.17398092108283 ], [ 20.106200000329807, 46.174484000036614 ], [ 20.105826000169884, 46.175111000172706 ], [ 20.105266000425729, 46.175534999940453 ], [ 20.104684999713072, 46.175911000192514 ], [ 20.103647000408785, 46.176522999636916 ], [ 20.102983000365214, 46.176820999889287 ], [ 20.102151999815078, 46.177104000349516 ], [ 20.101487999771507, 46.177276000187362 ], [ 20.100703999589939, 46.177289999933578 ], [ 20.099889999823688, 46.177276000187362 ], [ 20.098354000037148, 46.177182000349205 ], [ 20.097605999717302, 46.177071999773091 ], [ 20.096569124565519, 46.17687953136533 ], [ 20.096339999791269, 46.176836999727925 ], [ 20.095096143872013, 46.176578950958003 ], [ 20.095052999796167, 46.176570000005654 ], [ 20.094658999613273, 46.176365999591212 ], [ 20.094429999844806, 46.176193999753366 ], [ 20.094161000030169, 46.17597400039989 ], [ 20.09351700000957, 46.175362000056339 ], [ 20.08504799976555, 46.167188999972495 ], [ 20.082535999936624, 46.164758000281552 ], [ 20.081727471645536, 46.163955518132752 ], [ 20.075582000309112, 46.157856000354229 ], [ 20.070642000028442, 46.15235000005265 ], [ 20.066497999583078, 46.147608999955423 ], [ 20.066194747289728, 46.14718329867037 ], [ 20.063852999916151, 46.143895999600829 ], [ 20.063650999594074, 46.143629999924656 ], [ 20.063298000402426, 46.14439099994479 ], [ 20.06312200038019, 46.144810000381312 ], [ 20.062971631935397, 46.145222951977757 ], [ 20.062921000104211, 46.145361999756574 ], [ 20.062845000196717, 46.145667000331912 ], [ 20.062713000404813, 46.146012000053872 ], [ 20.062234999945304, 46.14670200039717 ], [ 20.061633000063011, 46.147235999841655 ], [ 20.06142600040971, 46.147407999679444 ], [ 20.060864999720081, 46.147627999932354 ], [ 20.060603000228468, 46.147703999839848 ], [ 20.060097000276471, 46.147815999608781 ], [ 20.059059000072978, 46.147972999654257 ], [ 20.058664999889913, 46.148020000023052 ], [ 20.058311999799059, 46.148035999861634 ], [ 20.057276999733858, 46.147990000438142 ], [ 20.057112861769326, 46.147982260872709 ], [ 20.05687400003518, 46.147970999562119 ], [ 20.056370000175377, 46.147912999585344 ], [ 20.055862000131242, 46.147832000346568 ], [ 20.055438000363495, 46.147760999770298 ], [ 20.054491999905963, 46.14754899988651 ], [ 20.05407699965383, 46.14744000025587 ], [ 20.051169653356965, 46.146623217987212 ], [ 20.05027899987607, 46.146372999614243 ], [ 20.049945999808187, 46.146262999937676 ], [ 20.049666000385798, 46.14612199973061 ], [ 20.049386000064032, 46.145981000422921 ], [ 20.048036999907652, 46.145462999917697 ], [ 20.046916000373187, 46.145118000195737 ], [ 20.046437999913906, 46.145007999619622 ], [ 20.045919000261733, 46.144897999942884 ], [ 20.044570000105523, 46.144710000266457 ], [ 20.043774000270048, 46.144638999690187 ], [ 20.042763999559099, 46.144553000220924 ], [ 20.04127899133249, 46.144515790771209 ], [ 20.039650999893752, 46.144475000221234 ], [ 20.038965999781112, 46.144490000013548 ], [ 20.03836399989882, 46.144521999690596 ], [ 20.038031999877035, 46.144569000059391 ], [ 20.037283999557019, 46.144694000427819 ], [ 20.036661999651585, 46.144867000311933 ], [ 20.035887999931276, 46.145153000011078 ], [ 20.03550999958685, 46.1453429997797 ], [ 20.035104999795976, 46.145556999755797 ], [ 20.034805000350616, 46.145724000262589 ], [ 20.0338729996393, 46.146352000444551 ], [ 20.033319000171844, 46.14690399981987 ], [ 20.03273800035862, 46.147564999725148 ], [ 20.031991000084702, 46.148647000159087 ], [ 20.031700000154956, 46.14913400013404 ], [ 20.031453999602434, 46.149646000362736 ], [ 20.031177000318451, 46.150254999668675 ], [ 20.030724000112571, 46.151398000217625 ], [ 20.028794000143137, 46.156350000152543 ], [ 20.028305000075875, 46.157623000401202 ], [ 20.028103999799896, 46.158174999776463 ], [ 20.027775999962444, 46.159280000371837 ], [ 20.027528000217103, 46.160177000368435 ], [ 20.027487000125063, 46.160444000090706 ], [ 20.027444999986926, 46.160788999812667 ], [ 20.027382999825647, 46.161244000110685 ], [ 20.02702999973485, 46.162953999827266 ], [ 20.026717999736036, 46.164344000075687 ], [ 20.02659200022066, 46.164877000373451 ], [ 20.026074999761477, 46.166280000321876 ], [ 20.023468000048354, 46.173121000134188 ], [ 20.023251999980005, 46.173322999556888 ], [ 20.023044000280436, 46.173479999602364 ], [ 20.022110000376301, 46.174028999738596 ], [ 20.020429000198362, 46.17496999996564 ], [ 20.018664999790019, 46.175879999662413 ], [ 20.018082999930527, 46.176147000284004 ], [ 20.016982999565926, 46.176617000374392 ], [ 20.016712999705248, 46.17672700005113 ], [ 20.016526000074862, 46.176774000419925 ], [ 20.016257000260453, 46.176806000096974 ], [ 20.015987000399775, 46.176820999889287 ], [ 20.015592000170784, 46.176820999889287 ], [ 20.012416000298288, 46.176820999889287 ], [ 20.011669000024369, 46.176820999889287 ], [ 19.990267999668504, 46.176398000167637 ], [ 19.979099999965172, 46.176131000445423 ], [ 19.97536400034852, 46.17603699970789 ], [ 19.97236198241967, 46.175979338775505 ], [ 19.972254551206618, 46.175977275730816 ], [ 19.972084000176608, 46.17597400039989 ], [ 19.97000799976945, 46.175942999869562 ], [ 19.968887000234986, 46.175927000031152 ], [ 19.96475700043527, 46.175879999662413 ], [ 19.960854000311997, 46.175911000192514 ], [ 19.959235000295109, 46.175927000031152 ], [ 19.957969000369189, 46.175942999869562 ], [ 19.947216000018443, 46.176177999914955 ], [ 19.942089000107444, 46.176209000445112 ], [ 19.940076612345933, 46.176183626073509 ], [ 19.936962359925019, 46.17614435807576 ], [ 19.935902999923542, 46.176131000445423 ], [ 19.935114000410863, 46.176084000076628 ], [ 19.934836978643716, 46.176017908899496 ], [ 19.934720000227969, 46.175990000238357 ], [ 19.934262999837756, 46.175739000354724 ], [ 19.930216000268331, 46.172742999789705 ], [ 19.927839706337465, 46.170956932716308 ], [ 19.926355000283195, 46.169840999962275 ], [ 19.925855999754617, 46.169495000194217 ], [ 19.924903838041757, 46.168882685987228 ], [ 19.9248809997585, 46.168868000058126 ], [ 19.923987999946291, 46.168318999921951 ], [ 19.922764000158509, 46.167612999740243 ], [ 19.921932999608373, 46.167141999603757 ], [ 19.921279262627934, 46.166773593226878 ], [ 19.920792000050767, 46.166498999629255 ], [ 19.918882000104304, 46.165574000140168 ], [ 19.918154999853414, 46.165275999887626 ], [ 19.917469999740774, 46.165025000003766 ], [ 19.916682000274193, 46.164742000443141 ], [ 19.916415837820693, 46.164659059567953 ], [ 19.916329000183339, 46.164631999867026 ], [ 19.915976000092485, 46.164523000236329 ], [ 19.913713000054997, 46.163847999685629 ], [ 19.910572445162245, 46.16307924391208 ], [ 19.909908648365501, 46.162916757102835 ], [ 19.901923000446232, 46.160961999696553 ], [ 19.900427999852297, 46.160647999605601 ], [ 19.899182999995503, 46.160334000413968 ], [ 19.898228000022357, 46.160051999999837 ], [ 19.897294000118109, 46.159769999585876 ], [ 19.892415999998548, 46.158122000030403 ], [ 19.880022999561845, 46.153871000046706 ], [ 19.875183032670918, 46.152098905740047 ], [ 19.874098999769046, 46.151701999847546 ], [ 19.873734000024172, 46.15162800003236 ], [ 19.871429999894644, 46.151250999734032 ], [ 19.865178612702891, 46.150507049061218 ], [ 19.862337999699037, 46.150169000199242 ], [ 19.860519334899493, 46.149986380267421 ], [ 19.860167000306888, 46.149951000038755 ], [ 19.859183999941706, 46.149874000085106 ], [ 19.858806999643491, 46.149874000085106 ], [ 19.85839400038293, 46.149886999785281 ], [ 19.857936999992717, 46.149918000315608 ], [ 19.857743573807056, 46.149947827230562 ], [ 19.857723000016563, 46.149951000038755 ], [ 19.857418000340544, 46.150012000153765 ], [ 19.857272999949146, 46.150091000199552 ], [ 19.856649999997614, 46.150199999830193 ], [ 19.856339000044841, 46.150232000406618 ], [ 19.855834000139168, 46.150235999691745 ], [ 19.855384000071524, 46.150199999830193 ], [ 19.854408000029309, 46.150091000199552 ], [ 19.853266999572554, 46.149886999785281 ], [ 19.853016999734848, 46.149840000315919 ], [ 19.852789000012422, 46.149713999901337 ], [ 19.852519000151915, 46.14954200006332 ], [ 19.852020999669492, 46.149101999557786 ], [ 19.850341999583691, 46.147190000418334 ], [ 19.849813000369807, 46.146581000213075 ], [ 19.849238999980003, 46.145918000215545 ], [ 19.84882399972787, 46.145478999756108 ], [ 19.847974000100066, 46.144581999759509 ], [ 19.847242999664786, 46.143895999600829 ], [ 19.845980999923256, 46.14295300018091 ], [ 19.845176999718888, 46.142373000413784 ], [ 19.844823999628034, 46.142125999815107 ], [ 19.84437100032153, 46.141840000116019 ], [ 19.84366600018592, 46.141458999633301 ], [ 19.840012999900182, 46.139592999917113 ], [ 19.83492399994276, 46.137023000111469 ], [ 19.831069000234322, 46.135138000418578 ], [ 19.823409999571822, 46.131445000086728 ], [ 19.822095381396821, 46.130544480143669 ], [ 19.819101999657732, 46.128493999798309 ], [ 19.8186240000976, 46.128170000145417 ], [ 19.818522999936647, 46.128151000168543 ], [ 19.818300692922776, 46.128123027655704 ], [ 19.818221000398921, 46.128113000214967 ], [ 19.818020000122942, 46.128144999892015 ], [ 19.81789299966232, 46.128189000122347 ], [ 19.817767000147114, 46.128379999937238 ], [ 19.817515000217213, 46.128664999590058 ], [ 19.817188000425915, 46.1290080001192 ], [ 19.816054000291899, 46.12995999995411 ], [ 19.815045999673316, 46.130739999951118 ], [ 19.814116999999669, 46.131344999971873 ], [ 19.813610000001574, 46.131672999809098 ], [ 19.813433999979225, 46.13176899973962 ], [ 19.813207000302896, 46.131844999647114 ], [ 19.812627999682491, 46.13201600033824 ], [ 19.811619999963057, 46.132245000106707 ], [ 19.809024999903954, 46.132930000219346 ], [ 19.805573999940293, 46.13407199982305 ], [ 19.805171000241614, 46.134205999707149 ], [ 19.804716999989637, 46.134358000421514 ], [ 19.804338999645211, 46.134529000213263 ], [ 19.802877999720067, 46.135291000279551 ], [ 19.801895000254092, 46.135823999677939 ], [ 19.800787000419803, 46.136565999721199 ], [ 19.800484999982871, 46.136776000412169 ], [ 19.799421000378857, 46.137588000086225 ], [ 19.798006316438375, 46.138590736973015 ], [ 19.79756999955589, 46.138900000334786 ], [ 19.797274000295033, 46.138979000380743 ], [ 19.794027999892364, 46.139420000032999 ], [ 19.793653999732442, 46.139452999756315 ], [ 19.793214000126056, 46.139391999641134 ], [ 19.792674999551764, 46.13911000012655 ], [ 19.79196029842916, 46.139335174179109 ], [ 19.789173869578462, 46.140213065380806 ], [ 19.778684000066619, 46.143518000155723 ], [ 19.777562999632778, 46.143282000064232 ], [ 19.776939999681417, 46.143282000064232 ], [ 19.773493999948187, 46.143424000317395 ], [ 19.77156900020924, 46.143786999970132 ], [ 19.760283999606941, 46.146555999959617 ], [ 19.75984900023127, 46.14671400005119 ], [ 19.759421000278962, 46.146953000280803 ], [ 19.758777000258533, 46.147345000371502 ], [ 19.756942000173353, 46.148818999996934 ], [ 19.751158999688073, 46.153526000324746 ], [ 19.750826999666288, 46.15380799983933 ], [ 19.75061899996706, 46.153996999561912 ], [ 19.747339999841245, 46.157180999803472 ], [ 19.74690400041942, 46.15760499957122 ], [ 19.745813999616416, 46.158685999959118 ], [ 19.744058999623235, 46.160569999605855 ], [ 19.743214000226033, 46.161536000086528 ], [ 19.742087999561591, 46.162859999989166 ], [ 19.740980999773399, 46.164272000352696 ], [ 19.740699000258815, 46.164664999590116 ], [ 19.740568999659729, 46.164878000419549 ], [ 19.74024399996074, 46.16525399977246 ], [ 19.739658999962955, 46.165793000346753 ], [ 19.739119000241772, 46.166201000276089 ], [ 19.734869000304172, 46.169020999919269 ], [ 19.734587999936309, 46.169202000172277 ], [ 19.734116999799824, 46.16940100035589 ], [ 19.733811000077765, 46.169530000009559 ], [ 19.733245000056854, 46.169636000401283 ], [ 19.732891999966, 46.169589000032374 ], [ 19.732414999552589, 46.169480000401734 ], [ 19.732041000292043, 46.169323000356371 ], [ 19.73085799969698, 46.168789000012339 ], [ 19.73021399967638, 46.168490999759968 ], [ 19.729737000162515, 46.168239999876164 ], [ 19.729277999680107, 46.16807100017661 ], [ 19.728968999819585, 46.16795800036158 ], [ 19.728691999636055, 46.167875000131232 ], [ 19.728454000351974, 46.16780899978562 ], [ 19.728241999568809, 46.167784999578259 ], [ 19.727564999824892, 46.167760000223893 ], [ 19.726747999920406, 46.167784999578259 ], [ 19.726270000360273, 46.167831999946827 ], [ 19.726000999646487, 46.167910999992841 ], [ 19.721184999687978, 46.169338000148741 ], [ 19.720893999758403, 46.16946399966389 ], [ 19.720582999805686, 46.169604999870955 ], [ 19.72006400015357, 46.169855999754589 ], [ 19.718880999558451, 46.17046800009814 ], [ 19.718278999676158, 46.17078200018932 ], [ 19.717822000185322, 46.171047999865493 ], [ 19.717428000002258, 46.171298999749126 ], [ 19.717269999910684, 46.171429000348212 ], [ 19.716867000212005, 46.171847999885301 ], [ 19.716805000050897, 46.172052000299743 ], [ 19.716783999981658, 46.172412999860114 ], [ 19.716826000119966, 46.173119000041993 ], [ 19.716888000281017, 46.174012999900128 ], [ 19.716867000212005, 46.174404999990827 ], [ 19.716826000119966, 46.17462500024368 ], [ 19.716700999751481, 46.174890999919853 ], [ 19.715455999894516, 46.176209000445112 ], [ 19.714832999943155, 46.176852000419615 ], [ 19.714520999944341, 46.177071999773091 ], [ 19.708564000428453, 46.180805000150713 ], [ 19.706997599060003, 46.18195120138688 ], [ 19.701403000248433, 46.186044999876913 ], [ 19.701133000387699, 46.186343000129511 ], [ 19.700966999927232, 46.186514999967358 ], [ 19.70092356806839, 46.186558779863844 ], [ 19.700841999558747, 46.186641000382053 ], [ 19.700654999928418, 46.1868130002199 ], [ 19.700510000436338, 46.186922999896638 ], [ 19.700011999953915, 46.187236999987647 ], [ 19.69967999993213, 46.187424999664074 ], [ 19.699264827909474, 46.187625922598386 ], [ 19.698870000350382, 46.187816999754773 ], [ 19.698371999867959, 46.187989999638887 ], [ 19.698133019423437, 46.188032074420789 ], [ 19.69808800026118, 46.188040000145918 ], [ 19.697748999916598, 46.188052999846093 ], [ 19.697354999733534, 46.188006000376674 ], [ 19.69704299973472, 46.187879999962149 ], [ 19.696659000012914, 46.187693000331763 ], [ 19.69577000038521, 46.187250999733862 ], [ 19.694795000389092, 46.186759999574406 ], [ 19.687513000024978, 46.182648999751564 ], [ 19.686732381294462, 46.182001778359506 ], [ 19.686407000282884, 46.181731999732165 ], [ 19.686493999798358, 46.181518999802108 ], [ 19.686500616110663, 46.181499076221485 ], [ 19.686581000213096, 46.181257000310495 ], [ 19.686624000397273, 46.180962000196189 ], [ 19.686536999982593, 46.180617999621177 ], [ 19.686386000213815, 46.180371999967974 ], [ 19.686212000283604, 46.180225000383587 ], [ 19.685844000400436, 46.179994999669645 ], [ 19.685535087774269, 46.17982061393036 ], [ 19.68541000017143, 46.17975000006254 ], [ 19.685084999573064, 46.179602000432055 ], [ 19.684825000173646, 46.179504000409338 ], [ 19.684564999875022, 46.179438000063726 ], [ 19.683668999924521, 46.179402000202117 ], [ 19.682915000227183, 46.179535000040289 ], [ 19.682537999928854, 46.17961099994784 ], [ 19.682159999584371, 46.179706999878306 ], [ 19.681848999631654, 46.179785999924093 ], [ 19.681516999609869, 46.17987999976225 ], [ 19.669654000232015, 46.183762999862722 ], [ 19.669112000418636, 46.183974999746511 ], [ 19.668612999890115, 46.18422100029909 ], [ 19.667442999894718, 46.184892999812178 ], [ 19.666835999781597, 46.185269000064409 ], [ 19.666445999783093, 46.185514999717611 ], [ 19.666038999900024, 46.185845999693299 ], [ 19.665707999924336, 46.1861239999227 ], [ 19.664704000389463, 46.186974999596657 ], [ 19.664495999790688, 46.187179000010929 ], [ 19.664127999907294, 46.187706000031937 ], [ 19.663944000415427, 46.188011999754053 ], [ 19.663796999931776, 46.188261999591759 ], [ 19.663671999563178, 46.188495999590884 ], [ 19.663519999748303, 46.188725000258728 ], [ 19.663129999749799, 46.189053000095953 ], [ 19.662817999750985, 46.189216999564906 ], [ 19.662540999567625, 46.189312000348707 ], [ 19.66198099982347, 46.189430000394339 ], [ 19.661526000424772, 46.18944600023292 ], [ 19.661178999711069, 46.189412999610283 ], [ 19.660882000404172, 46.189316999679932 ], [ 19.648401999552732, 46.180893999758382 ], [ 19.645349854312371, 46.178827415253124 ], [ 19.631336500379291, 46.169339078435883 ], [ 19.631329000033361, 46.169333999964181 ], [ 19.630133999784391, 46.169454000102178 ], [ 19.629657000270356, 46.169511000032685 ], [ 19.627772999724243, 46.169776999708802 ], [ 19.626039999846228, 46.170023000261381 ], [ 19.625244000010753, 46.170151999914992 ], [ 19.623835999831556, 46.170364999845049 ], [ 19.621090000003676, 46.170759000027942 ], [ 19.613643000124512, 46.171823999677997 ], [ 19.607691177106233, 46.17266489007261 ], [ 19.605629439946767, 46.172956177785522 ], [ 19.603570999702015, 46.173246999649336 ], [ 19.594291999875907, 46.174526000174922 ], [ 19.587029000388213, 46.175553999917327 ], [ 19.575956999715856, 46.177145999588276 ], [ 19.570470000290356, 46.177905000415592 ], [ 19.568142999999566, 46.17821000009161 ], [ 19.5678000003698, 46.178237999584098 ], [ 19.567408000279102, 46.178144999792096 ], [ 19.567162999772677, 46.17807099997674 ], [ 19.563660000108996, 46.176887000234899 ], [ 19.56330233523471, 46.176763942402204 ], [ 19.56325600036422, 46.176748000120199 ], [ 19.560109000030479, 46.174127999807524 ], [ 19.560174175697625, 46.174041356423515 ], [ 19.560867999958248, 46.173119000041993 ], [ 19.56179899972409, 46.17192499983895 ], [ 19.563317999626122, 46.169945000261635 ], [ 19.563189517981925, 46.169812639841609 ], [ 19.563163312636846, 46.169785643992327 ], [ 19.560076428384491, 46.166605596271324 ], [ 19.559607000263043, 46.166122000230246 ], [ 19.559263999733901, 46.165899999885255 ], [ 19.536666999982174, 46.153200999726437 ], [ 19.534548000290158, 46.152071999823079 ], [ 19.534355203629787, 46.151972398107773 ], [ 19.528043240803015, 46.148711520220559 ], [ 19.526575000436083, 46.147952999631286 ], [ 19.525351999795021, 46.148438000413421 ], [ 19.520628999628798, 46.1503359998066 ], [ 19.519323999702863, 46.150869000104365 ], [ 19.518687000005116, 46.151136999872733 ], [ 19.517891000169641, 46.151456000194344 ], [ 19.516544000105625, 46.151988999592731 ], [ 19.516382766051947, 46.151879982874959 ], [ 19.505141000357071, 46.144279000175686 ], [ 19.502335999606828, 46.142380999883301 ], [ 19.501833999839391, 46.142039000299803 ], [ 19.502115000207255, 46.141830999701028 ], [ 19.502591999721062, 46.141508000094234 ], [ 19.503797999578069, 46.140692000235788 ], [ 19.504978000034839, 46.139914000330918 ], [ 19.505555999709657, 46.139514999917424 ], [ 19.508165999561243, 46.13769799976302 ], [ 19.508423999767899, 46.137439000409643 ], [ 19.508399000413647, 46.13718899967273 ], [ 19.508190999814872, 46.136679999582498 ], [ 19.50777400036992, 46.135662000301181 ], [ 19.507382000279222, 46.134754999843494 ], [ 19.50712500011872, 46.13400500033049 ], [ 19.510518000105662, 46.131802000362086 ], [ 19.514534043211711, 46.129194970971184 ], [ 19.516965045600443, 46.127616875718275 ], [ 19.517902999823718, 46.127007999619593 ], [ 19.519425500786326, 46.126018051991537 ], [ 19.524749999912729, 46.122556000259294 ], [ 19.526783000135481, 46.121222999941551 ], [ 19.526905000365502, 46.121120999734501 ], [ 19.526848999581773, 46.121071136823559 ], [ 19.526831999697208, 46.121056000334136 ], [ 19.526379000390705, 46.120750999758968 ], [ 19.525679999632302, 46.120297000406367 ], [ 19.524063999753821, 46.119306999718333 ], [ 19.522766000150909, 46.118520000297906 ], [ 19.521847000039202, 46.117974000299967 ], [ 19.521247000249048, 46.11762200025521 ], [ 19.520572999744218, 46.117242999864686 ], [ 19.519410000071503, 46.116623000051561 ], [ 19.511608000009289, 46.112652000389687 ], [ 19.510751000058633, 46.112217000114583 ], [ 19.509513999671356, 46.111597000301515 ], [ 19.508722000020441, 46.111209000395149 ], [ 19.508325999745239, 46.111051000303576 ], [ 19.507909000300288, 46.110912000188705 ], [ 19.490518999652238, 46.105206999703341 ], [ 19.485667965704238, 46.103698050624587 ], [ 19.480435176742048, 46.102070354163573 ], [ 19.478562999582834, 46.101487999971312 ], [ 19.47701509097368, 46.100579890649556 ], [ 19.470938271184309, 46.097014814382305 ], [ 19.469894418192894, 46.096402418337107 ], [ 19.469891999915887, 46.096401000106255 ], [ 19.46923500019517, 46.096102999853713 ], [ 19.468163000222432, 46.095722000270143 ], [ 19.467546999694378, 46.095637999993755 ], [ 19.466900000434862, 46.095584000201541 ], [ 19.466363999998634, 46.095511999579173 ], [ 19.465207999749509, 46.095302999833677 ], [ 19.46445529327724, 46.095160661435557 ], [ 19.464271999753066, 46.09512599976523 ], [ 19.465962000346224, 46.091011999804095 ], [ 19.466187999976285, 46.090461999621596 ], [ 19.466438999860088, 46.089930000269476 ], [ 19.466808999835621, 46.089023999857886 ], [ 19.466848999881563, 46.088198999584279 ], [ 19.466848999881563, 46.088056500207358 ], [ 19.466848999881563, 46.087374000210048 ], [ 19.466841000411875, 46.086494000098185 ], [ 19.466765999651216, 46.081216000418181 ], [ 19.465610000301297, 46.080628000282161 ], [ 19.45916399981877, 46.077391000294426 ], [ 19.456698000312656, 46.076166999607494 ], [ 19.455490000363341, 46.075574000140023 ], [ 19.450254999968365, 46.072863000127427 ], [ 19.440936000096315, 46.067806999893321 ], [ 19.439157999941926, 46.066562000036356 ], [ 19.437226999926224, 46.065171999788106 ], [ 19.436596999651897, 46.064714000250945 ], [ 19.43473099993588, 46.063353999587605 ], [ 19.423917000369329, 46.055373000263785 ], [ 19.423588999632727, 46.055078000149649 ], [ 19.4233559996797, 46.054828000312114 ], [ 19.420484000336444, 46.051610000301309 ], [ 19.419699000108949, 46.050655000328163 ], [ 19.417883000000472, 46.048400999806461 ], [ 19.417428999748665, 46.047835999831648 ], [ 19.416863999773852, 46.047122000180252 ], [ 19.416557000005639, 46.046713000204818 ], [ 19.41625100028358, 46.046324000252582 ], [ 19.415636999847834, 46.045582000209322 ], [ 19.415268999964439, 46.045462000071325 ], [ 19.414973999850361, 46.04537799979488 ], [ 19.409796000285212, 46.044422999821734 ], [ 19.402804999851014, 46.043136999872729 ], [ 19.399924000092653, 46.042609999851663 ], [ 19.399247000348907, 46.042495999990592 ], [ 19.39852000009796, 46.042381000083196 ], [ 19.397241999618643, 46.042169000199237 ], [ 19.395375999902512, 46.04180100031607 ], [ 19.394952000134765, 46.041679000085878 ], [ 19.391032000126756, 46.040064000253494 ], [ 19.388877999719909, 46.039166000210855 ], [ 19.386590000328397, 46.038209000145343 ], [ 19.384006999923201, 46.037126999711347 ], [ 19.380307000168045, 46.035576000132437 ], [ 19.378265999576399, 46.037822000285246 ], [ 19.372201999622689, 46.044566000120994 ], [ 19.370489999813742, 46.046537000182468 ], [ 19.369321999910539, 46.047780999993165 ], [ 19.369099999565492, 46.047980000177006 ], [ 19.36850199986759, 46.04847499962159 ], [ 19.366270000360203, 46.050317000029622 ], [ 19.364076999953681, 46.052103999699852 ], [ 19.363604999770928, 46.051823000231366 ], [ 19.363236999887761, 46.051637999793968 ], [ 19.3627530000511, 46.051400999656437 ], [ 19.361984999707943, 46.051034999865408 ], [ 19.360084000176641, 46.050153999707447 ], [ 19.353263000387301, 46.047002000042426 ], [ 19.348817999551102, 46.044950999888897 ], [ 19.325710999663045, 46.034370000275487 ], [ 19.307891999916023, 46.026237000237472 ], [ 19.307499999825154, 46.026061000215066 ], [ 19.3064200003829, 46.025578999571223 ], [ 19.305253999672516, 46.025058999873011 ], [ 19.303315000187297, 46.024206000106858 ], [ 19.302529999959631, 46.023862999577943 ], [ 19.30163400000913, 46.02347399962548 ], [ 19.299584999947911, 46.02255599955987 ], [ 19.29841990935148, 46.022027944634033 ], [ 19.295019999873261, 46.020487000374885 ], [ 19.294443000244371, 46.020224999983895 ], [ 19.293289000087441, 46.019699000008927 ], [ 19.286085999769114, 46.016389000252161 ], [ 19.283434999825431, 46.015164000418338 ], [ 19.28299200008081, 46.014954999773465 ], [ 19.281728805140347, 46.01435330566062 ], [ 19.281597999648056, 46.014290999729894 ], [ 19.282098000222675, 46.013707999824476 ], [ 19.289263999733976, 46.00570500038549 ], [ 19.292627000136065, 46.001986999800238 ], [ 19.294308000314061, 46.000149999622806 ], [ 19.30016100042991, 45.994095000084258 ], [ 19.300898000242569, 45.993334000064124 ], [ 19.301757000285363, 45.992518000205678 ], [ 19.302603109446068, 45.991540615207327 ], [ 19.302639999636369, 45.99149799993279 ], [ 19.298844663650414, 45.989237052148269 ], [ 19.296471202583973, 45.987823139826105 ], [ 19.296381999729647, 45.987769999785826 ], [ 19.288232999853165, 45.993983000315325 ], [ 19.286663000297381, 45.995244000010757 ], [ 19.285509000140394, 45.996171999638136 ], [ 19.284723999912728, 45.996617000374272 ], [ 19.283521000194071, 45.996579999567416 ], [ 19.271028999688554, 45.99613499973043 ], [ 19.251811000177497, 45.995448999571749 ], [ 19.250264999929868, 45.99539299968734 ], [ 19.246362999852693, 45.995244000010757 ], [ 19.242608000259111, 45.995096000380272 ], [ 19.240005999877042, 45.995002999688836 ], [ 19.237846000092816, 45.994947999850353 ], [ 19.236644000420426, 45.994947999850353 ], [ 19.234263000337307, 45.997302999633803 ], [ 19.234042000038357, 45.99767399965549 ], [ 19.232667999628518, 45.998954000227116 ], [ 19.229476999963651, 45.998954000227116 ], [ 19.223267999618486, 45.998935000250242 ], [ 19.204941463877617, 45.998737939904061 ], [ 19.204295999760632, 45.9987309998358 ], [ 19.203347935359091, 45.99856088227898 ], [ 19.203264999879991, 45.998546000297836 ], [ 19.200883999796815, 45.998100999561643 ], [ 19.199878290650645, 45.997907794609148 ], [ 19.199338000448392, 45.997804000254575 ], [ 19.199878000169747, 45.997396000325239 ], [ 19.20041799989076, 45.996913999681396 ], [ 19.204754636916959, 45.992845363322886 ], [ 19.204786999920259, 45.992815000411952 ], [ 19.204785060082486, 45.992814940157416 ], [ 19.204173000383719, 45.992796000435249 ], [ 19.203264999879991, 45.992815000411952 ], [ 19.201939999931085, 45.992852000319658 ], [ 19.188252723984135, 45.993377752081756 ], [ 19.18650200026724, 45.993444999786959 ], [ 19.165369999725783, 45.994279999622449 ], [ 19.160673348796081, 45.996027522652184 ], [ 19.1605349997904, 45.996078999846077 ], [ 19.148534000343943, 45.996152999661263 ], [ 19.147668890307216, 45.996166663061103 ], [ 19.147330999725909, 45.996171999638136 ], [ 19.14616700000704, 45.998828999858517 ], [ 19.145465000009892, 46.001429000148391 ], [ 19.145650999594011, 46.002296999706857 ], [ 19.146008999915466, 46.003791000254466 ], [ 19.145626000239758, 46.010269000414098 ], [ 19.14538559706773, 46.010916005069589 ], [ 19.141598999794155, 46.021107000187953 ], [ 19.139235842260462, 46.027407852790304 ], [ 19.139069000933773, 46.027852697943729 ], [ 19.138980000426727, 46.028090000253428 ], [ 19.13396722880475, 46.036654055240604 ], [ 19.133866000215846, 46.036827000265987 ], [ 19.123810999677858, 46.037302999733754 ], [ 19.119611000247517, 46.037480999848299 ], [ 19.114556581920795, 46.037957379729448 ], [ 19.113195470594576, 46.038085665321375 ], [ 19.103993000376704, 46.038953000280799 ], [ 19.101705000085815, 46.035951000338457 ], [ 19.101045000226748, 46.035101999857545 ], [ 19.100788142159161, 46.034772776942077 ], [ 19.100721999720577, 46.03468799965151 ], [ 19.100427999652595, 46.034372000367682 ], [ 19.097858999892992, 46.031655000078217 ], [ 19.089563000432236, 46.022945999558374 ], [ 19.089015000342158, 46.022382999675756 ], [ 19.088566000320782, 46.02193799983894 ], [ 19.073338999595251, 46.00693699964296 ], [ 19.073037278847494, 46.006642248640844 ], [ 19.072920170029931, 46.006527845883568 ], [ 19.072733000427775, 46.006345000221756 ], [ 19.071231000410421, 46.004902000227219 ], [ 19.069707000277958, 46.003520000347862 ], [ 19.06780599984711, 46.001825999570372 ], [ 19.066952000034917, 46.001092999942102 ], [ 19.065828000361989, 46.000075999807677 ], [ 19.065988999692649, 45.999329000433136 ], [ 19.066050999853928, 45.999141999903429 ], [ 19.066156422880681, 45.998839381632138 ], [ 19.066552999621365, 45.997701000001257 ], [ 19.068813999566544, 45.991684999563176 ], [ 19.070509000390132, 45.987307000018063 ], [ 19.07383299989317, 45.978540000420821 ], [ 19.078044999876965, 45.967340000140894 ], [ 19.078845999943098, 45.96520399966488 ], [ 19.079128000357002, 45.964421000428899 ], [ 19.079292999872223, 45.963716000293346 ], [ 19.078564000428287, 45.963660000408765 ], [ 19.076859000042987, 45.963557000155447 ], [ 19.074610999797812, 45.963435999971523 ], [ 19.072573000243835, 45.963351999695135 ], [ 19.070913599982703, 45.963351999695135 ], [ 19.070893000111937, 45.963351999695135 ], [ 19.068767000097125, 45.963352999741232 ], [ 19.062258000306599, 45.963883999946802 ], [ 19.059973000153946, 45.964098999969053 ], [ 19.057082999980594, 45.964752000404644 ], [ 19.05104555880564, 45.96523341738839 ], [ 19.050963000142474, 45.965240000425808 ], [ 19.04930363855209, 45.965134082771783 ], [ 19.049176999618965, 45.965125999665133 ], [ 19.045051000003753, 45.96487399973546 ], [ 19.04182699971642, 45.964771000381518 ], [ 19.037552999571346, 45.964658999713208 ], [ 19.035082999880672, 45.964612000243619 ], [ 19.032612000143786, 45.964537000382393 ], [ 19.030994451632807, 45.964477537208609 ], [ 19.030598999944004, 45.96446299966783 ], [ 19.029573000293794, 45.964397000221425 ], [ 19.028004999930829, 45.96426699962251 ], [ 19.026708000373958, 45.964154999853406 ], [ 19.02508900035707, 45.964005000130726 ], [ 19.020445000236634, 45.963464000363444 ], [ 19.018986999550577, 45.96328700029494 ], [ 19.018122000130234, 45.963174999626631 ], [ 19.017467999648545, 45.963072000272746 ], [ 19.017084999972838, 45.96297899958131 ], [ 19.016343999975675, 45.962791999950923 ], [ 19.014553000120941, 45.962259999699256 ], [ 19.012205999807179, 45.961503999909723 ], [ 19.010946000157844, 45.961073999865278 ], [ 19.009240999772373, 45.960421000329063 ], [ 19.008425999960025, 45.96010300005355 ], [ 19.006819999643426, 45.959385000217765 ], [ 19.00537499955675, 45.958730999735906 ], [ 19.004979000180867, 45.958292000175845 ], [ 19.004694999674541, 45.957882000154314 ], [ 19.002546000397729, 45.954455000398013 ], [ 18.997553000370772, 45.946375000106229 ], [ 18.997641999978441, 45.946137999968869 ], [ 19.003251999680231, 45.93434500022164 ], [ 19.004254029699894, 45.932254143014404 ], [ 19.006142437823257, 45.928313748181097 ], [ 19.008537913394093, 45.923315299161743 ], [ 19.00857399959051, 45.923239999826308 ], [ 19.007536000286223, 45.923268000218172 ], [ 19.005856000154324, 45.923313999641437 ], [ 18.994586000243771, 45.923774000169942 ], [ 18.991540000070984, 45.926926999881232 ], [ 18.99050199986749, 45.928037999853984 ], [ 18.990007999569571, 45.92860700001313 ], [ 18.989310999802854, 45.929469000194217 ], [ 18.988274999691555, 45.930820999589514 ], [ 18.987522007234929, 45.932092908960612 ], [ 18.987473999625479, 45.932173999930285 ], [ 18.984082999730731, 45.931390999794928 ], [ 18.978384000421272, 45.930074000214972 ], [ 18.97594375390122, 45.929498873873968 ], [ 18.973250000187477, 45.928864000173462 ], [ 18.971601999732627, 45.928472000082763 ], [ 18.970706999828167, 45.928259000152764 ], [ 18.969905999762261, 45.92804500017678 ], [ 18.964961000150197, 45.926513999721465 ], [ 18.963359000017988, 45.926016000138418 ], [ 18.961945999608304, 45.925517999656108 ], [ 18.946403999645042, 45.927653000085911 ], [ 18.945987600947149, 45.927751690787886 ], [ 18.942720500650694, 45.928526025955478 ], [ 18.940919000311737, 45.928952999781188 ], [ 18.939526999971122, 45.929291000079672 ], [ 18.937784999678172, 45.929717999985883 ], [ 18.928082000084316, 45.931603999724985 ], [ 18.912351000398473, 45.934096000430145 ], [ 18.908583000205397, 45.934664999690142 ], [ 18.906558000351538, 45.934950000242395 ], [ 18.906181000053209, 45.934914000380957 ], [ 18.905616000078396, 45.934558000151696 ], [ 18.903762000016457, 45.933208999995486 ], [ 18.899406550072285, 45.929772540270676 ], [ 18.893672257768515, 45.925248171565954 ], [ 18.891596000155403, 45.92360999980184 ], [ 18.890683290801292, 45.922773273268092 ], [ 18.890460862378916, 45.922646360041654 ], [ 18.888838658976908, 45.921720766100634 ], [ 18.8817370059582, 45.917668715938532 ], [ 18.881177083555713, 45.917418312305415 ], [ 18.879243324419974, 45.91655350983666 ], [ 18.878428421734384, 45.916213450090822 ], [ 18.877805187059835, 45.915953374248886 ], [ 18.875386134862367, 45.915522259944453 ], [ 18.872474551859227, 45.915643672017893 ], [ 18.869897845809078, 45.916581353746608 ], [ 18.868476413355893, 45.917447781290207 ], [ 18.867971956640588, 45.917755270289604 ], [ 18.866421439098303, 45.919188830100552 ], [ 18.864824341170447, 45.92096471415033 ], [ 18.864668855583375, 45.920631143912203 ], [ 18.864605468667548, 45.920495157425648 ], [ 18.864599999890117, 45.92048342217231 ], [ 18.864448653882391, 45.920158671585568 ], [ 18.864695122981573, 45.917699509624697 ], [ 18.864775496292282, 45.917491560287317 ], [ 18.865180041026122, 45.916445325891118 ], [ 18.867071022110053, 45.912948724004536 ], [ 18.86766882665512, 45.912655021612011 ], [ 18.868056028862668, 45.912464789818273 ], [ 18.868463628593702, 45.911291280668195 ], [ 18.868176682807814, 45.911246634724534 ], [ 18.866106855347255, 45.910924585701139 ], [ 18.856443860296054, 45.909421102701913 ], [ 18.847082728085468, 45.907899169211362 ], [ 18.844504213498737, 45.90747971911378 ], [ 18.837722108488549, 45.906376466800623 ], [ 18.828362000605978, 45.904852999066804 ], [ 18.828333212407813, 45.904907021342012 ], [ 18.828328041306236, 45.904916724127588 ], [ 18.826875500404128, 45.907642499102224 ], [ 18.825718000085772, 45.909644998817782 ], [ 18.821743000239337, 45.914733998775205 ], [ 18.821588898708853, 45.914610225081901 ], [ 18.821306000771415, 45.914382998776546 ], [ 18.82093873293627, 45.914086434741364 ], [ 18.820780007991061, 45.913958266960606 ], [ 18.817459500555685, 45.911276999434051 ], [ 18.807619000016985, 45.903327998888074 ], [ 18.807977500361403, 45.902442999444929 ], [ 18.810487500098191, 45.899493999248705 ], [ 18.81132496227724, 45.898019815262444 ], [ 18.811363701473795, 45.897951623268852 ], [ 18.811544380668806, 45.897633574430017 ], [ 18.811587902459735, 45.897556962983629 ], [ 18.812162499999431, 45.896545499075614 ], [ 18.812908000204118, 45.891368998680321 ], [ 18.812420000182897, 45.887706998878969 ], [ 18.810650872739643, 45.883009436935993 ], [ 18.810583902924861, 45.882831614887152 ], [ 18.810231488292629, 45.881895846915995 ], [ 18.810092917154407, 45.881527900991955 ], [ 18.809253500748525, 45.87929899874996 ], [ 18.804920000557672, 45.878753498774984 ], [ 18.792230499937773, 45.878013498824089 ], [ 18.791420364558178, 45.878178614351725 ], [ 18.791291899101964, 45.878204798113018 ], [ 18.789161500502928, 45.878638998890779 ], [ 18.785678999985976, 45.880095998631532 ], [ 18.782973000203867, 45.881957999062536 ], [ 18.780023499984509, 45.884837998774628 ], [ 18.778636290332656, 45.885438893390301 ], [ 18.778545134150704, 45.885478379024107 ], [ 18.777693548118748, 45.885847258444244 ], [ 18.777583871298589, 45.885894766930107 ], [ 18.776226418414637, 45.886482770663463 ], [ 18.776210207235408, 45.886489792569932 ], [ 18.77289000017339, 45.887927999177919 ], [ 18.767598833519457, 45.889223892568737 ], [ 18.76740650000994, 45.88927099905743 ], [ 18.767177189975371, 45.889399999610418 ], [ 18.760809000635049, 45.89298249934302 ], [ 18.757118000395565, 45.89652999926011 ], [ 18.757019923930386, 45.896564496354529 ], [ 18.756997559589763, 45.896572362724498 ], [ 18.756331211416352, 45.896806744935418 ], [ 18.756253678164683, 45.896834016876539 ], [ 18.749884000446286, 45.899074498789275 ], [ 18.749630225254862, 45.899111575139216 ], [ 18.749602768952741, 45.899115585216123 ], [ 18.743046000772381, 45.900073498992867 ], [ 18.741033608514215, 45.900397059776537 ], [ 18.740476754598717, 45.900486592682284 ], [ 18.73676910700874, 45.901082723588843 ], [ 18.736317680616651, 45.901155305173347 ], [ 18.735878000269565, 45.901225999080623 ], [ 18.723388500778753, 45.904643999321138 ], [ 18.723199771752036, 45.904717202337054 ], [ 18.722934744243105, 45.904819999343488 ], [ 18.720713237126176, 45.905681659581091 ], [ 18.720128893633671, 45.905908311219662 ], [ 18.719562500608902, 45.906127999407659 ], [ 18.719033658776368, 45.906435645788576 ], [ 18.718716879780288, 45.906619927667577 ], [ 18.71548236911616, 45.908501562996889 ], [ 18.715206876196476, 45.908661827581454 ], [ 18.71405400019205, 45.909332498795834 ], [ 18.710081156919898, 45.912251306053065 ], [ 18.709958798759715, 45.912341202284836 ], [ 18.709163500395277, 45.912925499012658 ], [ 18.707414345096083, 45.914612448205958 ], [ 18.707153308778231, 45.914864201721571 ], [ 18.70632350072907, 45.915664499417289 ], [ 18.705868696483265, 45.916621119968738 ], [ 18.705855759735584, 45.916648330755947 ], [ 18.705656000524129, 45.917068499411755 ], [ 18.705205474353249, 45.917493156584101 ], [ 18.705171424221817, 45.917525251589154 ], [ 18.704924500065658, 45.917757998832712 ], [ 18.693920000707521, 45.916732999228543 ], [ 18.691939779897098, 45.916543977922402 ], [ 18.691307346956592, 45.916483609131376 ], [ 18.688085057179705, 45.9161760266025 ], [ 18.68742486576491, 45.916113009307992 ], [ 18.686880000711596, 45.916060998816079 ], [ 18.685579102593636, 45.915899375356048 ], [ 18.683757265885106, 45.915673030386074 ], [ 18.676843000104384, 45.914813998867089 ], [ 18.669626000040012, 45.910579998767957 ], [ 18.66872599990495, 45.910831498674895 ], [ 18.665630500147643, 45.91323449887318 ], [ 18.663072499996019, 45.915801998563552 ], [ 18.662899468635601, 45.91644353983753 ], [ 18.662872181406215, 45.916544716265832 ], [ 18.662824500250508, 45.91672149869828 ], [ 18.65929800040243, 45.916995998766424 ], [ 18.659400000609651, 45.915239498704068 ], [ 18.659563615168736, 45.912422462326901 ], [ 18.659567880653185, 45.912349006601517 ], [ 18.659719500055019, 45.909738498632976 ], [ 18.660008000768698, 45.90477699915931 ], [ 18.660045765100051, 45.904707628154711 ], [ 18.660048988270262, 45.904701707018262 ], [ 18.662157000045681, 45.9008294987824 ], [ 18.662180482243571, 45.899393776101931 ], [ 18.662180609047937, 45.899386078804525 ], [ 18.662191203960958, 45.898738304329413 ], [ 18.662191828989876, 45.898700000404745 ], [ 18.662209577110332, 45.897614918893566 ], [ 18.662217313078656, 45.897141916866133 ], [ 18.662231500783207, 45.89627449916884 ], [ 18.661083329132452, 45.89549557925767 ], [ 18.661059893699303, 45.895479680143296 ], [ 18.66083270156804, 45.895325551632993 ], [ 18.660795035262765, 45.895300000095006 ], [ 18.660555499936436, 45.895137498896588 ], [ 18.658622500727915, 45.895206499380492 ], [ 18.657503387071813, 45.895269055322785 ], [ 18.657399458718032, 45.895274864043927 ], [ 18.655520082485793, 45.895379917449361 ], [ 18.655463076260105, 45.895383103747349 ], [ 18.655214500049283, 45.895396999172249 ], [ 18.653869500077462, 45.895042499012163 ], [ 18.65374532528665, 45.894995566991952 ], [ 18.653709235492897, 45.894981926974481 ], [ 18.652301111207464, 45.894449721677404 ], [ 18.652261586003362, 45.894434783038832 ], [ 18.65190100013109, 45.894298498876708 ], [ 18.650925013578558, 45.893871633868855 ], [ 18.650885109760168, 45.893854180725896 ], [ 18.647743024221199, 45.892479934801202 ], [ 18.647681032153912, 45.892452822040298 ], [ 18.644105500368596, 45.89088899902822 ], [ 18.641308417249718, 45.888942483009259 ], [ 18.641062000311138, 45.888770999382132 ], [ 18.641638403689456, 45.884498298757535 ], [ 18.641660500032174, 45.88433449893796 ], [ 18.644705206080516, 45.882500459328924 ], [ 18.645162500549134, 45.88222499878475 ], [ 18.647223064992488, 45.880469829719004 ], [ 18.647718162463264, 45.880048112430586 ], [ 18.649720225108354, 45.878342773899931 ], [ 18.652368500106377, 45.876086999015854 ], [ 18.651581362190086, 45.874678263191356 ], [ 18.651049000411092, 45.873725498932743 ], [ 18.65018136238001, 45.873154079597271 ], [ 18.647656830498477, 45.871491445374033 ], [ 18.647499000378673, 45.871387499033972 ], [ 18.637901500254088, 45.867923999393099 ], [ 18.637878639487667, 45.867953126635598 ], [ 18.637726683739572, 45.868146737182201 ], [ 18.636416513611266, 45.869816055166893 ], [ 18.634575253345417, 45.872162049139263 ], [ 18.633528986573538, 45.87349488937781 ], [ 18.631450799015283, 45.876142290234554 ], [ 18.631285809392637, 45.876352470790039 ], [ 18.631248500118375, 45.876399999060766 ], [ 18.6281076790263, 45.873400000109996 ], [ 18.62777560166279, 45.873082811023096 ], [ 18.627758000131735, 45.873065999096639 ], [ 18.6277515421001, 45.873014874436933 ], [ 18.626905500388602, 45.866317499053423 ], [ 18.626542792116254, 45.86472662533356 ], [ 18.626495253952839, 45.864518120215166 ], [ 18.62561050002455, 45.860637498821688 ], [ 18.625602199282071, 45.860610101874727 ], [ 18.624961011441656, 45.8584938298265 ], [ 18.624910518106105, 45.85832717735741 ], [ 18.623592500493544, 45.853976999239251 ], [ 18.623271715917042, 45.853938441705907 ], [ 18.62317530499638, 45.853926853941346 ], [ 18.618579410511472, 45.853374448971749 ], [ 18.614994000572779, 45.852943499243224 ], [ 18.614994573440924, 45.852942587330574 ], [ 18.616208751732529, 45.851010616946553 ], [ 18.61925651817387, 45.846161083067557 ], [ 18.623285129305316, 45.839749138112268 ], [ 18.623518000655224, 45.839378498718816 ], [ 18.618641160661184, 45.838162192631103 ], [ 18.616705990489152, 45.837679552569341 ], [ 18.615785367101125, 45.837449944859259 ], [ 18.612181000352962, 45.836550998729649 ], [ 18.601735138266179, 45.833945820143526 ], [ 18.600986655909537, 45.833759149665184 ], [ 18.600757500558359, 45.833701998648451 ], [ 18.603484245901257, 45.828284246121143 ], [ 18.603695000224263, 45.827865499293523 ], [ 18.603613321997386, 45.827802683447146 ], [ 18.600969202766635, 45.825769202087145 ], [ 18.600061458569485, 45.825071094355678 ], [ 18.598589197333695, 45.823938838906429 ], [ 18.595344440693452, 45.821443433367904 ], [ 18.594558500674452, 45.82083899902068 ], [ 18.592786999920179, 45.819804999001576 ], [ 18.592413161638262, 45.819665774056205 ], [ 18.58763891000774, 45.817887754116612 ], [ 18.584576895607313, 45.816747402970464 ], [ 18.583538000578301, 45.816360499337577 ], [ 18.579972809197955, 45.815468359277475 ], [ 18.5749000006345, 45.814198958115469 ], [ 18.574794338388131, 45.814172517148052 ], [ 18.573558481938562, 45.813863260980895 ], [ 18.573204881999743, 45.813774777583887 ], [ 18.572958000111669, 45.813712998656001 ], [ 18.572961855505355, 45.813686715969197 ], [ 18.573390664847352, 45.810762975031309 ], [ 18.573461499948337, 45.810279998623116 ], [ 18.574199816368605, 45.805254004268875 ], [ 18.574909793352447, 45.800420045748695 ], [ 18.574930350055638, 45.800280081560686 ], [ 18.574938000588304, 45.800227999122967 ], [ 18.567115236978793, 45.801924017079784 ], [ 18.559599327447074, 45.80355289435073 ], [ 18.559292000325627, 45.803619499040678 ], [ 18.559125469265041, 45.803221956428331 ], [ 18.557491516220523, 45.799321373682631 ], [ 18.557213000679553, 45.798656498598575 ], [ 18.556853500288867, 45.798036998808641 ], [ 18.556835173004856, 45.798005420913455 ], [ 18.554744586493655, 45.794403376214859 ], [ 18.554648917513703, 45.794238540376398 ], [ 18.554554000366863, 45.794074998662325 ], [ 18.554250905455035, 45.794046070170054 ], [ 18.553263454344972, 45.79395182391761 ], [ 18.547958500184734, 45.793445499310508 ], [ 18.540260152384292, 45.793832810336085 ], [ 18.540140225091477, 45.79383884388767 ], [ 18.539918499938892, 45.793849999078247 ], [ 18.533600596190638, 45.793299702119668 ], [ 18.532869241422475, 45.793236000441254 ], [ 18.532254999968302, 45.79318249887325 ], [ 18.526779723205834, 45.790352130946189 ], [ 18.521364223480191, 45.787552118735334 ], [ 18.521305000425457, 45.787521498618389 ], [ 18.521219436228137, 45.787451195016672 ], [ 18.518555942003161, 45.785262704710192 ], [ 18.518193341649521, 45.784964770108218 ], [ 18.518077999999832, 45.784869998651573 ], [ 18.510458000236554, 45.784488499045096 ], [ 18.507788000316054, 45.785979998578227 ], [ 18.504856000004509, 45.787730999286225 ], [ 18.504887476276053, 45.787951933934721 ], [ 18.504933877696374, 45.788277627910361 ], [ 18.505405500163874, 45.791587999087028 ], [ 18.505338118459576, 45.791629699750899 ], [ 18.505119643456851, 45.791764908323955 ], [ 18.501325499971927, 45.794112998616129 ], [ 18.499931500438549, 45.794643498798564 ], [ 18.496896500772891, 45.794959999004845 ], [ 18.496547819226521, 45.794946778071392 ], [ 18.496033943012208, 45.794927293359933 ], [ 18.490461499898345, 45.794715999443895 ], [ 18.489933063660089, 45.794193767628371 ], [ 18.48991277315605, 45.794173716344005 ], [ 18.489025279892815, 45.793296644424743 ], [ 18.488975777610221, 45.793247722204683 ], [ 18.488843499927725, 45.793116998550772 ], [ 18.486913999981255, 45.788211998984593 ], [ 18.486809591389601, 45.787794129895246 ], [ 18.48679964488781, 45.787754318706902 ], [ 18.485803500031636, 45.783767499070905 ], [ 18.485355645746608, 45.782065326153941 ], [ 18.485111000472443, 45.781135499104096 ], [ 18.484812225004248, 45.780224449898469 ], [ 18.48438050006007, 45.778907998905083 ], [ 18.48433341155777, 45.778800234043672 ], [ 18.484283820242183, 45.778686741400122 ], [ 18.484265479468434, 45.778644767342314 ], [ 18.484190650478183, 45.778473515740245 ], [ 18.482699999905037, 45.775062067060787 ], [ 18.482462913432812, 45.774519479090657 ], [ 18.481748500093317, 45.772884499020392 ], [ 18.480488647033553, 45.766496356421897 ], [ 18.480458924439915, 45.766345642637475 ], [ 18.480451500536503, 45.766307998815194 ], [ 18.463800500692685, 45.765975498770445 ], [ 18.452577500251493, 45.765982999116204 ], [ 18.446566933517204, 45.759644288653021 ], [ 18.446381119193461, 45.759448330875955 ], [ 18.446249000691012, 45.759308998911308 ], [ 18.448848500058261, 45.757747498848175 ], [ 18.448146785146093, 45.750612581705411 ], [ 18.447984500684186, 45.748962499319987 ], [ 18.448014219680658, 45.748576262084896 ], [ 18.448443475086492, 45.742997581273357 ], [ 18.448454748088182, 45.742851076316242 ], [ 18.448505500428666, 45.742191499138471 ], [ 18.448230561491243, 45.741535203586864 ], [ 18.448056769304571, 45.741120352622261 ], [ 18.446400399758716, 45.737166500333842 ], [ 18.446396000275286, 45.73715599984962 ], [ 18.445993272171961, 45.737206727908358 ], [ 18.436341500659807, 45.738422498899297 ], [ 18.434869000204174, 45.738672498737003 ], [ 18.434291221762578, 45.738856398404209 ], [ 18.434081565511974, 45.738923128099941 ], [ 18.433772500000998, 45.739021498643297 ], [ 18.432316000283208, 45.739516999010448 ], [ 18.427713000254755, 45.741032998774017 ], [ 18.427325757577762, 45.741035353199152 ], [ 18.427321453422508, 45.741035379279424 ], [ 18.418500999921378, 45.741088998658427 ], [ 18.416742500666032, 45.740936498820417 ], [ 18.414961854705894, 45.740540697295501 ], [ 18.414868728109354, 45.740519996700527 ], [ 18.414821500212213, 45.740509498914378 ], [ 18.414745222414069, 45.740472207626453 ], [ 18.414646529913512, 45.740423958998633 ], [ 18.410841000112157, 45.738563499106363 ], [ 18.410246601299718, 45.738745184642653 ], [ 18.409509016028437, 45.738970636585805 ], [ 18.408567679454961, 45.739258369278389 ], [ 18.407344200374609, 45.73963234066008 ], [ 18.407221000448942, 45.73966999887142 ], [ 18.401712115121995, 45.742617148262752 ], [ 18.400713873946245, 45.74315118817691 ], [ 18.39801600043819, 45.744594499336756 ], [ 18.398010295139045, 45.744611796896947 ], [ 18.397983317276442, 45.744693591136411 ], [ 18.397774902989511, 45.745325488080994 ], [ 18.397663900568602, 45.745662036873512 ], [ 18.396980655033246, 45.747733583837885 ], [ 18.396768436614025, 45.74837701908433 ], [ 18.396763000212331, 45.748393499160841 ], [ 18.396770066185695, 45.748459806175276 ], [ 18.396883000350329, 45.749519498925906 ], [ 18.396873808379553, 45.749562090817847 ], [ 18.395849000331168, 45.754310498630787 ], [ 18.394130898622109, 45.75738455135604 ], [ 18.394111866269725, 45.757418603285998 ], [ 18.39237885200248, 45.760519335299193 ], [ 18.39233846704667, 45.760591593127572 ], [ 18.392307500690606, 45.760646998560162 ], [ 18.382724500335598, 45.76387699912425 ], [ 18.382198885270327, 45.764085123829432 ], [ 18.38213329141837, 45.764111097149453 ], [ 18.377819926148788, 45.765819041015959 ], [ 18.376335183222182, 45.766406947622556 ], [ 18.372240000675674, 45.768028499016168 ], [ 18.367111500695273, 45.76780199936286 ], [ 18.366310113021314, 45.767666921191619 ], [ 18.366237317398316, 45.767654650841564 ], [ 18.359833815278478, 45.766575306105665 ], [ 18.359667673624415, 45.766547302116464 ], [ 18.356577465477812, 45.766026430975046 ], [ 18.35653548422539, 45.766019355109279 ], [ 18.356257500183517, 45.765972498632038 ], [ 18.35480841177889, 45.7642809071383 ], [ 18.35469601540882, 45.764149702346913 ], [ 18.353893953243528, 45.763213416366227 ], [ 18.353324237223887, 45.762548358719755 ], [ 18.35180000146886, 45.760769043756511 ], [ 18.351599714355416, 45.760535239809656 ], [ 18.35110498290868, 45.759957715876055 ], [ 18.351069769953995, 45.759916612361849 ], [ 18.350202971889701, 45.75890475634958 ], [ 18.350198458192381, 45.758899486322321 ], [ 18.349600000739542, 45.758200876769138 ], [ 18.349545743741203, 45.758137540215387 ], [ 18.349535000440028, 45.758124999169468 ], [ 18.347835604629608, 45.75612011265315 ], [ 18.347709689650571, 45.755971562637626 ], [ 18.347168000103295, 45.755332498995813 ], [ 18.345686000108913, 45.751205499334503 ], [ 18.34560758732033, 45.751120108706061 ], [ 18.345290590688364, 45.750774908435403 ], [ 18.344393500759622, 45.74979799917844 ], [ 18.341645999962964, 45.747932498586067 ], [ 18.341483120150031, 45.7478628110199 ], [ 18.340388369128107, 45.74739442341405 ], [ 18.339470000340327, 45.747001498820225 ], [ 18.339242402614957, 45.747003075331747 ], [ 18.338978758263067, 45.74700490005614 ], [ 18.338777243574953, 45.747006294904622 ], [ 18.338314500114166, 45.747009499189119 ], [ 18.338309334408223, 45.747062578075656 ], [ 18.33820350039133, 45.748149998723591 ], [ 18.337611447910149, 45.749332809561679 ], [ 18.336601500259121, 45.751350498826582 ], [ 18.334417500267591, 45.753211999234452 ], [ 18.331836499954591, 45.754226499253718 ], [ 18.329580729566999, 45.754482380657407 ], [ 18.328543840026384, 45.754600000289884 ], [ 18.327096079920295, 45.754764225488657 ], [ 18.32148250001751, 45.755400998557377 ], [ 18.321155736747926, 45.755428974667552 ], [ 18.321056275326953, 45.755437490347958 ], [ 18.312920106977401, 45.756134062936724 ], [ 18.312477000213505, 45.756171999038656 ], [ 18.309303500456281, 45.756625999290407 ], [ 18.307316000533092, 45.757251499357267 ], [ 18.307309492139439, 45.757254068720329 ], [ 18.303615000731668, 45.758712999305544 ], [ 18.302789930311178, 45.759008056077107 ], [ 18.299146500610675, 45.760310999253363 ], [ 18.298226131730701, 45.760446510897793 ], [ 18.294952937628125, 45.760928444092428 ], [ 18.294922000050292, 45.760932999158626 ], [ 18.294889574994045, 45.760932589967183 ], [ 18.293569076152039, 45.76091593722083 ], [ 18.292503500036673, 45.760902498651433 ], [ 18.292187451290033, 45.760818454308264 ], [ 18.290584258656622, 45.760392128893784 ], [ 18.290010750196018, 45.760239620062464 ], [ 18.289591000624171, 45.76012799890816 ], [ 18.289359066367865, 45.760021931067456 ], [ 18.288671162344315, 45.759707338323039 ], [ 18.286855500381137, 45.758876998774667 ], [ 18.285009630190416, 45.75803310914074 ], [ 18.284307103190258, 45.757711928862477 ], [ 18.28319188359859, 45.757202076214924 ], [ 18.283125000118844, 45.757171499265382 ], [ 18.282439088093554, 45.757013491979194 ], [ 18.28025004830107, 45.756509225020864 ], [ 18.277766000300744, 45.755936998993434 ], [ 18.276891000419482, 45.755735498694492 ], [ 18.275724388169976, 45.755664769713405 ], [ 18.275505500378529, 45.755651499317423 ], [ 18.267992860781931, 45.758334497139401 ], [ 18.260479499929147, 45.761016999435071 ], [ 18.253920500530796, 45.761574999087088 ], [ 18.249855000108255, 45.761920498832126 ], [ 18.24914339265348, 45.761910848207151 ], [ 18.249019645939995, 45.761909170072329 ], [ 18.248749000366161, 45.761905499039642 ], [ 18.247391500717299, 45.761570998902528 ], [ 18.243806499970162, 45.762612999290525 ], [ 18.240920642074059, 45.764020004819542 ], [ 18.240432499959923, 45.764257998707762 ], [ 18.240420937376541, 45.764270115273632 ], [ 18.23644450041354, 45.768436498945334 ], [ 18.235351500371564, 45.770663999144347 ], [ 18.235279661627203, 45.771086329770469 ], [ 18.235064860355124, 45.772349119116654 ], [ 18.23482833595898, 45.773739615790703 ], [ 18.234724000212566, 45.774352999291466 ], [ 18.233303000333365, 45.776351998845826 ], [ 18.233210750575836, 45.776424564242348 ], [ 18.230165500437579, 45.778819999343682 ], [ 18.227800500193041, 45.779594499086954 ], [ 18.224556389266127, 45.78010923415394 ], [ 18.224123000576014, 45.780177999015507 ], [ 18.219150590527363, 45.78050000037473 ], [ 18.216314302363173, 45.780683670715007 ], [ 18.214502500290166, 45.780800998967038 ], [ 18.214328863686262, 45.780810126186509 ], [ 18.20723668142773, 45.781182911362407 ], [ 18.205245354889371, 45.781287579857974 ], [ 18.204942500096422, 45.781303498757609 ], [ 18.204541524771628, 45.781435229652232 ], [ 18.203652762565071, 45.781727211641567 ], [ 18.202411500290566, 45.782134999330879 ], [ 18.200667999928385, 45.783328998634374 ], [ 18.197448500747839, 45.785533998695144 ], [ 18.191078450709995, 45.787444519349208 ], [ 18.191013500772499, 45.787463998664578 ], [ 18.190896454008225, 45.787452811997696 ], [ 18.188061065166096, 45.787181814789051 ], [ 18.187780500070119, 45.787154998804226 ], [ 18.185489500540143, 45.786472498806916 ], [ 18.183874762410426, 45.785554371936769 ], [ 18.182745000781324, 45.78491199878988 ], [ 18.17826450010665, 45.781215999219114 ], [ 18.177290336479928, 45.780439524564599 ], [ 18.17715416743107, 45.780330989883453 ], [ 18.175574332889312, 45.77907175735578 ], [ 18.174810791384971, 45.778463162744799 ], [ 18.172681552911456, 45.776766018836895 ], [ 18.172674000404925, 45.776759998774935 ], [ 18.172426885592415, 45.776641507699537 ], [ 18.171714663900616, 45.776300000045012 ], [ 18.171300184356085, 45.776101257966729 ], [ 18.171003500711151, 45.775958998708859 ], [ 18.170593291147554, 45.775946231933119 ], [ 18.16903217239684, 45.775897646059661 ], [ 18.168304500352463, 45.775874999331791 ], [ 18.165369000778924, 45.776740998798232 ], [ 18.163150000072505, 45.777769998586734 ], [ 18.160272500475514, 45.779494998995006 ], [ 18.157951500461479, 45.781669499447958 ], [ 18.155802000262156, 45.784351499022591 ], [ 18.153887000085035, 45.785758999178654 ], [ 18.150287500467925, 45.787166499334546 ], [ 18.144255000168243, 45.788251499007572 ], [ 18.142188500199268, 45.788480498776039 ], [ 18.140315223169068, 45.788365531244381 ], [ 18.138612000743365, 45.788260999445697 ], [ 18.136171500614296, 45.787605498894777 ], [ 18.133981617257859, 45.787491876748788 ], [ 18.133598500670303, 45.787471999033698 ], [ 18.130859500265899, 45.787727499124969 ], [ 18.12939601101715, 45.788141156689164 ], [ 18.12878069847045, 45.788315075680202 ], [ 18.126054999938333, 45.789085498796794 ], [ 18.124708849733736, 45.78925464058932 ], [ 18.123996428392616, 45.789344156407878 ], [ 18.123838500246677, 45.789363999049385 ], [ 18.121883500023614, 45.788802999259076 ], [ 18.119722500193348, 45.787399499287574 ], [ 18.119340885473605, 45.786785154411461 ], [ 18.118871531096374, 45.786029560216207 ], [ 18.117551499901765, 45.78390449909341 ], [ 18.115595000508904, 45.780752499428388 ], [ 18.114450783177176, 45.778908596954352 ], [ 18.113794500216045, 45.777850998724716 ], [ 18.113495956773079, 45.777506517911604 ], [ 18.111313799492279, 45.77498858615445 ], [ 18.109430500417375, 45.772815499435865 ], [ 18.10809725548404, 45.771743458094306 ], [ 18.106712500081983, 45.77062999937516 ], [ 18.099763869407013, 45.76725056296317 ], [ 18.099041000641819, 45.766898999089506 ], [ 18.095605772088845, 45.76599533331796 ], [ 18.095068500011337, 45.765853998563216 ], [ 18.094919858264973, 45.765830788859944 ], [ 18.08527000051015, 45.764323999053374 ], [ 18.081962499969507, 45.764255498592433 ], [ 18.077455500770725, 45.765163499096388 ], [ 18.068493000251749, 45.768428998599518 ], [ 18.067344831298954, 45.768837917635949 ], [ 18.066109670924618, 45.769277819216029 ], [ 18.062313000344773, 45.77062999937516 ], [ 18.058884716356658, 45.771644443636148 ], [ 18.058626000289792, 45.771720999324714 ], [ 18.05575950030078, 45.772567498791148 ], [ 18.049752974220553, 45.773673060563397 ] ] ] ] } },
{ "type": "Feature", "properties": { "fid": 93, "iso3_code": "HUN", "map_code": "HUN", "gaul0_code": 308, "gaul0_name": "Hungary", "gaul1_code": 3502, "gaul1_name": "Hajdu Bihar", "gaul2_code": 136005, "gaul2_name": "Berettyoujfalui Jaras", "continent": "Europe", "disp_en": "Berettyoujfalui Jaras, Hajdu Bihar, Hungary", "pop_class_median": 1.0, "pol_class_max": 4.0, "bivariate": 41, "sum_sum": 97774.558676875662 }, "geometry": { "type": "MultiPolygon", "coordinates": [ [ [ [ 16.30423500004531, 46.998126999661281 ], [ 16.309415999748694, 46.99888899972774 ], [ 16.3109739996504, 46.999154000256965 ], [ 16.316522000090288, 47.000289000437022 ], [ 16.317331999672149, 47.000468999744612 ], [ 16.319577999824958, 47.00124899974162 ], [ 16.320149000076299, 47.001573000293888 ], [ 16.321190999565147, 47.002017000084606 ], [ 16.322403999744893, 47.002431000290471 ], [ 16.32284700038889, 47.002445000036857 ], [ 16.324059999669316, 47.002316000383246 ], [ 16.325364999595195, 47.001857999946935 ], [ 16.325640484420887, 47.001731045351619 ], [ 16.32574830144307, 47.001681358707856 ], [ 16.329224638906112, 47.000079320804105 ], [ 16.329276561264408, 47.000055393441812 ], [ 16.329885000292677, 46.999775000116188 ], [ 16.338065999846037, 46.996891000219648 ], [ 16.339764999954809, 46.996505999552426 ], [ 16.341644485904396, 46.996266046041285 ], [ 16.34171430117425, 46.996257132860535 ], [ 16.341778000154761, 46.996249000291243 ], [ 16.341894722263703, 46.996263148425669 ], [ 16.341895467801749, 46.996263238357812 ], [ 16.342668999874604, 46.996356999875616 ], [ 16.34325027757825, 46.996665726342258 ], [ 16.343288588697533, 46.996686073503554 ], [ 16.343364627275832, 46.996726458459364 ], [ 16.343430802989246, 46.996761604864275 ], [ 16.343600999686544, 46.996852000219803 ], [ 16.343987469845842, 46.998002951675005 ], [ 16.343996999961746, 46.998031333379458 ], [ 16.344031490760756, 46.998134051245529 ], [ 16.344033462074719, 46.998139922919165 ], [ 16.345383000025436, 47.00215900033777 ], [ 16.34536806588352, 47.002172656542996 ], [ 16.345366028019953, 47.002174520837457 ], [ 16.345346530717904, 47.002192348098561 ], [ 16.345263560165336, 47.002268220302199 ], [ 16.34500899986557, 47.002500999921267 ], [ 16.344632999613282, 47.002781000243033 ], [ 16.344184999638003, 47.003258999803109 ], [ 16.343948000400019, 47.003743999685867 ], [ 16.344006000376737, 47.004050000307359 ], [ 16.344035940606261, 47.004088752993539 ], [ 16.344091985456771, 47.004161290511263 ], [ 16.348250667334582, 47.009543857063534 ], [ 16.348283999806824, 47.009587000240003 ], [ 16.348299999645235, 47.009595109426755 ], [ 16.348362493534239, 47.009626783549322 ], [ 16.348773811062586, 47.00983525269487 ], [ 16.349422231251026, 47.01016389554735 ], [ 16.349539858977437, 47.010223513404526 ], [ 16.349863153561785, 47.010387369881357 ], [ 16.349865042137992, 47.010388326759994 ], [ 16.350112999615305, 47.010513999821285 ], [ 16.350354738280657, 47.010302206781489 ], [ 16.350588168109539, 47.010097692854288 ], [ 16.350857774067208, 47.009861484120279 ], [ 16.351001000096119, 47.009735999916643 ], [ 16.351124031848713, 47.009648130756659 ], [ 16.352663000297412, 47.008549000036396 ], [ 16.353535000040381, 47.007977999784998 ], [ 16.359554999763475, 47.005395000279179 ], [ 16.36020099987627, 47.005419999633432 ], [ 16.360960999850306, 47.005746000277838 ], [ 16.361194999849431, 47.006039000299779 ], [ 16.361221000149101, 47.006314000390944 ], [ 16.361328999733701, 47.00645599974473 ], [ 16.361599999640305, 47.006683000320379 ], [ 16.362487000074964, 47.006975000296052 ], [ 16.362748868265783, 47.007021410709683 ], [ 16.362774114933643, 47.007025884836878 ], [ 16.363531898078634, 47.007160187792522 ], [ 16.363566280959219, 47.007166281598643 ], [ 16.364191000414394, 47.007276999833778 ], [ 16.364671000066664, 47.007258999903001 ], [ 16.364673856313459, 47.007257814596585 ], [ 16.364699999605477, 47.007246964276078 ], [ 16.366882364629419, 47.006341182399751 ], [ 16.366900235057926, 47.006333765690897 ], [ 16.367367581249027, 47.006139795415322 ], [ 16.367395999825703, 47.006127999907449 ], [ 16.367430484329475, 47.006074401212743 ], [ 16.367587753272232, 47.00582995468875 ], [ 16.367600000239918, 47.00581091873903 ], [ 16.368160904701995, 47.004939095263069 ], [ 16.36819151582597, 47.00489151573089 ], [ 16.369908999700726, 47.002221999645542 ], [ 16.370204999860903, 47.001721999970471 ], [ 16.370199999630302, 47.001594691941648 ], [ 16.370192000160785, 47.001390999994783 ], [ 16.370199999630302, 47.001386873005913 ], [ 16.374545288134584, 46.99914528762497 ], [ 16.374548494217663, 46.999143633771723 ], [ 16.374604000374461, 46.99911500025712 ], [ 16.379849236852863, 46.998776180676373 ], [ 16.379883000100506, 46.998773999820344 ], [ 16.379930707336371, 46.998772432301962 ], [ 16.383108999580713, 46.998668000327996 ], [ 16.388353000390623, 47.000915999673737 ], [ 16.389310999603026, 47.00138799985632 ], [ 16.38979799957815, 47.001732000431559 ], [ 16.389857629126368, 47.001782205084794 ], [ 16.389977454795769, 47.001883091031857 ], [ 16.390456000244399, 47.002285999899016 ], [ 16.391295000264222, 47.002749999712876 ], [ 16.39153121259551, 47.002838727725191 ], [ 16.391649096628555, 47.002883007644812 ], [ 16.391894000008278, 47.002975000196216 ], [ 16.39291899961222, 47.003214000425942 ], [ 16.393974502421429, 47.003370034599584 ], [ 16.39501600008839, 47.003524000332391 ], [ 16.395082945621425, 47.003530242526722 ], [ 16.395363199552094, 47.003556373228207 ], [ 16.395468868993078, 47.003566226200519 ], [ 16.399603488610239, 47.003951743977893 ], [ 16.399629768598913, 47.003954194630523 ], [ 16.399653582646749, 47.003956415955884 ], [ 16.399766173270336, 47.003966913742147 ], [ 16.399809999931733, 47.003971000261572 ], [ 16.405420999679393, 47.004384000421283 ], [ 16.412248031221793, 47.004617663174656 ], [ 16.412274241063415, 47.004618560698134 ], [ 16.412812999720302, 47.004637000397281 ], [ 16.412962783605678, 47.004575556017244 ], [ 16.413130598898192, 47.004506714713216 ], [ 16.413497999832884, 47.004356000029418 ], [ 16.416800000119963, 47.001656999670956 ], [ 16.417155000303183, 47.001335000110259 ], [ 16.417526000324813, 47.000822999881734 ], [ 16.417716000093435, 47.00050100032098 ], [ 16.418378110661422, 46.998682833745818 ], [ 16.418477253722472, 46.998410584680755 ], [ 16.418657000320366, 46.997916999869688 ], [ 16.418854999558675, 46.997152999711261 ], [ 16.419824000177641, 46.996220999899379 ], [ 16.420084999623157, 46.996016000338216 ], [ 16.42217899996092, 46.994761000020162 ], [ 16.422987000349792, 46.994469000044489 ], [ 16.426799999920092, 46.993179999957192 ], [ 16.427705000285584, 46.993015000441972 ], [ 16.429617000324413, 46.992798000327582 ], [ 16.432940999827451, 46.992540000120982 ], [ 16.444993999873304, 46.993081999934532 ], [ 16.445602000032352, 46.993126000164807 ], [ 16.445619696891583, 46.993178237285974 ], [ 16.446600000189846, 46.992700000304922 ], [ 16.450099999715292, 46.989299999995183 ], [ 16.451300000194863, 46.987800000070024 ], [ 16.453700000254912, 46.984100000314925 ], [ 16.463700000055042, 46.98429999964543 ], [ 16.466100000115034, 46.979200000080027 ], [ 16.469400000309747, 46.971500000224864 ], [ 16.471399999910204, 46.963899999585351 ], [ 16.470200000329783, 46.955100000264849 ], [ 16.470200000329783, 46.954699999805257 ], [ 16.471000000349761, 46.950200000030122 ], [ 16.473400000409811, 46.944900000235009 ], [ 16.476699999705318, 46.945299999795225 ], [ 16.478000000299744, 46.941600000040125 ], [ 16.476400000259957, 46.94080000002009 ], [ 16.475299999895185, 46.940699999905235 ], [ 16.474700000105088, 46.940699999905235 ], [ 16.465799999770297, 46.941299999695389 ], [ 16.461899999785317, 46.941999999600341 ], [ 16.461299999994992, 46.943099999965114 ], [ 16.462400000359764, 46.943899999985092 ], [ 16.461199999880137, 46.944599999890272 ], [ 16.460600000090039, 46.944599999890272 ], [ 16.460100000414798, 46.944599999890272 ], [ 16.459000000050025, 46.944599999890272 ], [ 16.456800000219914, 46.94340000030985 ], [ 16.455699999855142, 46.942600000289815 ], [ 16.454099999815298, 46.941399999810244 ], [ 16.453099999565381, 46.940200000229993 ], [ 16.44529999959542, 46.929400000409828 ], [ 16.443699999555406, 46.927099999565485 ], [ 16.443199999880107, 46.925899999985063 ], [ 16.441800000069975, 46.920199999730357 ], [ 16.440400000259899, 46.914400000259946 ], [ 16.438200000429731, 46.902600000189921 ], [ 16.437100000065016, 46.891899999585405 ], [ 16.437499999625402, 46.884199999730299 ], [ 16.43699999995016, 46.881999999900131 ], [ 16.432700000404736, 46.880000000299901 ], [ 16.415500000424686, 46.877299999895115 ], [ 16.404400000259841, 46.87740000000997 ], [ 16.400999999950102, 46.880700000204854 ], [ 16.393099999865228, 46.883200000379759 ], [ 16.386899999935224, 46.884199999730299 ], [ 16.374099999615282, 46.88349999982529 ], [ 16.362599999890165, 46.881400000110034 ], [ 16.360999999850151, 46.880199999630406 ], [ 16.35880000002004, 46.879399999610428 ], [ 16.357699999655267, 46.879300000394778 ], [ 16.352100000414794, 46.879200000279923 ], [ 16.350400000259924, 46.879900000185046 ], [ 16.348700000105055, 46.880700000204854 ], [ 16.33790000028489, 46.886900000135029 ], [ 16.333200000279874, 46.890200000329912 ], [ 16.330900000334907, 46.89240000015991 ], [ 16.330299999645433, 46.892799999720296 ], [ 16.328699999605419, 46.892799999720296 ], [ 16.32259999979027, 46.892199999930199 ], [ 16.303199999980109, 46.889899999985175 ], [ 16.298900000434685, 46.887499999925183 ], [ 16.298100000414877, 46.886300000344932 ], [ 16.297900000184995, 46.885899999885169 ], [ 16.29739999961032, 46.884000000399737 ], [ 16.297499999725176, 46.883200000379759 ], [ 16.297599999840259, 46.881299999995178 ], [ 16.29710000016496, 46.87980000007002 ], [ 16.295099999665354, 46.876000000199895 ], [ 16.292899999835242, 46.873999999700231 ], [ 16.291497752619307, 46.872796653742625 ], [ 16.291491488841189, 46.872800000120037 ], [ 16.291235000395034, 46.872937000142542 ], [ 16.290603000028511, 46.873024999703944 ], [ 16.28302100021898, 46.873257999657142 ], [ 16.280499061082878, 46.87248738318624 ], [ 16.280199999630327, 46.872396000375261 ], [ 16.279534837662709, 46.872334838382073 ], [ 16.276186999830315, 46.872027000445769 ], [ 16.275942744861879, 46.872019084613157 ], [ 16.267175999772689, 46.871734999570606 ], [ 16.265936778959258, 46.871799999870291 ], [ 16.265708000423956, 46.871812000423574 ], [ 16.264578999621278, 46.871941000077186 ], [ 16.26364606181636, 46.872063485041963 ], [ 16.262606256673394, 46.872200000329883 ], [ 16.262597771569972, 46.872201113690494 ], [ 16.260321219648745, 46.8724999997753 ], [ 16.259133000287818, 46.872655999774679 ], [ 16.258373064165767, 46.87275673373631 ], [ 16.248842999704834, 46.874019999723203 ], [ 16.247669871867117, 46.874300000045025 ], [ 16.247208999895577, 46.874409999721763 ], [ 16.245861999831561, 46.874821999835603 ], [ 16.244514999767546, 46.87571000031636 ], [ 16.242422000375086, 46.876597999897967 ], [ 16.240703000243286, 46.876922999596786 ], [ 16.23270600018185, 46.876749999712843 ], [ 16.232017999930804, 46.876402999898573 ], [ 16.231307186577567, 46.875900000085039 ], [ 16.230599662944257, 46.875399326817558 ], [ 16.229087256871537, 46.874329085918646 ], [ 16.228405999737276, 46.873846999839316 ], [ 16.227988061399969, 46.873592040240624 ], [ 16.225207916112481, 46.87189604206884 ], [ 16.225139000164859, 46.871853999662505 ], [ 16.223018000380534, 46.87072799989744 ], [ 16.221843000154365, 46.870165000014822 ], [ 16.220699999605415, 46.869819441813888 ], [ 16.220556686342093, 46.869776114276419 ], [ 16.220553000020971, 46.869775000016261 ], [ 16.215966999877253, 46.868497000436321 ], [ 16.215829906325268, 46.86851993764509 ], [ 16.215448992177414, 46.868583669900488 ], [ 16.214419000436635, 46.868755999789698 ], [ 16.213359000117805, 46.868950999788922 ], [ 16.209746999924107, 46.869406000086997 ], [ 16.205877586781355, 46.869325862398682 ], [ 16.204628826858993, 46.869299999695272 ], [ 16.203476127121746, 46.869276127191654 ], [ 16.203470000040511, 46.869276000387288 ], [ 16.201434999725564, 46.868670000320435 ], [ 16.200002000192342, 46.86821500002236 ], [ 16.19879800042736, 46.867695000324147 ], [ 16.196895999950414, 46.867218999957004 ], [ 16.196383999721888, 46.867167000257041 ], [ 16.193071999872984, 46.867012000303703 ], [ 16.189964000438238, 46.866909000050384 ], [ 16.187915000377075, 46.866650999843955 ], [ 16.184567999813453, 46.865722000170308 ], [ 16.183407000233046, 46.865127999757533 ], [ 16.182109999776856, 46.864148000430021 ], [ 16.17876300011244, 46.85970899987052 ], [ 16.177874999631626, 46.858340999737436 ], [ 16.177226000279745, 46.857695999670739 ], [ 16.176407000282893, 46.857385999764119 ], [ 16.175951175306523, 46.857299788954208 ], [ 16.175450000217381, 46.857205000410488 ], [ 16.175277285418474, 46.857215114186261 ], [ 16.17506312716165, 46.857227655232293 ], [ 16.174561999736568, 46.857257000110451 ], [ 16.172582000159309, 46.858083000430156 ], [ 16.172135422911595, 46.858661307673344 ], [ 16.172103999699857, 46.858702000197184 ], [ 16.170943000119451, 46.859167000057141 ], [ 16.168484000036585, 46.859734000124092 ], [ 16.167663999993636, 46.85988900007743 ], [ 16.165308000164259, 46.86014700028403 ], [ 16.162030000084542, 46.859320999964154 ], [ 16.161516999809749, 46.858779000150776 ], [ 16.15953700023249, 46.856817999651014 ], [ 16.155678000339492, 46.854211999983931 ], [ 16.15463484072535, 46.854266063628017 ], [ 16.147788157197851, 46.854620906429716 ], [ 16.146963590397377, 46.854663641314119 ], [ 16.145537548918867, 46.854737547599882 ], [ 16.144649239970533, 46.854783585694065 ], [ 16.142400810748882, 46.854900115348073 ], [ 16.140241999868408, 46.855012000003967 ], [ 16.139488616206847, 46.855066829870452 ], [ 16.139183999642, 46.855088999957559 ], [ 16.138602999828549, 46.855347000163988 ], [ 16.1374420002482, 46.856043999930705 ], [ 16.136622000205193, 46.856379000090953 ], [ 16.136502417352801, 46.856400805952603 ], [ 16.135248232719846, 46.856629501750206 ], [ 16.134665524194645, 46.856735756649982 ], [ 16.131807000293009, 46.857257000110451 ], [ 16.131499999625248, 46.857230999810952 ], [ 16.130441000252063, 46.856920999904332 ], [ 16.129279999772336, 46.85684399995074 ], [ 16.12780684640893, 46.856799999720238 ], [ 16.127539000424633, 46.856792000250721 ], [ 16.126274999691589, 46.85684399995074 ], [ 16.125728999693649, 46.858315000337086 ], [ 16.125387000110152, 46.859372999664345 ], [ 16.124533000297788, 46.861489000117444 ], [ 16.124088999607693, 46.862082999630843 ], [ 16.123011493985359, 46.86285768013795 ], [ 16.122245971274708, 46.863408058934908 ], [ 16.121825999570376, 46.863710000016624 ], [ 16.12153383591783, 46.863899999785247 ], [ 16.121357000425235, 46.864014999692643 ], [ 16.120686000059038, 46.86396400003872 ], [ 16.120115999853624, 46.863736000316351 ], [ 16.119511999878966, 46.863558000201579 ], [ 16.118422460428292, 46.863299999995149 ], [ 16.118337999699008, 46.863279999972178 ], [ 16.11706300025736, 46.863381000133131 ], [ 16.116493000051946, 46.863786999970046 ], [ 16.114732999828163, 46.867967000277019 ], [ 16.113794999739525, 46.869085999719289 ], [ 16.114768999689716, 46.869790999854899 ], [ 16.115040072441502, 46.86996597375088 ], [ 16.115144559274029, 46.870033419307049 ], [ 16.115556000009576, 46.870298999899035 ], [ 16.115696301443336, 46.870367371756913 ], [ 16.115823970999486, 46.870429587755325 ], [ 16.118592999767202, 46.871778999801052 ], [ 16.118616797627226, 46.87178492093733 ], [ 16.118624569568397, 46.871786854479922 ], [ 16.11900885707314, 46.871882468601143 ], [ 16.119079318056151, 46.871899999985146 ], [ 16.120691000289469, 46.872300999591459 ], [ 16.120710695442369, 46.872305347813722 ], [ 16.120750477852255, 46.87231412969345 ], [ 16.121442999894668, 46.872467000052154 ], [ 16.121902000377077, 46.872528000167165 ], [ 16.12242600025985, 46.872425999960114 ], [ 16.122875217017679, 46.872284861257413 ], [ 16.123334752596861, 46.872140479599523 ], [ 16.123906000161867, 46.871961000100157 ], [ 16.124162053336249, 46.872062053321258 ], [ 16.12419292706204, 46.872074238235655 ], [ 16.133114000310911, 46.875595000409021 ], [ 16.133943999915743, 46.876344999921798 ], [ 16.136534999790513, 46.879863000277396 ], [ 16.1376615850142, 46.881967987632663 ], [ 16.137682999670744, 46.882008000269025 ], [ 16.137700000454799, 46.882174039400468 ], [ 16.137701301773689, 46.882186751317704 ], [ 16.1377423423354, 46.882587588146805 ], [ 16.137785999924006, 46.88301399989632 ], [ 16.137805377616189, 46.88313679242907 ], [ 16.137817424934383, 46.883213132280275 ], [ 16.137880999808431, 46.883615999778613 ], [ 16.138751000358411, 46.885251999680179 ], [ 16.139512000378602, 46.885626999886199 ], [ 16.139674938647488, 46.88562438555698 ], [ 16.140047922573558, 46.885618399669454 ], [ 16.14050899959085, 46.885611000047732 ], [ 16.141268999564716, 46.885460000278783 ], [ 16.14230699976838, 46.885104000049694 ], [ 16.142354474079809, 46.885118158076637 ], [ 16.143045576092561, 46.885324262904589 ], [ 16.143208999995409, 46.885372999864103 ], [ 16.144175351211572, 46.885765028733204 ], [ 16.1444653546925, 46.885882677144025 ], [ 16.144513674366635, 46.885902279666652 ], [ 16.144603960904192, 46.885938907254911 ], [ 16.14518100010315, 46.886172999884138 ], [ 16.14521734890161, 46.8862138120179 ], [ 16.14523278576462, 46.886231144651674 ], [ 16.147076341100387, 46.888301072836271 ], [ 16.147116298878075, 46.888345937315194 ], [ 16.147445000186735, 46.888715000197294 ], [ 16.147847562814775, 46.889239593632453 ], [ 16.14791137510997, 46.889322750344718 ], [ 16.148593000066967, 46.890210999937892 ], [ 16.149400999556519, 46.89308500027272 ], [ 16.14942435225214, 46.893103195356161 ], [ 16.149427245371101, 46.893105449057202 ], [ 16.153427800352802, 46.896222552329107 ], [ 16.153429370569086, 46.896223776306272 ], [ 16.153557999702059, 46.896324000352422 ], [ 16.153764534405866, 46.896477258318896 ], [ 16.1537749728368, 46.896485004179738 ], [ 16.159000000649542, 46.900362252216325 ], [ 16.159000068098692, 46.900362302578344 ], [ 16.159314999887442, 46.90059600040513 ], [ 16.160509476731079, 46.901923765769254 ], [ 16.160578058131023, 46.902000000399767 ], [ 16.162569491688828, 46.904213653737202 ], [ 16.162600000289956, 46.904247567171581 ], [ 16.162904588076401, 46.90458614303617 ], [ 16.162944409157262, 46.904630407667241 ], [ 16.163043000034577, 46.904739999951119 ], [ 16.163374428087423, 46.904779811139406 ], [ 16.16337600010246, 46.904779999997061 ], [ 16.163564153562902, 46.904753550935652 ], [ 16.16386710188533, 46.90471096623827 ], [ 16.16393799993881, 46.904700999951274 ], [ 16.163940874172113, 46.904699999905176 ], [ 16.164871999842887, 46.904376000252284 ], [ 16.165901999677658, 46.904004000184557 ], [ 16.166570999951659, 46.903419000186773 ], [ 16.167498999579209, 46.903110000326421 ], [ 16.170375000006345, 46.903307000417897 ], [ 16.170817999750966, 46.903346999564462 ], [ 16.17114733867885, 46.903467559080752 ], [ 16.171213043147588, 46.903491611448885 ], [ 16.177742999839722, 46.905881999554822 ], [ 16.179157000295504, 46.906473999875232 ], [ 16.179349000156265, 46.906620000312898 ], [ 16.180289000337268, 46.909558000001766 ], [ 16.180521000244028, 46.911048000365042 ], [ 16.18059800019762, 46.912341999783621 ], [ 16.180935402446892, 46.912983781176592 ], [ 16.1810217499538, 46.913148024361874 ], [ 16.181522219974624, 46.914099977432045 ], [ 16.181549798584399, 46.914152434887114 ], [ 16.18182400007754, 46.914674000305013 ], [ 16.182157486678761, 46.915257486743712 ], [ 16.182327304761372, 46.915554610157244 ], [ 16.182619291247363, 46.916065486233265 ], [ 16.18282484658954, 46.916425136810687 ], [ 16.183776057718944, 46.918089427585187 ], [ 16.183789328115097, 46.918112646281656 ], [ 16.184000999746445, 46.918482999690752 ], [ 16.184493946938119, 46.918929297249349 ], [ 16.184601161414548, 46.919026365574439 ], [ 16.184649268848659, 46.919069922439064 ], [ 16.184659151498749, 46.919078869794077 ], [ 16.185417000294365, 46.91976500035463 ], [ 16.185594997711007, 46.920047498992972 ], [ 16.185602130234201, 46.920058818759628 ], [ 16.188399709778935, 46.924498840049409 ], [ 16.188438280802131, 46.924560055102575 ], [ 16.189538999725244, 46.926306999868302 ], [ 16.192511000082675, 46.931310000356291 ], [ 16.192609000105392, 46.931486000378698 ], [ 16.193258000356593, 46.933059000072944 ], [ 16.193605000170749, 46.933970999861856 ], [ 16.193712999755292, 46.935191000364455 ], [ 16.193705000285604, 46.935460000179035 ], [ 16.195053038167259, 46.937439947595522 ], [ 16.195119473784814, 46.937537525836319 ], [ 16.195222450655763, 46.937688774717287 ], [ 16.195237217523641, 46.937710463667145 ], [ 16.196153999907153, 46.939056999680815 ], [ 16.196292896600085, 46.939156367572366 ], [ 16.19633675833478, 46.939187746717323 ], [ 16.197515529418183, 46.940031058986222 ], [ 16.197583326609333, 46.94007956212215 ], [ 16.198031232155756, 46.940400000459704 ], [ 16.198047140263441, 46.940411381380272 ], [ 16.199733639795681, 46.941617928025096 ], [ 16.199755904311587, 46.941633855917871 ], [ 16.199949000446054, 46.941771999877972 ], [ 16.203184991394323, 46.942190117180132 ], [ 16.203212624862829, 46.942193687488839 ], [ 16.203535191895639, 46.942235365669717 ], [ 16.204344999921943, 46.942339999991191 ], [ 16.205924647404629, 46.942529213752323 ], [ 16.205997999708075, 46.942538000128707 ], [ 16.206272261455808, 46.942127738404565 ], [ 16.206294489099491, 46.942094488669909 ], [ 16.206726000004892, 46.941449000271177 ], [ 16.206804000004638, 46.941293000271912 ], [ 16.210599999690203, 46.940634275651462 ], [ 16.210608078300197, 46.940632873608365 ], [ 16.211525822958436, 46.940473616264512 ], [ 16.211526501946651, 46.940473498453343 ], [ 16.211587000239945, 46.940462999767703 ], [ 16.212311996801247, 46.940244798159085 ], [ 16.212352754076505, 46.940232532305686 ], [ 16.21375153710386, 46.939811541669371 ], [ 16.213952231610392, 46.939751138704253 ], [ 16.215573811782008, 46.939263093716875 ], [ 16.215587341182925, 46.939259021586736 ], [ 16.216115709072767, 46.939099999865221 ], [ 16.216212300757149, 46.939070929279978 ], [ 16.216232000406535, 46.939065000049766 ], [ 16.217551000078686, 46.936413000059986 ], [ 16.217596537250358, 46.936389609592993 ], [ 16.217604614961147, 46.936385461020336 ], [ 16.218333446231668, 46.936011092138301 ], [ 16.21840898568621, 46.935972290888628 ], [ 16.218502999913539, 46.935923999992724 ], [ 16.218683840087294, 46.935905386724301 ], [ 16.218843182866635, 46.93588898578821 ], [ 16.221235785103488, 46.935642722633645 ], [ 16.221415049664927, 46.935624271243171 ], [ 16.221612000293703, 46.935603999625016 ], [ 16.221683384880464, 46.935599999440456 ], [ 16.221959582868521, 46.935584523007321 ], [ 16.222076000107393, 46.935578000224666 ], [ 16.222631999667215, 46.935780999693463 ], [ 16.222783000335369, 46.935940999877403 ], [ 16.223136999572887, 46.937415000402098 ], [ 16.225150999818766, 46.939808000139124 ], [ 16.225201816910442, 46.939829091039883 ], [ 16.225345087905509, 46.939888553314063 ], [ 16.226677169116215, 46.940441406146022 ], [ 16.226728266796044, 46.940462613059253 ], [ 16.228847369910227, 46.941342104154842 ], [ 16.228888893407714, 46.941359337863332 ], [ 16.228969999665821, 46.941393000386768 ], [ 16.229046892600138, 46.941445661088551 ], [ 16.229051311868659, 46.941448688206492 ], [ 16.231180126761558, 46.942906624141472 ], [ 16.231215980932916, 46.942931179230641 ], [ 16.231406999633293, 46.943062000011309 ], [ 16.234134000383847, 46.945210000141458 ], [ 16.237622000255215, 46.946938999835083 ], [ 16.237893000161989, 46.947045000226638 ], [ 16.238073292648323, 46.947091097676093 ], [ 16.238575480374209, 46.94721949748191 ], [ 16.238773000273852, 46.947269999810771 ], [ 16.239262000341171, 46.947353000040948 ], [ 16.239661999901557, 46.947322999556889 ], [ 16.240165999761189, 46.947194999949375 ], [ 16.240631999667073, 46.947014999742635 ], [ 16.240843000404311, 46.946811000227569 ], [ 16.241701000400838, 46.946559000297668 ], [ 16.242079515157627, 46.946492774222179 ], [ 16.242609761731217, 46.94639999926062 ], [ 16.244179833232806, 46.946125295046386 ], [ 16.244217252224473, 46.946118747981984 ], [ 16.244432999583296, 46.94608099983833 ], [ 16.244440527808251, 46.946086491098754 ], [ 16.244582957037892, 46.946190373587001 ], [ 16.245256999810806, 46.946681999674581 ], [ 16.245582913221028, 46.947214079066669 ], [ 16.245767883980818, 46.947516057919756 ], [ 16.246841711375964, 46.949269164840189 ], [ 16.246869837672989, 46.94931508242513 ], [ 16.246877964846249, 46.949328351022757 ], [ 16.246879923569736, 46.949331549011845 ], [ 16.246889999573966, 46.949348000310124 ], [ 16.244529490543584, 46.953206586514796 ], [ 16.243985999654285, 46.954094999784502 ], [ 16.242790000258424, 46.95600299963877 ], [ 16.245125869663184, 46.957787440737832 ], [ 16.24718699978024, 46.959361999856469 ], [ 16.249724999908892, 46.961286999595472 ], [ 16.254951999934917, 46.963985999953991 ], [ 16.255877314186819, 46.964012037125883 ], [ 16.255908067403482, 46.964012902273794 ], [ 16.259279677015627, 46.964107774454305 ], [ 16.259339641111524, 46.964109460683062 ], [ 16.259826141063684, 46.964123151062552 ], [ 16.260033999569544, 46.964129000253195 ], [ 16.260505881041581, 46.964050762832585 ], [ 16.261165508581371, 46.963941398077111 ], [ 16.26276823896319, 46.963675667298389 ], [ 16.263489999763863, 46.963555999909488 ], [ 16.264544562781396, 46.963253216162968 ], [ 16.265120033562823, 46.963087988220195 ], [ 16.265321999710636, 46.963029999934577 ], [ 16.26569086833905, 46.962888195733626 ], [ 16.266175492305251, 46.962701892178643 ], [ 16.266478564734086, 46.962585382309726 ], [ 16.266978999681271, 46.962393000236943 ], [ 16.267348594062526, 46.962217196266636 ], [ 16.268043239404108, 46.961886776353708 ], [ 16.268252999976028, 46.961787000170091 ], [ 16.269139197316292, 46.961307201965894 ], [ 16.269320081556657, 46.961209269392384 ], [ 16.269335851168762, 46.961200731228814 ], [ 16.269399999810162, 46.961166000310754 ], [ 16.273910206890719, 46.961844527103381 ], [ 16.274201988331129, 46.96188842301234 ], [ 16.27437199976805, 46.961913999731394 ], [ 16.27578499298312, 46.962428613389932 ], [ 16.276304999875947, 46.962617999820907 ], [ 16.276395202776371, 46.962666451695384 ], [ 16.276426537854547, 46.962683283406875 ], [ 16.276515414255016, 46.962731023018421 ], [ 16.276829999804818, 46.962900000234868 ], [ 16.277112000218779, 46.964154999653545 ], [ 16.277389560679808, 46.967210570411567 ], [ 16.277482044260921, 46.968228690202011 ], [ 16.277573999940273, 46.969241000371881 ], [ 16.27725599966476, 46.975307000417786 ], [ 16.276573999690356, 46.978779999597407 ], [ 16.276280833293981, 46.979879374933262 ], [ 16.275922000200239, 46.981224999933829 ], [ 16.27585099962397, 46.981886999885262 ], [ 16.275833214631291, 46.983767139641827 ], [ 16.275830933950601, 46.984008268566811 ], [ 16.275829999554901, 46.984106999738344 ], [ 16.275892355847645, 46.984403958575967 ], [ 16.275951999785093, 46.984687999551568 ], [ 16.276735606063482, 46.986411934263344 ], [ 16.276755151029477, 46.986454930850471 ], [ 16.277267000171889, 46.98758099986344 ], [ 16.277580000216801, 46.987802000162219 ], [ 16.27798299991548, 46.987983999562118 ], [ 16.278684999912798, 46.98819300020682 ], [ 16.279296000210309, 46.988712999905204 ], [ 16.280038000253569, 46.989558000201612 ], [ 16.28373199973214, 46.997519000401667 ], [ 16.282861000035211, 46.998222000445082 ], [ 16.281950000292397, 46.999236000441215 ], [ 16.281962999992572, 47.000225000183775 ], [ 16.282115232731883, 47.000826657424398 ], [ 16.282118113260367, 47.000838039244172 ], [ 16.282496394193345, 47.002333091099274 ], [ 16.282549000036397, 47.002540999967209 ], [ 16.282635055263711, 47.002880438281636 ], [ 16.282783000035522, 47.003464000263477 ], [ 16.282993999873213, 47.00417499977641 ], [ 16.283434000378918, 47.004935999796601 ], [ 16.284121720940675, 47.006075760088436 ], [ 16.284311196404644, 47.00638977726652 ], [ 16.28634598717764, 47.009762040685814 ], [ 16.286461180439176, 47.009952952366916 ], [ 16.287028999788561, 47.010894000257906 ], [ 16.287410000271279, 47.011365000394619 ], [ 16.287545785309817, 47.011527943160218 ], [ 16.287634998956207, 47.01163499935592 ], [ 16.288744163412503, 47.012965996883395 ], [ 16.288839999666266, 47.013081000387899 ], [ 16.289025000103834, 47.013252000179818 ], [ 16.289274321852474, 47.013460236400817 ], [ 16.289559000447696, 47.013698000062732 ], [ 16.289774247783384, 47.013788477256469 ], [ 16.289798794778733, 47.013798795178445 ], [ 16.290148999776704, 47.013945999808072 ], [ 16.292278001728505, 47.013945999808072 ], [ 16.292337999998892, 47.013945999808072 ], [ 16.292354448599042, 47.013935079340513 ], [ 16.292610818334595, 47.013764861059656 ], [ 16.292654775397693, 47.013735675361318 ], [ 16.292855764881722, 47.013602227660783 ], [ 16.29433280691353, 47.012621538553276 ], [ 16.294344258880585, 47.01261393478535 ], [ 16.294796000035433, 47.01231400009101 ], [ 16.295274306264389, 47.011984104482963 ], [ 16.295289890615948, 47.011973355785926 ], [ 16.295359999964148, 47.011925000138774 ], [ 16.298789999858741, 47.009397999618102 ], [ 16.299361000110082, 47.008655000428121 ], [ 16.299334277654907, 47.008519818834543 ], [ 16.299331040095524, 47.00850343858292 ], [ 16.299327000340895, 47.008482999690727 ], [ 16.299287000294953, 47.008323000406335 ], [ 16.298719000181848, 47.006499999975176 ], [ 16.298556999905713, 47.005861000185064 ], [ 16.298318999722085, 47.004700999751378 ], [ 16.298261999791634, 47.004401000306018 ], [ 16.298248000045191, 47.004214999822352 ], [ 16.298219999653327, 47.002672999759284 ], [ 16.298248000045191, 47.001973999900201 ], [ 16.298304999975812, 47.001517000409308 ], [ 16.298462000021345, 47.001230999810844 ], [ 16.299381000133053, 47.000156999745798 ], [ 16.299999999900251, 46.999578000024712 ], [ 16.302083999776926, 46.998318000375548 ], [ 16.302902999773607, 46.998164999615085 ], [ 16.30423500004531, 46.998126999661281 ] ] ], [ [ [ 21.85046480880402, 47.221876701448593 ], [ 21.853161175048228, 47.221124379886248 ], [ 21.853248553178219, 47.221099999265675 ], [ 21.853348377026066, 47.221072147261964 ], [ 21.853619481254213, 47.220996506183837 ], [ 21.853680311397284, 47.220979534178355 ], [ 21.853710469262808, 47.220971119221815 ], [ 21.856108099609173, 47.220302149524741 ], [ 21.856473211769412, 47.22020027792064 ], [ 21.85661012275915, 47.220162078317344 ], [ 21.858114994311677, 47.219742199243228 ], [ 21.85815256169144, 47.219731716745514 ], [ 21.858152613852212, 47.219731703255491 ], [ 21.858320000167851, 47.219685000562436 ], [ 21.859273633171711, 47.212292009468797 ], [ 21.860226999976248, 47.20489900038865 ], [ 21.858558000351536, 47.189399000563526 ], [ 21.858358744760324, 47.189268713080651 ], [ 21.858286962673162, 47.18922177746316 ], [ 21.858274274138523, 47.18921348031796 ], [ 21.856937681029251, 47.188339520952297 ], [ 21.852636934147256, 47.185527386779654 ], [ 21.852618241738583, 47.185515164993035 ], [ 21.852551056086497, 47.185471234010436 ], [ 21.852358000421532, 47.185344999772099 ], [ 21.84687300018885, 47.18272100017407 ], [ 21.839003999734928, 47.175806000546572 ], [ 21.830895999950485, 47.178190999914875 ], [ 21.830713248717529, 47.178039747436401 ], [ 21.830616631852251, 47.177959782418156 ], [ 21.830538131829428, 47.177894811796193 ], [ 21.82543820780711, 47.173673879745934 ], [ 21.825274136392352, 47.173538087512839 ], [ 21.825227209768002, 47.173499249390943 ], [ 21.823980000276947, 47.172467000351844 ], [ 21.81992884583957, 47.172467000351844 ], [ 21.819414750190674, 47.172467000351844 ], [ 21.81727799968013, 47.172467000351844 ], [ 21.817236037313364, 47.172467000351844 ], [ 21.817183887426495, 47.172467000351844 ], [ 21.815634000308989, 47.172467000351844 ], [ 21.812329187841726, 47.165758920338078 ], [ 21.812295054972935, 47.165689639265622 ], [ 21.812284970874771, 47.165669171595027 ], [ 21.811698409654014, 47.164478573527447 ], [ 21.81009270881151, 47.161218298185986 ], [ 21.809989186052064, 47.161008101442803 ], [ 21.809921824133028, 47.160871326250742 ], [ 21.807763999808799, 47.156490000113479 ], [ 21.80701784579702, 47.153844415887079 ], [ 21.806882802699249, 47.153365606037937 ], [ 21.806758636901748, 47.152925360017491 ], [ 21.806452386268745, 47.151839509585841 ], [ 21.805141000257038, 47.147189000172375 ], [ 21.80180200006231, 47.140274000544707 ], [ 21.800673374276926, 47.137112520226822 ], [ 21.800672210554126, 47.137109262882234 ], [ 21.800666233659797, 47.137092519304474 ], [ 21.800609999951575, 47.136935000350149 ], [ 21.802184185851615, 47.13536081445011 ], [ 21.80221053598757, 47.135334464314212 ], [ 21.802225874824444, 47.135319125477338 ], [ 21.802278999576345, 47.135265999826061 ], [ 21.801553756600583, 47.134250599585584 ], [ 21.801392437111474, 47.134024737551783 ], [ 21.801334759091958, 47.133943983827862 ], [ 21.797509999986573, 47.128589000382249 ], [ 21.79707142940299, 47.1281942861375 ], [ 21.79704689230033, 47.128172203284578 ], [ 21.796937362968947, 47.128073625897287 ], [ 21.792740000350761, 47.124296000260244 ], [ 21.791888944918981, 47.120466547593139 ], [ 21.791882108272716, 47.120435784483902 ], [ 21.791877256430382, 47.120413950743398 ], [ 21.791573816178811, 47.119048579328535 ], [ 21.79157238355873, 47.119042137484655 ], [ 21.791557115768342, 47.11897343557564 ], [ 21.791309000010529, 47.117857000100514 ], [ 21.791309000010529, 47.115872759320496 ], [ 21.791309000010529, 47.115863667174608 ], [ 21.791309000010529, 47.115852406763338 ], [ 21.791309000010529, 47.114922000549939 ], [ 21.791309000010529, 47.114906613149799 ], [ 21.791309000010529, 47.114863551811652 ], [ 21.791309000010529, 47.113565000024835 ], [ 21.791383493553383, 47.111929558602355 ], [ 21.791383796625098, 47.111922901820606 ], [ 21.791481246262606, 47.109783517195751 ], [ 21.791482623124637, 47.109753279290601 ], [ 21.791485962307434, 47.109679976449797 ], [ 21.791522196892004, 47.108884484731277 ], [ 21.791523694263105, 47.108851618107735 ], [ 21.791524016220535, 47.108844544040494 ], [ 21.791548000240084, 47.108317999975839 ], [ 21.791375057912774, 47.107194058758921 ], [ 21.791191327317961, 47.106000000100039 ], [ 21.791186386442689, 47.105967892504339 ], [ 21.791183311660632, 47.105947914065155 ], [ 21.791070999826843, 47.105218000010836 ], [ 21.78224700029881, 47.107365000094831 ], [ 21.780209756175395, 47.107717574806315 ], [ 21.780018352565094, 47.107750700434622 ], [ 21.779972889137582, 47.107758568603117 ], [ 21.769847000438858, 47.109511000132613 ], [ 21.764213344070754, 47.107724733409782 ], [ 21.764186169256391, 47.107716117005339 ], [ 21.763970508232376, 47.107647737053469 ], [ 21.760070000130497, 47.106411000167611 ], [ 21.749099999665304, 47.10378800061585 ], [ 21.737177000218537, 47.100449000421122 ], [ 21.726777672651622, 47.09796245230541 ], [ 21.726206999753344, 47.097825999969928 ], [ 21.725300271790275, 47.096900544524487 ], [ 21.725254981931982, 47.096854319371403 ], [ 21.725196247209112, 47.096794371463261 ], [ 21.721674122562774, 47.093199498857757 ], [ 21.72165023387123, 47.093175117337864 ], [ 21.721648473898085, 47.093173321391703 ], [ 21.72095261896834, 47.092463093497088 ], [ 21.720945810201101, 47.09245614353631 ], [ 21.720913217870816, 47.092422878513219 ], [ 21.720482874285324, 47.091983646028496 ], [ 21.719825951906273, 47.091312976612699 ], [ 21.719822080324832, 47.091309022293672 ], [ 21.719756725692378, 47.091242299792384 ], [ 21.719737090794183, 47.091222256602009 ], [ 21.719684053276524, 47.091168108421641 ], [ 21.719618648282051, 47.091101333759582 ], [ 21.719078715110641, 47.090550100606777 ], [ 21.719058093656201, 47.09052904747773 ], [ 21.719010325266424, 47.090480279041685 ], [ 21.718065425579084, 47.089515604161988 ], [ 21.718037398207514, 47.0894869895331 ], [ 21.71803070815082, 47.089480159182074 ], [ 21.714759999774344, 47.086140999807469 ], [ 21.714523655242658, 47.08454579315395 ], [ 21.714519143343921, 47.084515342109398 ], [ 21.714515378781755, 47.084489936261662 ], [ 21.713805999847125, 47.079702000546945 ], [ 21.71385889167459, 47.079525692057132 ], [ 21.713867705929999, 47.079496311205787 ], [ 21.713876257583252, 47.079467806294304 ], [ 21.715237000187585, 47.074932000011927 ], [ 21.712784266580741, 47.073337646815048 ], [ 21.712647227887317, 47.073248567167752 ], [ 21.712528540759649, 47.073171417027254 ], [ 21.710467999698494, 47.071832000046925 ], [ 21.709064774919455, 47.071721284509749 ], [ 21.709038799800851, 47.071719234954912 ], [ 21.708964544578237, 47.071713375871752 ], [ 21.70782170410854, 47.071623206245988 ], [ 21.707810834902205, 47.071622348292806 ], [ 21.707792629026642, 47.071620912075446 ], [ 21.705344490056348, 47.071427751189958 ], [ 21.705326316556295, 47.071426316771124 ], [ 21.705257987865821, 47.071420926234794 ], [ 21.701405999986946, 47.071117000349432 ], [ 21.700928999573762, 47.067778000154703 ], [ 21.704245668702754, 47.063217253873233 ], [ 21.704283818843237, 47.063164794619581 ], [ 21.704284689387066, 47.063163597622065 ], [ 21.704744000135577, 47.062532000151748 ], [ 21.700763462264035, 47.062069272878716 ], [ 21.700678023072498, 47.062059340766154 ], [ 21.700676799095106, 47.062059199572445 ], [ 21.694490000313408, 47.061340000041071 ], [ 21.696890811561843, 47.057847244554807 ], [ 21.696926581196919, 47.057795207083245 ], [ 21.696932419595669, 47.05778671208725 ], [ 21.697112999865169, 47.057524000332478 ], [ 21.688860494316543, 47.055135308347985 ], [ 21.688845659099968, 47.055131014085077 ], [ 21.688842711122277, 47.055130161527757 ], [ 21.688051000153678, 47.05490099988134 ], [ 21.686367031313523, 47.052721893100966 ], [ 21.686332519830103, 47.052677235466206 ], [ 21.686327914401886, 47.052671273860255 ], [ 21.6839970002614, 47.049654999878385 ], [ 21.683374359139464, 47.048739315567104 ], [ 21.683346943306844, 47.048698995362486 ], [ 21.683255771836457, 47.04856491543859 ], [ 21.680663577662131, 47.044752716265009 ], [ 21.680633412601992, 47.044708353607632 ], [ 21.680616228356314, 47.04468308085967 ], [ 21.679943000369178, 47.043693000131896 ], [ 21.671358000171722, 47.04417000054525 ], [ 21.663744253394668, 47.042629960104648 ], [ 21.663662551785421, 47.042613434162831 ], [ 21.663500927425844, 47.042580742007715 ], [ 21.654483254398713, 47.040756728040606 ], [ 21.654392824869092, 47.040738437628931 ], [ 21.654281079608211, 47.040715834068521 ], [ 21.650133999884304, 47.039877000423303 ], [ 21.651002782752357, 47.032710906483203 ], [ 21.651003316050378, 47.032706513295125 ], [ 21.651012568275519, 47.032630200423569 ], [ 21.651087999811352, 47.03200799996938 ], [ 21.656573000044034, 47.024377000598122 ], [ 21.659042987144232, 47.022442986954331 ], [ 21.658200000429645, 47.021600000239914 ], [ 21.657599999740341, 47.021199999780322 ], [ 21.652099999715347, 47.018899999835185 ], [ 21.65010000011489, 47.018500000274969 ], [ 21.641999999800191, 47.017700000254933 ], [ 21.641400000010037, 47.021799999570476 ], [ 21.639900000085049, 47.025199999880215 ], [ 21.634799999620441, 47.024199999630468 ], [ 21.628499999575411, 47.021299999895177 ], [ 21.627400000110072, 47.020499999875199 ], [ 21.62259999999003, 47.014199999830169 ], [ 21.623400000010179, 47.007699999555427 ], [ 21.618300000444776, 47.005100000164873 ], [ 21.603499999625399, 46.998200000329916 ], [ 21.595600000439731, 46.997300000194912 ], [ 21.591199999880132, 46.997400000309938 ], [ 21.575100000264854, 46.998900000234926 ], [ 21.566799999720388, 46.999399999910167 ], [ 21.557399999710356, 46.988999999650446 ], [ 21.55359999984023, 46.978400000059992 ], [ 21.562799999620324, 46.961799999870266 ], [ 21.552699999705339, 46.95970000015501 ], [ 21.549300000294807, 46.959399999810273 ], [ 21.547700000254963, 46.959499999925129 ], [ 21.544899999735321, 46.96070000040487 ], [ 21.543299999695307, 46.961099999965143 ], [ 21.539399999710326, 46.961500000424735 ], [ 21.538300000244931, 46.960799999620349 ], [ 21.53539999961032, 46.957799999770259 ], [ 21.53469999970531, 46.955499999825236 ], [ 21.534599999590455, 46.95440000035984 ], [ 21.521200000379793, 46.953600000339861 ], [ 21.51180000036976, 46.953799999670366 ], [ 21.499399999610432, 46.949799999570359 ], [ 21.489100000364886, 46.943599999640355 ], [ 21.486199999730275, 46.941700000154981 ], [ 21.484499999575405, 46.941399999810244 ], [ 21.483400000110009, 46.941399999810244 ], [ 21.47900000044973, 46.941499999925099 ], [ 21.476799999720242, 46.942299999945078 ], [ 21.472099999715397, 46.949299999895061 ], [ 21.443500000124914, 46.956399999960126 ], [ 21.423400000409799, 46.943099999965114 ], [ 21.425400000010029, 46.95100000004993 ], [ 21.430200000129901, 46.957400000209987 ], [ 21.442499999875224, 46.958699999905264 ], [ 21.438599999890243, 46.97090000043471 ], [ 21.425099999665292, 46.968899999935104 ], [ 21.420900000234951, 46.974700000304892 ], [ 21.417700000154923, 46.975899999885144 ], [ 21.414999999750307, 46.976499999675411 ], [ 21.408200000030035, 46.976900000135004 ], [ 21.407099999665263, 46.976900000135004 ], [ 21.394900000035022, 46.977100000364885 ], [ 21.368600000389733, 46.978999999850089 ], [ 21.355000000050154, 46.980700000005186 ], [ 21.342299999845238, 46.984700000105022 ], [ 21.320299999745316, 46.991299999595412 ], [ 21.29170000015506, 46.999099999565431 ], [ 21.259800000369694, 47.00810000001502 ], [ 21.25260000019, 47.009299999595441 ], [ 21.247100000165005, 47.00980000017006 ], [ 21.238500000174952, 47.016900000234955 ], [ 21.233100000264983, 47.023100000164902 ], [ 21.233800000169992, 47.026100000015049 ], [ 21.235099999865213, 47.030599999790184 ], [ 21.239200000080132, 47.034700000005046 ], [ 21.240399999660383, 47.037400000409832 ], [ 21.23899999985025, 47.044699999805232 ], [ 21.237000000249793, 47.049299999695336 ], [ 21.235400000210007, 47.050400000060108 ], [ 21.23269999980522, 47.054300000045089 ], [ 21.231799999670329, 47.057700000354828 ], [ 21.231799999670329, 47.059300000394671 ], [ 21.231799999670329, 47.059599999840259 ], [ 21.23240000035986, 47.060000000299851 ], [ 21.241500000025098, 47.063700000055121 ], [ 21.288500000075032, 47.081800000170006 ], [ 21.29539999991016, 47.086600000289877 ], [ 21.295700000254897, 47.092700000105026 ], [ 21.294200000329738, 47.098799999920175 ], [ 21.29270000040475, 47.102300000344769 ], [ 21.296799999720292, 47.106000000100039 ], [ 21.30360000033977, 47.109300000294922 ], [ 21.305299999595434, 47.110000000199875 ], [ 21.304400000359806, 47.114199999630443 ], [ 21.301300000394804, 47.121199999580426 ], [ 21.297200000180055, 47.129600000239918 ], [ 21.295600000140041, 47.129999999800191 ], [ 21.293899999985172, 47.131200000279932 ], [ 21.300899999935211, 47.150900000434831 ], [ 21.30600000039982, 47.151500000224985 ], [ 21.319800000070074, 47.148200000030101 ], [ 21.336400000259971, 47.144500000274775 ], [ 21.347500000424702, 47.143099999565493 ], [ 21.358699999805253, 47.143999999700327 ], [ 21.380499999675408, 47.158400000060112 ], [ 21.397099999865134, 47.168000000299855 ], [ 21.398300000344932, 47.169500000225014 ], [ 21.398800000020174, 47.180500000274833 ], [ 21.398100000115051, 47.190399999960107 ], [ 21.398300000344932, 47.193499999925109 ], [ 21.403000000349778, 47.199499999625402 ], [ 21.409900000184905, 47.203499999725238 ], [ 21.408200000030035, 47.215399999910176 ], [ 21.413599999940175, 47.223299999994993 ], [ 21.413200000379788, 47.227500000324937 ], [ 21.406000000199924, 47.240999999650285 ], [ 21.392100000414757, 47.243900000284953 ], [ 21.392399999860118, 47.251099999565497 ], [ 21.390200000030006, 47.264100000114922 ], [ 21.389299999895115, 47.269500000025118 ], [ 21.389299999895115, 47.269899999585505 ], [ 21.391100000165068, 47.271400000409869 ], [ 21.400299999945162, 47.277600000339874 ], [ 21.406700000105047, 47.283999999600383 ], [ 21.407899999685299, 47.28550000042469 ], [ 21.410299999745291, 47.287700000254858 ], [ 21.412599999690315, 47.288799999720197 ], [ 21.4154000002099, 47.289499999625377 ], [ 21.420399999660276, 47.289799999970114 ], [ 21.428199999630465, 47.287299999795266 ], [ 21.439399999910222, 47.287500000025148 ], [ 21.443799999570501, 47.287399999910122 ], [ 21.445399999610345, 47.285099999965098 ], [ 21.445399999610345, 47.284700000404882 ], [ 21.44649999997506, 47.283199999580347 ], [ 21.448100000015074, 47.282399999560369 ], [ 21.45089999963534, 47.281500000324854 ], [ 21.451400000209958, 47.281500000324854 ], [ 21.454199999830223, 47.281500000324854 ], [ 21.455300000194995, 47.281500000324854 ], [ 21.462200000030123, 47.284700000404882 ], [ 21.462300000144978, 47.286300000444726 ], [ 21.464600000089945, 47.288099999815245 ], [ 21.474100000215003, 47.287500000025148 ], [ 21.480200000030152, 47.287399999910122 ], [ 21.483600000339891, 47.288099999815245 ], [ 21.479400000010116, 47.293900000185033 ], [ 21.476899999835268, 47.299699999655388 ], [ 21.470599999790238, 47.309700000354894 ], [ 21.463699999955111, 47.318599999790308 ], [ 21.462699999705364, 47.319800000269879 ], [ 21.460499999875253, 47.321300000195038 ], [ 21.456700000005128, 47.323299999795324 ], [ 21.450099999615361, 47.326100000314909 ], [ 21.44459999959048, 47.328500000374788 ], [ 21.440799999720355, 47.331299999994997 ], [ 21.439199999680341, 47.332499999575418 ], [ 21.438599999890243, 47.333599999940191 ], [ 21.442299999645343, 47.340000000100076 ], [ 21.449900000284799, 47.347499999725301 ], [ 21.46640000035984, 47.351700000055075 ], [ 21.482900000434711, 47.357400000309951 ], [ 21.498300000145036, 47.364400000259991 ], [ 21.51379999996999, 47.371300000095118 ], [ 21.5172000002799, 47.372699999905251 ], [ 21.518399999860151, 47.373399999810204 ], [ 21.523099999865167, 47.377500000025123 ], [ 21.524300000344795, 47.378999999950054 ], [ 21.525399999810134, 47.380499999875212 ], [ 21.526199999830169, 47.384700000204987 ], [ 21.52640000006005, 47.388099999615349 ], [ 21.527599999640302, 47.3900000000001 ], [ 21.529299999795342, 47.391499999925088 ], [ 21.536900000434798, 47.397799999970118 ], [ 21.543700000154956, 47.399600000240014 ], [ 21.547800000369818, 47.402900000434727 ], [ 21.549599999740337, 47.404799999920101 ], [ 21.558399999960102, 47.414099999815278 ], [ 21.552300000144953, 47.415799999970147 ], [ 21.547600000139937, 47.422300000244888 ], [ 21.549799999970048, 47.432999999950141 ], [ 21.552599999590484, 47.433300000294935 ], [ 21.556599999690377, 47.433599999740295 ], [ 21.56890000033485, 47.433699999855151 ], [ 21.572900000434686, 47.434700000105011 ], [ 21.580899999735209, 47.437200000279915 ], [ 21.59739999981025, 47.442999999750327 ], [ 21.603200000180038, 47.446600000289948 ], [ 21.607900000184884, 47.44999999970031 ], [ 21.610799999920175, 47.453299999895194 ], [ 21.617099999965149, 47.455100000164919 ], [ 21.623299999895153, 47.456100000414779 ], [ 21.627799999670287, 47.456399999860196 ], [ 21.630099999615425, 47.45629999974534 ], [ 21.635200000080033, 47.456600000090077 ], [ 21.64250000037481, 47.457199999880174 ], [ 21.648099999615283, 47.457799999670328 ], [ 21.656600000389801, 47.458799999920188 ], [ 21.658800000219969, 47.458699999805333 ], [ 21.673299999795233, 47.455399999610449 ], [ 21.674899999835247, 47.453799999570435 ], [ 21.678500000374868, 47.446899999735308 ], [ 21.680399999860242, 47.440699999805304 ], [ 21.68090000043486, 47.438800000319929 ], [ 21.681199999880278, 47.433100000064996 ], [ 21.681099999765195, 47.431000000349911 ], [ 21.68090000043486, 47.427700000155028 ], [ 21.682400000359848, 47.424999999750298 ], [ 21.685300000094969, 47.425400000209891 ], [ 21.687600000039936, 47.427999999600388 ], [ 21.689400000309831, 47.430200000329933 ], [ 21.690100000215011, 47.431299999795272 ], [ 21.690100000215011, 47.432899999835115 ], [ 21.696400000259871, 47.434299999645418 ], [ 21.705900000384702, 47.434800000219866 ], [ 21.719399999710276, 47.434900000334721 ], [ 21.724500000175055, 47.435099999665283 ], [ 21.737599999940187, 47.438299999745311 ], [ 21.752299999745333, 47.440200000130062 ], [ 21.765799999970056, 47.441399999710313 ], [ 21.767999999800168, 47.441299999595458 ], [ 21.770299999745362, 47.44170000005505 ], [ 21.773100000264776, 47.442399999960173 ], [ 21.777700000154937, 47.443799999770306 ], [ 21.781199999680382, 47.445600000040031 ], [ 21.78929999999508, 47.450400000160073 ], [ 21.807699999555382, 47.469400000409848 ], [ 21.809800000170014, 47.467000000349799 ], [ 21.813100000364898, 47.464999999850193 ], [ 21.815799999870137, 47.464199999830157 ], [ 21.829199999980176, 47.46160000043983 ], [ 21.834800000120026, 47.461099999865212 ], [ 21.832999999850301, 47.459599999940224 ], [ 21.830699999905164, 47.457400000110056 ], [ 21.827700000055017, 47.453999999800317 ], [ 21.827000000150008, 47.45169999985518 ], [ 21.826200000130029, 47.448300000444817 ], [ 21.826200000130029, 47.447200000080045 ], [ 21.828700000304877, 47.440699999805304 ], [ 21.840400000259933, 47.440699999805304 ], [ 21.839899999685258, 47.441900000284932 ], [ 21.850199999830181, 47.443899999885161 ], [ 21.853899999585451, 47.440400000359773 ], [ 21.854899999835141, 47.43810000041475 ], [ 21.856399999760299, 47.434299999645418 ], [ 21.858400000259962, 47.43080000012003 ], [ 21.866100000115068, 47.437499999725276 ], [ 21.878399999860221, 47.449600000139867 ], [ 21.890500000274983, 47.453199999780338 ], [ 21.9020000000001, 47.447200000080045 ], [ 21.905500000424865, 47.450199999930192 ], [ 21.906800000119972, 47.452499999875158 ], [ 21.908699999605346, 47.455800000070042 ], [ 21.911000000449746, 47.458499999575452 ], [ 21.915400000109969, 47.456399999860196 ], [ 21.933899999785297, 47.444900000135078 ], [ 21.935900000284903, 47.440699999805304 ], [ 21.942499999775293, 47.427199999580409 ], [ 21.9445000002749, 47.424099999615407 ], [ 21.947700000354757, 47.420199999630427 ], [ 21.949900000184869, 47.419399999610391 ], [ 21.955799999770306, 47.414999999950112 ], [ 21.95739999981032, 47.413500000024953 ], [ 21.953800000169906, 47.41089999973525 ], [ 21.95279999992016, 47.410199999830297 ], [ 21.948099999915144, 47.406099999615378 ], [ 21.957000000249934, 47.394800000119972 ], [ 21.957999999600418, 47.393599999640344 ], [ 21.960599999890178, 47.38899999975024 ], [ 21.961185528689327, 47.380476461919272 ], [ 21.960700000005033, 47.379921572122953 ], [ 21.959659542853672, 47.378732478621089 ], [ 21.959237082725281, 47.378249666788804 ], [ 21.959201210567585, 47.378208670294043 ], [ 21.958000999646515, 47.376837000027592 ], [ 21.95599628580004, 47.376065832272388 ], [ 21.955764688789486, 47.375976741833142 ], [ 21.954951692666612, 47.375664000793165 ], [ 21.952185737781576, 47.374600001189208 ], [ 21.952083331081042, 47.374560607286298 ], [ 21.952082193438514, 47.374560169316453 ], [ 21.95180099971634, 47.37445199976014 ], [ 21.951333319876994, 47.374502563242743 ], [ 21.951290395235731, 47.374507203744599 ], [ 21.945290581695133, 47.375155869448008 ], [ 21.945197723995818, 47.375165908579845 ], [ 21.945183000295344, 47.375167500379916 ], [ 21.942977000188478, 47.375406000586565 ], [ 21.941195256156163, 47.373833899315173 ], [ 21.941131806287899, 47.373777913819822 ], [ 21.941120339032466, 47.37376779734609 ], [ 21.938923000296256, 47.371829000208322 ], [ 21.938747984132249, 47.370953628007669 ], [ 21.938735905337921, 47.37089321335128 ], [ 21.938716113058263, 47.370794219577704 ], [ 21.937813456325955, 47.366279418760257 ], [ 21.937760349560563, 47.366013800396672 ], [ 21.937756779252084, 47.365995939860909 ], [ 21.937731000185579, 47.365867000461833 ], [ 21.937010666609126, 47.364934867550176 ], [ 21.936912870732499, 47.364808315851064 ], [ 21.936881711022295, 47.36476799384792 ], [ 21.931041538836098, 47.35721063276452 ], [ 21.930888985937941, 47.357013224380978 ], [ 21.93080389928059, 47.356903119483547 ], [ 21.929623000401307, 47.355375000455922 ], [ 21.925330000279303, 47.351321000563701 ], [ 21.923372937910813, 47.347015136539426 ], [ 21.923344981585728, 47.346953627408141 ], [ 21.92333124084422, 47.346923394898852 ], [ 21.921752999901116, 47.343451000063737 ], [ 21.917938000238621, 47.337251000133733 ], [ 21.917581911875914, 47.336855371278546 ], [ 21.917513092155502, 47.336778910018836 ], [ 21.917476494244852, 47.336738246273228 ], [ 21.914210804984691, 47.333109930578928 ], [ 21.914194663952685, 47.333091997198096 ], [ 21.913374820391823, 47.332181115266451 ], [ 21.913336376172992, 47.332138401965778 ], [ 21.911499000078891, 47.33009700027651 ], [ 21.907823235254284, 47.327286228576668 ], [ 21.907821159619004, 47.327284641273252 ], [ 21.907805173270219, 47.327272415889297 ], [ 21.907445000186669, 47.326997000311508 ], [ 21.901245000256665, 47.3212729998491 ], [ 21.895044000280393, 47.316980999773421 ], [ 21.894089914018309, 47.312211506455924 ], [ 21.893136000426125, 47.307442000548065 ], [ 21.891905081254549, 47.303378524499408 ], [ 21.891824373396219, 47.303112089551348 ], [ 21.89182211339994, 47.303104633272369 ], [ 21.890752000204714, 47.299572000047874 ], [ 21.889500000025123, 47.297645939108861 ], [ 21.889437017804255, 47.29754904795027 ], [ 21.889241495298847, 47.297248258000707 ], [ 21.888649270147823, 47.296337187211407 ], [ 21.887652000239711, 47.29480300045816 ], [ 21.887255313781793, 47.294208031475591 ], [ 21.887245936550755, 47.294193966078751 ], [ 21.887237118698181, 47.294180741548132 ], [ 21.885062500434231, 47.29091913790802 ], [ 21.885062349348118, 47.290918912178142 ], [ 21.885054200591071, 47.2909066912909 ], [ 21.884313000044983, 47.289794999739513 ], [ 21.881319867418085, 47.288493518860889 ], [ 21.881120532686623, 47.28840684400069 ], [ 21.880673096586179, 47.28821228916587 ], [ 21.87884302928245, 47.287416534845306 ], [ 21.878827999812472, 47.287410000371381 ], [ 21.878827999812472, 47.287405802336025 ], [ 21.878827999812472, 47.283953714192648 ], [ 21.878827999812472, 47.283924443958085 ], [ 21.878827999812472, 47.283917009262723 ], [ 21.878827999812472, 47.283356000479102 ], [ 21.880473444393942, 47.282309212999849 ], [ 21.880499917737154, 47.282292371396011 ], [ 21.880662295728541, 47.282189070769107 ], [ 21.884074999861525, 47.280018000330642 ], [ 21.884086057925288, 47.279924023874685 ], [ 21.884088083198606, 47.279906809951456 ], [ 21.884091612138207, 47.279876821158496 ], [ 21.885028999788574, 47.2719100005462 ], [ 21.88359800034749, 47.268333000168013 ], [ 21.881817825632311, 47.266866794966631 ], [ 21.881771318091921, 47.266828487444855 ], [ 21.881492156837623, 47.266598562273884 ], [ 21.881305618559622, 47.266444923894198 ], [ 21.881211729337906, 47.266367593889356 ], [ 21.881176660274718, 47.266338709464037 ], [ 21.879543999556063, 47.264993999973285 ], [ 21.879329876372879, 47.26494891605978 ], [ 21.879275988995857, 47.264937570212851 ], [ 21.875024747094585, 47.264042473181689 ], [ 21.875013000149806, 47.264040000046009 ], [ 21.874761020005167, 47.264022038786152 ], [ 21.874743768310339, 47.264020809412955 ], [ 21.874719046846508, 47.26401904674168 ], [ 21.871673999955249, 47.263801999862551 ], [ 21.86913973830832, 47.261134061188102 ], [ 21.869013740591697, 47.261001418380829 ], [ 21.868347262016641, 47.260299784407664 ], [ 21.868181188710935, 47.260124950806016 ], [ 21.867608522015701, 47.259522076782446 ], [ 21.867142999649843, 47.259032000226739 ], [ 21.865159153672039, 47.256236614128511 ], [ 21.864908515315904, 47.25588344586447 ], [ 21.864878837688252, 47.255841628288579 ], [ 21.861896999646888, 47.251640000185887 ], [ 21.856173000084027, 47.244724000512292 ], [ 21.853781623623092, 47.24078439618313 ], [ 21.853755796892642, 47.2407418483578 ], [ 21.853713222986983, 47.240671710231368 ], [ 21.852120000237903, 47.238047000169104 ], [ 21.850458288719096, 47.234280393025756 ], [ 21.850352551828905, 47.234040719203961 ], [ 21.850309039031117, 47.233942087857145 ], [ 21.848617299149225, 47.230107414625593 ], [ 21.848613112804969, 47.230097925878738 ], [ 21.848574217126497, 47.230009759942504 ], [ 21.84854299985966, 47.229939000384661 ], [ 21.848523749871219, 47.229833124998834 ], [ 21.848348749894967, 47.228870625578963 ], [ 21.847588999932441, 47.224692000335608 ], [ 21.848066000345682, 47.222546000297655 ], [ 21.849194080242683, 47.222231251071548 ], [ 21.84972308125532, 47.222083653437835 ], [ 21.85046480880402, 47.221876701448593 ] ] ] ] } }
]
}
